K,T,r,q,B,v0,theta,kappa,eta,rho,price,mc_se
112.91356263708664,1.9817319627304337,0.05751414020800886,0.027078157918256435,91.67170379282393,0.061603656647254486,0.14443582904470145,2.0669627106262536,0.6242103204571272,-0.7672053473441061,7.418150341215453,0.14744237546147124
78.13775211854605,0.530128161269515,0.039235613487991934,0.019870634303203752,74.50948050304105,0.12231591419173227,0.026716812281947624,2.533712822347531,0.6965206581796052,-0.1355684979592099,22.900309638369357,0.1321098546742486
89.21451473559488,1.057879579555773,0.07800293019756052,0.005526412732720668,68.82775657760241,0.0939708041938222,0.13682999184944095,1.7553028830539574,0.7067919973555528,-0.2571147440579181,22.11001061217723,0.19727958599697032
77.15531427064553,1.3683068579682403,0.03316741746418619,0.030277772417637905,74.19356554660534,0.05317157929613736,0.14678051177419968,0.5608593278319833,0.6255411634556644,-0.4074028325952143,23.2256457560598,0.1749616664131299
90.67377088486766,0.7367928131568988,0.06422997348979978,0.05098125800151707,89.09087090695117,0.036429285346375476,0.09109187824314546,3.032202523532314,0.15552225314721752,-0.6121257772352484,10.703466320998453,0.11843166073557775
78.2680055078515,0.5544871160279357,0.08922130756224979,0.04202010894860448,70.33531921174807,0.029832890645346707,0.04203116263366925,3.5799406646182126,0.23010214210131066,-0.10000307706618239,23.353347449963128,0.09699826113456364
120.83989582229258,1.8241755816392495,0.06834347638935188,0.03043410006855504,76.18278485879998,0.1524169630899013,0.14056611892588822,0.9126322245587182,0.4632784275158024,-0.20019304565030915,11.838185538426648,0.22891507818707701
88.28712491963083,0.3507850748734819,0.07621465969267319,0.02914596363084808,93.66795940404089,0.0350077924161967,0.08180596093633499,2.4410213756837287,0.5735100774933611,-0.034005508388195826,10.227892335155602,0.0903959545459761
77.40014118758036,1.0787888229924798,0.018318597961533397,0.04054998162480554,80.12420507744031,0.08048649282088365,0.032391646097410534,2.815421552463869,0.44148710975467653,-0.07425094029759305,19.86758142671778,0.14741835252000188
80.43086127383721,1.864031439343614,0.0324553843724426,0.01491713872643421,92.57444707687982,0.1542054576110322,0.09904572810841697,3.4066055753630775,0.35821739586851564,-0.3050657078980946,10.322412890892362,0.21695182760918047
95.20548515855754,1.8552755125158311,0.01027341300385405,0.031441849417359134,64.59274371836119,0.01664246647162615,0.15573259577467843,4.8097749129716965,0.16993252632649258,-0.39861234215688945,19.0060071622728,0.27090849623299035
70.15265342260999,0.5908958641116083,0.03406940433758494,0.0039852468258634866,87.32881295259713,0.13872150785738613,0.07978622207052471,1.3742624166982207,0.4181975348721575,-0.0824645779566322,21.559982525623337,0.20809055767682053
100.26495412186524,1.942862768447279,0.034491555567886016,0.04581505155586976,82.78354350391483,0.08657590137711332,0.023450520818150085,3.334349641150103,0.5892276179225943,-0.84472888011496,6.838652428406959,0.07067039738867183
114.1497644218878,1.5013810397928407,0.06444189388602996,0.02541918781172791,67.67931795779815,0.13899657941934554,0.03850621611801378,1.1053296345337569,0.5782520853409249,-0.8613744569999302,7.710753106078268,0.07944545046117993
94.39080050014971,0.8178912627598796,0.012506217354502504,0.02564569631685743,82.173427870963,0.13430995365053622,0.07295026465039861,1.321156974188878,0.25089276197778654,-0.8181194508718923,11.913700630547675,0.13165733791208814
106.55042248454833,1.0411817186492804,0.08828597509110014,0.006266757831387656,73.12119984906026,0.04094916398604403,0.06800781493242414,0.9335325981438864,0.6524911037699992,-0.19869178274272592,8.828443797136156,0.10921453005164344
106.89353554324265,0.3883969792710092,0.08747697860091053,0.05159775524662943,84.2705801635713,0.13819436165742063,0.09012553153853013,4.276362868375712,0.12077800277502411,-0.4175576094555627,5.739124458767766,0.08203380422319803
88.1625449297116,1.9885986500238444,0.09247440349094324,0.003483837385797062,64.36923872638462,0.11739326340709115,0.15228473544099955,2.1515343099617485,0.5046758259136216,-0.25537374721751116,32.082157619846534,0.340705794708372
84.34655245054729,0.5196864683805288,0.06294811416396136,0.023621044256890152,62.10797956487612,0.06690075081052482,0.12814395134066894,3.3030748999937236,0.3780772472720557,-0.7859362144643306,19.65028502573815,0.12767414052126344
112.06379121096796,0.93032830149374,0.04808772420675885,0.0564701332396725,85.47463504891815,0.08737310975377634,0.14341009258127188,1.8910644708162314,0.5695624957339999,-0.42147929130561007,5.744503808398863,0.10299891904709313
78.95335570970553,0.8152993037543933,0.03524992588137977,0.034731366149846926,82.1545122299302,0.03456555159550017,0.14873022666733204,2.998950535968742,0.11601471724676003,-0.8797556969384586,19.257446683100802,0.18387269232499384
90.35834425386142,1.7977330459338634,0.09238002243483401,0.04513175252842906,90.66996075046345,0.12898915239941267,0.10673034133726639,4.4369431078835735,0.6656507062142955,-0.5979578203744425,11.825752365385592,0.19967472713438353
118.58194307849314,1.9798949779206347,0.0023337135787236418,0.058202662604577175,79.27497438205913,0.03221127873560319,0.06294627107629205,3.148001608809529,0.7141562174218232,-0.34659530766337576,2.705735544486665,0.07408261700808354
110.55157962417616,0.35251654994119647,0.07330337680878568,0.05426423744680593,60.80734418724399,0.15717934586265805,0.021629892759766706,2.3639685644783652,0.46048751425121615,-0.6201982295970891,3.755856382922601,0.054818457038786336
107.27023428310703,0.946855570095431,0.07377673592580336,0.04022815382456405,81.8537894462755,0.05606983915693361,0.10170953392639918,4.093643427938268,0.49103807116961506,-0.8571832938777362,8.394596933016317,0.10195594262239774
77.3408841384652,0.3569818913944334,0.08995461031179237,0.03754512962622292,61.25171681729508,0.15493809785796347,0.15072751468548642,4.995026248640657,0.6123534088001314,-0.8744349902973808,25.29445136690111,0.1377083126851501
99.21122960534844,0.3798068376667014,0.033568966532607596,0.05237136768402173,60.38776603346294,0.062325170241589706,0.025107291987649306,2.218308739721636,0.48561915695543434,-0.33571903321470287,5.19571189304877,0.05513003021083692
73.95667627545015,0.5191943774258623,0.03949466180673728,0.011424531371033341,71.21117499156202,0.05374095543147519,0.07325230133545718,1.1277296319334,0.5011874965404359,-0.21226601846413995,27.10170378172162,0.11509233996407627
76.35739149627923,0.6906823777832061,0.04837632551288956,0.029205036745450066,87.945006857189,0.09783756063614452,0.03234261188201086,3.9633187363769324,0.6680333729358977,-0.36189150471261333,19.007609170235284,0.14035727542520943
75.76999248677268,1.457409066733686,0.0318075158130982,0.010674053211505208,90.24547487669408,0.14051460202841085,0.029803064397912013,0.5233908835387688,0.40185436572146005,-0.2687782349483959,15.342155502855482,0.21654767689256196
95.99326021872531,1.6760145336352767,0.013246393196405238,0.013469146627788574,74.5999849749557,0.151530580095161,0.15739223657558493,2.562621965279433,0.7088134756777494,-0.7588257915698586,17.43070270081106,0.21800760554085355
121.93132736355858,1.0717704436049589,0.018576743005947114,0.04065794929139309,82.45717626425608,0.0806008756653381,0.12754308038804096,3.3769141549454478,0.1571921864678001,-0.4211539721340438,5.271301676631901,0.11310760555431255
78.40501911882771,0.6481584067504749,0.07816716387949953,0.0011078739126101998,72.18530038289292,0.029102111898915983,0.13752934122580796,1.5596027497577043,0.6896569576595127,-0.01645934005276417,26.223321592437042,0.14481070501545992
94.79590641026138,0.78514579196203,0.06063052018711815,0.015068356855900446,88.80037640069445,0.13695784303891873,0.0693857356377655,2.7557342796727786,0.27494085474682356,-0.8666423458404305,11.385394145092082,0.13358176630320492
120.15175552419774,0.8853219595696591,0.05301991158239149,0.04400437907973202,67.39260815633797,0.12088073277415252,0.15895809594057742,2.109859774907724,0.7841869468732493,-0.798385544277808,4.944536684296765,0.07527501714177508
71.34303005799855,1.9717002402178376,0.028343504938852754,0.009685654169157969,71.11369051964566,0.12317160523367301,0.137985411491499,2.5754033987756957,0.47485549274909733,-0.8915396340973704,30.679473828323825,0.2999056998058687
101.9241258258586,0.45979046622012304,0.06378828964340999,0.05657473745928535,84.96697478502358,0.07098720875488145,0.03973385178757872,0.8884794586401112,0.7633664535691703,-0.8504085298926254,4.516670465735516,0.03853468518853387
122.99424807117578,1.4132765638534073,0.004163580798222794,0.048881133601187746,64.75448359229813,0.08407783249411867,0.09910958088049363,1.9470294318326058,0.6324316761240558,-0.40835671713780963,3.8567459620881284,0.09200198990778945
84.54682041608483,1.4086117550230326,0.07052196985060906,0.05169123782615252,92.53682741842817,0.06925200526826135,0.045442335964599456,0.8467196240299828,0.2217170649959481,-0.6730654803112717,10.135667128676767,0.13753142064320484
86.64177556696052,1.1195366370629136,0.06234117420000308,0.009198834218093673,92.0595694059939,0.04203185230572374,0.06837619007332055,1.5651708843859515,0.633079016342741,-0.6294980827143611,13.311273665979513,0.12843806502717173
78.56188435651345,1.6641427266828477,0.09192187059645684,0.035033364695340234,75.68010378697568,0.15341811999635385,0.11675741373432037,2.0082339653915255,0.3939255063276901,-0.4688991942574268,26.743139062801575,0.2721481161296715
98.2800589158336,0.8438622812227721,0.07609095592730158,0.0418861779960662,66.29898501738785,0.10551387579129382,0.019728546718725003,4.650004544266885,0.773961257040951,-0.13671957440441784,8.99672536953959,0.08938988575530936
76.20062385764035,1.0864367152566343,0.029399457016587135,0.013016900524979134,83.04379261878233,0.09477977772837108,0.07956421707690589,2.1476776602068464,0.7586599376418927,-0.7279208674682776,21.559333307881047,0.1690533638892764
92.26433227418966,0.4498988103015673,0.008630187921602138,0.0038497211868806767,69.48359470451585,0.10326973268339215,0.09518126144810414,3.8817296105441317,0.31507836831016983,-0.7214670106601188,12.586536549484592,0.10628843100844199
87.64893213401429,1.017978377263228,0.012626537890806484,0.012348417510547867,67.13052344370388,0.028943514295407806,0.1331529692822652,0.5557480537731032,0.7033618497795061,-0.4613546780729348,15.664831987357326,0.1092795003141781
100.83745896690519,1.833952745005108,0.05402904217148994,0.023449612329214647,94.15678976479616,0.14362247001566797,0.014052995923066872,0.8579364771089368,0.479551143336161,-0.326372767507897,6.5894859450153405,0.12946891680772657
108.42565521100249,1.493996022054336,0.0690053975546442,0.052661919442049114,74.15476939744673,0.12764503360831164,0.10845261502671319,3.78976732515637,0.530396092707056,-0.7429575174646023,11.310336314657656,0.15241624146808183
95.77575793655555,0.3734202047234054,0.09338807824738023,0.057831954323407625,88.27026735589766,0.12815429430943587,0.020285814517947795,3.498750556038335,0.26965575961780724,-0.722170629806927,8.831132832549606,0.08351145514865195
73.33547301343428,0.6083691500782804,0.044041169375159096,0.037060977545320964,84.0437379058003,0.07713723999337647,0.03122888009873647,1.4979848320930809,0.47269927944681456,-0.5081091947103887,22.83035279909148,0.137839683551039
104.57787986913337,1.239366090156148,0.018134756694347897,0.01912102715089056,72.46743987223049,0.07936762834246004,0.017285287270723017,4.983682943835765,0.5239475398658848,-0.16426146532014607,4.906643646974352,0.06983240792304475
82.79579765869107,0.9414487949482334,0.05830789428027048,0.03326978202448902,78.18179037098407,0.10288001943838543,0.09500283239623836,1.4412317793694471,0.27885410084743784,-0.7831042710519017,20.488741137408706,0.16914357851995082
73.11567645117563,1.5120265118806808,0.06249444320830932,0.05488316331383198,61.003305448582445,0.06547405083322126,0.0449029159945297,3.0211578834497375,0.396089722009508,-0.002544456082068547,26.93885201506826,0.1725966359991038
75.88860711858553,0.9318485422469147,0.03148463871009394,0.005903949575523295,90.16581146054473,0.06454526209583826,0.03835623562286485,1.0940204098733735,0.46625952657605185,-0.4043798653589287,18.018465652665387,0.1552991166156175
127.07874009705003,1.619015538860403,0.07546121583048365,0.01652154668192483,90.58962453242586,0.02451864135120966,0.07832123675455491,3.1902631191308375,0.5863838651924865,-0.7018526738614952,4.824909163914594,0.08669273168790571
93.28065201983898,0.9805270535009503,0.06591609302691183,0.04098058070014042,60.660044143900095,0.11883276315801185,0.03739111409262372,1.2016397782235921,0.2191712688790437,-0.5754904011245904,15.544241305085746,0.14063992708503562
104.35184038394857,0.7974863222958268,0.017381907334776913,0.028145573782670626,77.70843728188589,0.12261507215725843,0.01145619110045282,0.6012941110591928,0.17588948837888968,-0.26684396097826557,8.440409519873805,0.11784771001327003
119.85495307992659,1.3310735819554023,0.06301564116152374,0.009981744677971291,66.9422797832453,0.0160494695116973,0.11128556454714406,0.5357385118322535,0.48264337413054714,-0.8851855746917355,2.3181744553087325,0.03218339593061674
123.25969261100215,1.6117721619717473,0.09115174274914128,0.053113882344632435,94.65517945690917,0.057324281277564476,0.1162135671634193,4.344857942267583,0.3787048079908164,-0.6600065317160324,4.020667039664438,0.11144183346711513
71.11007098248811,1.5003200306782418,0.05828950202841039,0.05871608684959791,62.13789318146069,0.05925537516394529,0.08647337401263444,4.980475149639757,0.2020658778932361,-0.8037223408186187,28.304176478367708,0.2079057750698468
92.74435237248976,0.5292156371755505,0.05366924649275792,0.04826409136850653,79.70474399402974,0.10535829668400988,0.14189454498014517,4.628148036021188,0.32401273583672024,-0.5594583219386922,13.10643954503139,0.13196311243569234
73.81134964758233,1.065917493014428,0.05500966721280359,0.026596758243196898,83.59128760717577,0.044082699224389274,0.041219979784260716,4.0319865316796735,0.20518731054790437,-0.08319607982957467,24.13694026887408,0.1605130620437885
72.30681377185532,0.570855320783406,0.019203018488329445,0.009480925315114103,79.65991201140793,0.1349899369753843,0.10423750246930971,3.144440782124091,0.797813291157595,-0.8937368522642571,25.89367999363939,0.1622715304541697
116.75335941234826,1.6473930254518203,0.005801445983050508,0.011312101592628378,92.72577290573241,0.11418826359967088,0.077830947677416,2.637118313274597,0.5504111768029035,-0.6613218538082872,4.015818716222124,0.09080941946647947
82.5445178999668,0.5005604795914195,0.07829630292727989,0.010177637859521596,73.64829555346901,0.018533607656332815,0.10079870415569987,1.7252903381165972,0.21075839552207387,-0.6271789108932502,20.83132972434271,0.09757184296120892
94.19563411189141,1.8953484747138134,0.05919510362901768,0.04318592789097352,65.26323357793187,0.052021281204306276,0.05124932498125905,4.8401841679604765,0.29482589882044496,-0.29162664656021575,15.062029381926742,0.15305423676196322
116.2959186665468,1.8426826389575786,0.060132838719114415,0.04894574049819836,89.68515266046288,0.10759779528648857,0.1474219982993284,2.096154753569965,0.6826867758243819,-0.16325724606097303,7.005015148725653,0.18111893611600874
91.9435104969547,0.5231985242661992,0.06888124063180605,0.0007149113045258542,61.633032557150905,0.017092354127853766,0.10707888525910356,3.1325056548346994,0.22439254656009222,-0.5331671477560183,13.928181337488434,0.10254019457477986
92.73179072331823,1.9639939741231598,0.08500024199627372,0.05467794713939276,88.43416755058553,0.09169114463606173,0.15686270518595719,4.786263875317413,0.595505943160681,-0.6951288406168792,12.359260940983896,0.2335954489936212
110.37596999986913,1.0021465366840445,0.03969823312190002,0.04233280320500999,84.79279109072668,0.14614850613064317,0.09723694273427419,2.8356835582721995,0.6489736258148976,-0.10758677097325042,7.1601188684108115,0.13408910351237815
81.08292754749328,0.7191802556021472,0.06827649028831194,0.034780479436169,94.6881827314952,0.10832056869170723,0.09703865230758729,1.7843416484262633,0.5545425925536933,-0.7949694449623633,9.778756074366763,0.13617069987035957
82.2255176763024,1.4481856383924547,0.013584455843591659,0.05052754113808255,77.31508635733624,0.08506577659083783,0.12088120383622879,2.179472791507809,0.41889312961899106,-0.7069286315777281,17.009550295810516,0.19094748868398143
127.3603178950639,0.7773194544152867,0.003018536155688212,0.02004584676184684,62.07243435573197,0.039972223098256966,0.11566567438993935,4.477541476292084,0.44534295451140515,-0.657859814485369,2.0569821694078825,0.05130860276956021
126.42923607614199,0.3594922981374814,0.05069641572485818,0.008642413528660247,76.27139490605545,0.07404383813600426,0.018213090008274258,1.3367051130473673,0.2809814175103118,-0.6529644790211314,0.24824449246693142,0.011274034186285824
122.24124580305829,1.460910819155494,0.04008883996317508,0.0012969297373206044,80.33288150422106,0.026545271541158516,0.08511894691877128,1.3131406779404735,0.5414241119559754,-0.5259749486697622,4.2982758034957245,0.07610705843110646
70.53990035753951,1.1580538768507522,0.06571372354362591,0.04589992601624929,83.99221414254654,0.06797657469902392,0.11900003587584838,4.287059028409341,0.5663535932037315,-0.25455708333559357,21.815867690020152,0.23565751021099113
104.78437908739508,1.7631856417283065,0.07217575171469717,0.044131208195966935,89.30608595748194,0.10581576206868047,0.02045038963869177,3.6008132692208488,0.6396660014971072,-0.8275146926447157,6.8975174366615235,0.0740096011688767
91.7373065175042,0.8814867054797744,0.02419526259799945,0.016491707677701688,89.75284118822643,0.07764861103272683,0.14002175170377829,3.703859224191943,0.7369225593727066,-0.5882581343579655,10.859240577649405,0.14882472347201514
98.66550166547566,0.41000387891174633,0.006740980461723388,0.05802903388001461,78.54983405124808,0.057121994581098644,0.09045713213703595,4.553767654312527,0.5131589438283054,-0.5326699423876116,6.260743702107692,0.06812027899349378
113.24474419097476,0.9728921110584202,0.019054554256970137,0.05720379453274,65.70553726632338,0.02719576958820412,0.08607802609812697,1.979067203969772,0.712640550534431,-0.3281406605269763,2.7978471993616543,0.0637186157003274
87.20701865828647,1.8802754543358686,0.09726823643656364,0.055855313496415177,70.14895578304652,0.08539802820168892,0.04059714487782738,4.441255305090882,0.1449923716754044,-0.7188372821121153,20.275949897813298,0.16037437225302095
82.73568517681255,0.41569498195052257,0.08631099805428824,0.005484370167118293,82.53558907803887,0.08707844220078166,0.06569603568596054,1.5972217522860106,0.38174489510889265,-0.2771925970283359,19.79880131314234,0.12164549750349136
124.479759543716,1.7794709853466792,0.09740069154180696,0.025704921669951947,70.74055815085686,0.052915404670036886,0.12311794295498084,3.692587098140999,0.4768647455790975,-0.4295458684723507,12.924700716516984,0.19397994583376274
122.73696881821768,1.510709506684441,0.06347052448067973,0.05228018273720038,67.14573141881051,0.08124727591841284,0.14806064293379714,4.526459237571409,0.32128827805146737,-0.07762829805590565,10.0772955311391,0.18809570482719218
129.96335379200588,1.6350313035298432,0.09096038334999407,0.05383934275418401,76.14459806278495,0.11671495933070208,0.034486236664422285,3.1640746231580317,0.49730650932846954,-0.212863124746697,3.6318366259524386,0.08122914241299163
107.01925180732354,0.8663569500264569,0.039147976993295405,0.03201552231417837,68.25670748129187,0.03746655153674869,0.035590748913993914,1.5454283828080584,0.7879954380905423,-0.1889653946665869,3.310527581062032,0.06461611553686028
122.66929349429068,0.8236508015124259,0.02861410171394423,0.05976524503535149,63.38757484073668,0.09602952986677377,0.020839975764315573,2.6155473541978513,0.7836346631134739,-0.4333653175381645,0.7470791846350144,0.030499316881848645
92.15549701536881,0.8349705120408576,0.029121703986997396,0.01556580397088151,61.50133847161183,0.1532644040063683,0.12732016411910185,2.5169085615388176,0.17903009626598748,-0.03258395763037336,17.167355505369436,0.18631163846633955
73.67538397809354,1.9597095048344817,0.015102077536629272,0.014977371319178659,65.92482406132082,0.1310668643367268,0.06049080551677749,0.8765639038013016,0.18567388120977124,-0.37312289043637314,28.742986129068054,0.2621773129657601
73.39545160134251,0.9524468941772315,0.06580646186304336,0.029911941584602402,68.32311402367372,0.12949341910256754,0.07579088395261102,0.670410010881382,0.4883859899496119,-0.8070161058660543,29.465189873758316,0.17434939784620115
117.61963133474747,1.2178289278142522,0.09667564032546415,0.05669406452969371,80.76362734029499,0.07331784459221231,0.06380828299646928,0.8140906035425954,0.23146996370559028,-0.2290698110712298,5.854600281612089,0.09727038187418649
113.47189500152518,1.5217959802802548,0.021395482688301062,0.03807111051958042,76.76642336783276,0.0807021221198871,0.04307567401650571,2.506501885666867,0.1726232945966153,-0.12806529655461707,5.127675648756398,0.09410871519722609
90.59411178684357,0.5967157561047869,0.04560983581464336,0.05148092588350495,83.80061716609134,0.037757050130084804,0.012539226678924566,2.762879929088325,0.2467868734314668,-0.446897608428658,10.257286154349217,0.06647111896544963
76.47418132667767,1.9110198553238462,0.01793832438209227,0.05846745813586187,92.85921410368215,0.15876201167883996,0.05422595319625266,3.560666300789924,0.7743910404979572,-0.8304616164847677,8.09476271813284,0.13793958970352244
129.5022380282254,1.9696003078850954,0.017559514503557347,0.0017543991016953579,84.6479676454314,0.022268977970872895,0.09580876917148927,1.0889570509815034,0.23937271454230347,-0.007290356081084859,5.480943676426583,0.12899300523197976
84.50412761133092,1.6887686625618812,0.010982050792765392,0.032255185924121396,65.37425492450195,0.011913211154046519,0.0767934632197996,2.9936689940776895,0.24778779740210113,-0.600605389931163,18.220322301244682,0.16912068638585248
119.52814897634273,1.2470652887932352,0.07117552034984499,0.05729032475622889,91.85209933462174,0.13481680167570917,0.10198339619300084,1.9601705231542053,0.38735657445914173,-0.5287767710995643,4.557944951800933,0.10317171264479959
92.52780591918537,1.575739514601779,0.0812868245167108,0.050512460168827884,62.9766712599454,0.023277695386062048,0.0914570191712642,0.8367639040503045,0.5679119084135721,-0.10098694552801635,15.731253251571317,0.1552342692991008
113.8448089236324,1.7549474044871678,0.03908810466892598,0.02802498909554225,65.44874634529812,0.0702087806182128,0.1183802478802016,2.5411979693963964,0.7114276797360577,-0.33856851505015384,11.220300429740467,0.17738542062346477
91.78068376608883,1.0378179612297682,0.035525838536726854,0.0015918744421791627,69.89964930072557,0.13526190012125897,0.06904879193989273,2.947774519896364,0.5218603174262326,-0.7081150113274464,17.877253193660742,0.1476893833276764
113.0426374753007,0.4236860324766965,0.060520636461613764,0.040067282723335165,72.77766758393673,0.06588430155956194,0.05085414795261038,2.6284896105233595,0.35830464205111223,-0.6797528067473677,1.775734270743399,0.03237079820029149
85.11627621360759,1.6841980414273112,0.0895870969942818,0.04751086039739054,84.68787010154395,0.04489106089126447,0.14486172213247675,0.9395637957742637,0.20939167391013128,-0.2308149894871394,17.45706482749613,0.22293889568236272
119.46040292193226,1.857200533125747,0.015352721602724101,0.03714299633432254,66.77800502250358,0.15367341467481263,0.12104828589086802,1.8281929659741145,0.3918718223820421,-0.43600466941958044,9.517199710728924,0.17881731808482645
126.64645073861877,1.671438167416885,0.09570081922835023,0.04082811517130416,78.45690014984196,0.12455462795782929,0.037007869660050104,4.957851490301496,0.5537830425011193,-0.7374628261837072,4.469528468189499,0.07007881448650674
124.14629086419622,1.2199903805637122,0.036049106584824867,0.043505574820385425,74.86032446542252,0.1009529392302785,0.021498645635004993,4.885663294992961,0.24319196492423653,-0.190013226316481,1.4269748257219552,0.040208593536330696
79.65449657925646,1.6138318926344932,0.0871344482261657,0.011960225417147394,70.044308174413,0.026901017973599235,0.14692032852291112,3.7724983185985517,0.41019755871902275,-0.06772201233950359,31.110446935107714,0.3024905464019484
101.45992905046913,0.6767736150939481,0.0024724847474398293,0.03917168073022599,70.49007677316902,0.02534878951789761,0.1268634509634722,2.1730886491643413,0.23402054467553451,-0.26343125199111905,6.972977589348284,0.09081261082746386
90.46282465189087,1.4494323941549474,0.011874489306897261,0.018802471310585163,93.48378280934128,0.09280358074139625,0.06604004857972545,1.0999155752565755,0.7719837406923573,-0.3369600553015212,7.425558798883728,0.12250151203287396
93.16749354320065,0.6094321019722418,0.019655605711360404,0.03786384375003386,73.06011054683485,0.14330166764892657,0.0519183177396938,2.585795790847584,0.3501574582499196,-0.19290070014026295,12.115664876095487,0.12351078664422162
76.82534769995405,1.7639028242883028,0.01290761255005015,0.01992940062685428,74.52576284492324,0.07723825127113304,0.1435352999157157,2.827568344586168,0.45526357465834044,-0.5665108069750628,23.707948537045887,0.2701960592506718
106.40558642343106,0.43087156640987123,0.052271067986389766,0.04156453149541786,65.85949135190664,0.08898850264176625,0.10941717150868079,1.513327747924612,0.3730976010564939,-0.21885092956771002,5.350540541854587,0.07572288262197532
76.419549578032,0.31766177255507355,0.04542024891643193,0.02286964956802594,88.06515848254594,0.025033849614822544,0.013582644374903585,3.2117447183442955,0.3919009733394917,-0.19457333174090785,22.806443433053992,0.07168755666130175
77.79076218504534,1.120760099418043,0.016238033147403016,0.0009640259530552049,88.00067125990634,0.07748955390451129,0.03367930037239781,2.188441679117468,0.2076105574934104,-0.2626963641535557,17.739935847792633,0.1690568869621342
93.24019280456625,1.3505542715958339,0.0489167470715076,0.0029894186171995157,80.95017766118622,0.1483671722607161,0.025824885077637957,2.656912266879732,0.5349431192855916,-0.6695928378049752,16.269797092344152,0.1345316903912829
125.56003468544654,0.5360961960453876,0.05359048009130392,0.01867632940206188,85.34081675726242,0.15590225104185565,0.10833081866712437,4.39058850383833,0.7614640065918102,-0.8169050379881011,1.9555115285177034,0.041405301307870825
107.47879973829589,1.4946219382193948,0.0448167879924718,0.01603072615280413,65.76041669006861,0.05750176814766386,0.13408767688304993,3.200893747547708,0.42375611978752603,-0.16550372791758272,14.585119058550044,0.20737704506911456
108.33136547823528,0.4724616296355968,0.058590390476702815,0.02003078846867672,92.4263155995354,0.09413987222797188,0.14214207893478997,4.662497665651254,0.17039457833821403,-0.175297161493163,5.154472646608094,0.09196391306934738
92.6779096989832,0.4378585491886847,0.017017687268258384,0.0024499199490853277,62.51485976928125,0.09132087985395693,0.07332653130850748,0.8710747620518111,0.10712656008449421,-0.7731834804696821,12.031909087961322,0.10217262682587942
95.83633110892367,1.881458854276814,0.030574254804067603,0.031034860265133985,77.79735374884632,0.06973746010180776,0.0649802980543214,3.9453444304690017,0.14954656754846496,-0.8632875414072916,13.39144434507185,0.16403971856016894
72.59491055136571,1.8615419068909405,0.007891401764988907,0.05212942251809867,66.88886287209911,0.06267653385657895,0.11479022400647886,0.7520432519418778,0.12440395211954658,-0.14548818584312428,23.336404506861836,0.23326328054927162
118.51307622956793,0.5765623931907802,0.0868124915800946,0.03948146426125029,64.7644499364429,0.05767115489814473,0.06696688031181866,2.8550476675440724,0.5673976414928533,-0.8079612526177026,1.3618555224467426,0.02610093366492827
110.46601476095142,0.7897859096551418,0.015517145307516123,0.05587736803369544,89.1540697782251,0.1482925811294281,0.15450976623213158,4.412812135659699,0.7004178707412599,-0.3351767904785834,5.813101686516639,0.11817680305381625
108.11452538087602,0.6703034299018487,0.03754387769321099,0.05283687783114857,60.97052561334767,0.015321712229384613,0.08090278755721533,2.8059615718832873,0.3284263433322433,-0.1494594712898275,3.702693338471804,0.06142684260608422
87.81993595209863,0.9513785150070286,0.07121054885022812,0.004041222554206286,73.1889813876822,0.07796646040572645,0.0841795066089569,3.697357587094946,0.16654512063931015,-0.640853538022965,21.111040686594144,0.16791246435582308
95.48708930352228,1.7242249001809793,0.030380451349041798,0.03463922837944746,68.42750676987322,0.13613512645441017,0.12081895222605388,0.7590976968457757,0.5247767031905789,-0.6040212228224311,15.930066068723375,0.18150550650161432
128.50838308682688,0.7166893048937049,0.03896392413134818,0.0025766837754299266,69.05249206317743,0.10341027892340175,0.10815842723989874,2.5915757436604743,0.779078144182856,-0.00893669995882762,3.3019775359076946,0.08945404125618159
79.05401013656939,1.210562044826495,0.0229884673561889,0.02624282584462138,74.13573108625266,0.13857214265231046,0.03043685927275932,3.326810860137929,0.10873175763117979,-0.8459970094903673,21.822748667954716,0.1596286770981111
106.71734949382335,1.3272977863126743,0.06976760633310623,0.05700308127007724,90.42980986645259,0.09372907135518328,0.013874448820951221,0.950096146352448,0.3124509523171866,-0.5206443048686435,5.475944534234043,0.08384888951429169
97.96174691628725,0.9930837183678699,0.08576024749754452,0.0282849148378317,79.07051815863083,0.05780183715603822,0.08962101875163322,4.167035224344018,0.21629369877556828,-0.6998303980495147,13.961632262076488,0.14291168456541226
112.87847963250832,0.4540348285896083,0.08455684809963127,0.025282011049071313,79.07756307129789,0.13646008305705146,0.1074412762030704,4.77351831893181,0.10948426744987033,-0.6809111408073857,5.36021197291067,0.08251937961860943
72.85229092531301,1.8483471815328207,0.022744560097662025,0.010720757067198354,84.13789942179831,0.11029321108186604,0.10613580403476258,1.5702527181541373,0.20799382033849825,-0.3936501870403698,20.149614171658058,0.274712195810366
93.68712766164639,1.108265323281494,0.09692444604575266,0.031124554658259276,60.67106235413267,0.12416087427105622,0.04621039082063892,4.452489735534538,0.1916631968067739,-0.16105096790191975,16.911225775476225,0.14640972485728346
93.9164509159441,1.0113831742990453,0.09004210224752497,0.053519722872069395,89.99365103002368,0.1255479371791495,0.07126559979792521,1.8543806040325725,0.5649795780271444,-0.1843669308033623,10.324301661258513,0.14709708900047846
102.91021495105363,1.6299349244793748,0.08679945268911654,0.012552801017250384,69.6134249376639,0.06776818545703261,0.12244404091186628,2.535957149402162,0.7480107607482606,-0.7921445294813264,19.02512411730062,0.17718597065700215
93.41350552579712,1.029630966662019,0.06604635120762478,0.012062075042791094,79.42627470307222,0.04212165368174464,0.07852185860608524,2.864325772875643,0.23168529680274114,-0.03453701754280403,15.84516548759925,0.15170336528114622
82.17393363004386,1.49633081492108,0.09635182364486379,0.008006136439178448,94.44062494962887,0.054908918285425885,0.09993625309215007,2.833835070344688,0.4070076664951422,-0.8110065591748609,12.639676311546296,0.19565404760655122
95.51231496649496,1.8305339954981728,0.025271560286542663,0.04270177220289541,68.96439830102828,0.1160464044466708,0.15032193138343491,2.4689134592839332,0.11211691126129508,-0.4654470525301345,17.687877269246833,0.2601547290545186
100.61990015555229,1.360590715486219,0.04023812852218304,0.053457594299407635,60.43883954809854,0.08492166236590264,0.07236785103957175,2.213871693556194,0.5807680679878914,-0.185709726970257,10.201566457897332,0.13807795442263474
90.5741913910417,1.230092190357473,0.03665950059385042,0.04543146182384959,74.9458954006912,0.049887889707999594,0.06150224957980975,4.901578659109664,0.5552560358962233,-0.2757861235092217,13.909606495034806,0.13662967408710103
126.85413541854172,1.5379371769494872,0.07434653992487107,0.012480387420192788,67.98144523659099,0.15489394011567367,0.09329413044945556,2.924142058099864,0.6516679075926157,-0.7767406032711384,8.323876812762649,0.11764033648191974
120.52384755387934,1.6380344174483714,0.045888249561774744,0.05243641053976096,62.245785231748556,0.11752663634935381,0.01621976527705362,2.0213791481395456,0.6729027863205155,-0.6105575099713256,1.6598193957446556,0.041332385936082856
96.13329903670876,0.6453895449512682,0.037203124767863846,0.02380136074889513,78.26337227779145,0.12170709290472392,0.11725534402076628,2.3400757127593037,0.3618928878716492,-0.8007370595049613,12.435107441687595,0.12330712276430726
96.35019884925046,0.42504217930435617,0.08511578453444832,0.015663397058923327,91.32055726601232,0.07183063171522495,0.06361814864588784,4.178554269822141,0.10777075489657564,-0.8531746234367821,8.640545097147344,0.08964935995820485
70.67770970061741,1.7121548578184242,0.09985435961420983,0.02595681951256661,60.93234403396496,0.15754127397374734,0.1092865370147123,2.6731515376163277,0.7882540911092893,-0.4945014656036282,37.49828094077913,0.26783066005354683
116.50415893068731,1.5579286132349606,0.002996482401781558,0.02951054859952095,91.77279630724455,0.05320363959634155,0.11196719436607724,1.7891790994567038,0.7272446761478519,-0.11157947345692298,3.447033401065154,0.10851944466149234
87.74581837387699,0.5491640441234374,0.08378463981674622,0.021536200291277844,92.15817065156176,0.03556471454279444,0.03296313268055565,4.376582515023376,0.7512618073103107,-0.07038168052644855,13.044616372849537,0.09392091432168934
122.45196498275956,0.5674188694101152,0.06771358631708073,0.03420306941357965,89.17782347284852,0.1503864131412197,0.06726611065631248,3.2925297129544586,0.6957380144437229,-0.41254047884013617,2.253454016349738,0.053942725569211245
87.35375360718008,0.49055416578870115,0.0266817191229569,0.02488075595286279,83.2521382840242,0.15404907199079726,0.04743478603797865,2.7759710947880203,0.6923946652543411,-0.2152519857374514,14.680278010516973,0.12784047893392347
104.6237998184881,0.5821711687366862,0.04758926876371675,0.025530141137858075,89.94181576406616,0.10652377106278327,0.13503449987659918,3.830023332982267,0.32365960357113066,-0.6736301519226658,6.873560440375073,0.10316039204675613
119.95469403623713,1.3576330549292726,0.07514070433688505,0.018106321933666607,86.33268368569199,0.14649237498070772,0.12415279193481205,1.366389477144443,0.44447227123988653,-0.31002800505590955,8.982362869192329,0.1683593015688635
78.39638015088555,1.1393111262943358,0.03883518162703328,0.0009130945771455633,88.40501405477718,0.08475430948836299,0.1243215656494305,4.776660205507077,0.6282566284556149,-0.4595962766349296,16.923470406129297,0.21842183312522642
73.25968874868316,0.8363189728156134,0.06316290876784583,0.017494495093949153,78.55657569635845,0.021774135652788587,0.04558951403603264,3.139431307409959,0.21464915340073112,-0.096070683458503,28.31459997761439,0.1294486148849975
120.99213068984892,0.8884024785888203,0.06203731750172158,0.008835163811988475,80.40868592395962,0.05450911202538762,0.09233339136120991,0.8601977900321481,0.28539190383838453,-0.6850779002840292,3.427345916307316,0.05750810843724263
105.0825202327865,1.862573565130454,0.0026117174433965924,0.017354367238636207,85.87521448561552,0.1491737229148216,0.0180463476052711,1.27184717783261,0.7557968018325602,-0.47364608673191405,5.847962833162654,0.10229337456828162
122.42150000776283,1.2945272666529242,0.061244976030809174,0.014057698308208548,74.31255239289831,0.13982783153473552,0.012732668320709831,3.394634044419714,0.17642944883264688,-0.5053034165698536,3.6493396447612745,0.06534730006745212
75.3507665750416,0.688828682125375,0.02396391894385825,0.04444941866541493,60.75363804112,0.1462911909966377,0.10446386093253784,4.605116986808461,0.27968030725952187,-0.6077455238971312,25.396162339718312,0.17411087254645202
74.67214658014898,0.4574820620218466,0.045269703537116276,0.029677843629519543,66.18674009580828,0.118485526676527,0.05066049949789679,3.72425930666245,0.5363499011036614,-0.187980455048946,26.096644221305908,0.12944753536319148
84.58007022175998,0.4816763461517228,0.09221102205334603,0.04068548350520666,61.19729919792673,0.11718086029133903,0.13463782689993642,4.302428875000519,0.15146595955670197,-0.5296448830801812,20.076995761268666,0.14938893277055418
113.11555825672824,1.0732557071352402,0.016544783729669558,0.007929803217538037,77.95119700138582,0.12666622335008418,0.08878104925315605,1.2296847340974935,0.5564036230504654,-0.5947856208147484,6.8133321062888585,0.10049255606039366
84.16660605957566,0.9354498911003977,0.03125983383659906,0.041743914893710765,91.23377952106325,0.055309179196868945,0.08209830386702326,4.119993491981534,0.7815925902586826,-0.3943528199763955,10.84128041192483,0.1367788577359863
91.52828886821088,1.9928985956470584,0.005505070647699075,0.03897582722348954,77.64580576877992,0.08789780057909655,0.05962121182578834,1.0077104198903941,0.6503316082589427,-0.3575382405395575,11.010894276058892,0.14390709378543487
85.84520288897788,1.4065049030417933,0.04103222913855456,0.006371131567438145,86.80176602640545,0.08630856889548151,0.12565532216707911,0.6923093107759423,0.25999903006506997,-0.327089264033918,15.640290895767546,0.20540638291136476
86.90481791500422,0.5461423655987351,0.06412281506567709,0.042997300919146574,72.29077059731218,0.061268038759840146,0.06819935413364984,2.909429746870749,0.5081041455592834,-0.3069347798788442,15.773489266996393,0.10543828421508973
98.7875201155775,0.9893418993756476,0.04981900592635552,0.052254657479695495,71.67616678711843,0.013037938629905517,0.09559426851873905,0.9896502361078596,0.6276631529208224,-0.26136904390822346,7.2722587792348525,0.08672388371083259
85.81123497551164,1.898741824768822,0.004935774758143201,0.01423857588272907,73.82559544899624,0.027488223483954854,0.1249894968395126,0.7748449386452338,0.5156278870890966,-0.5496568337216726,18.079783188367518,0.1678578513102075
121.55472561170691,1.5973288710044704,0.05175317685943064,0.0324479662517207,76.23351186545192,0.09873042578343058,0.10250658554387379,4.024417727985684,0.3296646765760267,-0.5839224485447596,8.433279925448847,0.14214495855469084
95.0040381476427,1.940020264811045,0.0008745271649882533,0.05477189771423662,61.85696705711637,0.07278969283027643,0.05151629657881812,1.328689980272713,0.4273205632881396,-0.8676316051299987,8.247353932406723,0.08584543983400647
109.05028350578502,1.9236313119043766,0.005721709472582828,0.046667343936690676,87.05789115437568,0.14892235043199217,0.02937274288689084,1.6959755248394035,0.388364624807945,-0.8512806811855343,4.199782994568877,0.06998494228291641
117.38165198627568,0.31891689633294634,0.016924003311629927,0.006172302404489333,87.58767065759184,0.13735922328115585,0.10409074375513803,0.6510144976318375,0.6530863253028739,-0.33347471186706534,2.1062553868424643,0.04842231958102877
127.135313744331,1.5890641145982474,0.09842506471383011,0.02320272870743711,81.3808754634683,0.012664249220595692,0.04607456875945295,2.032226253849681,0.5923921489554799,-0.005755591653793246,4.1850457505351395,0.0922882646862766
76.912786517113,0.9204019809368924,0.02077532749465205,0.010335808606937887,63.93127098516092,0.0457715364251081,0.05032172046491888,0.7259214548363778,0.5179275616000599,-0.17164965269901022,24.576878599539253,0.1292551235442362
86.44492840020246,1.630777675786341,0.05316479493257608,0.01448170658682442,88.75341235418267,0.09955200568797051,0.11393592882639883,3.103644312885663,0.18898712266883094,-0.8462556461794739,14.752952472591602,0.23123238280529945
79.79273242896167,1.8785801294651345,0.07340200214601099,0.05964698820981457,91.59445378748181,0.014684471032969323,0.04804947151842501,4.15127136721903,0.3697390634621247,-0.5893466358681771,11.788120680564417,0.1549529940764059
83.97853294954707,0.5418647236904834,0.09022880821894114,0.0035661886057818276,82.03265382226296,0.026041718506493804,0.1548477586174808,3.119607048956402,0.24627837501407482,-0.7968567926118284,20.548559531498434,0.1419320512605157
114.94329110273975,1.7076609587145462,0.01892502942489554,0.05644454324302907,85.23966869087462,0.15958808980315609,0.047217144224371246,4.004528338443059,0.27532809507162703,-0.027701342949217334,4.512683093528671,0.10371113091426247
71.9052580154203,1.2593461939657824,0.06949728178665025,0.03360248908236147,76.35514940919809,0.06555466594689847,0.15538840079159577,1.6271077418658706,0.4230667063252368,-0.059804579017011195,27.897801257032697,0.25749736529047973
73.98157364727378,0.4368973137930633,0.014511194130498513,0.028331294857726844,76.01776527359918,0.017563208605478123,0.1361288459050075,2.3001244418842988,0.27296797511865883,-0.053929707755849265,25.12359418964712,0.11440624365964966
77.8400702171378,1.8667040142620799,0.01247882278365337,0.053274599916537296,87.78579612794645,0.11198930431987227,0.052451526539619264,3.4966667404248386,0.702607220543334,-0.8980445291360317,11.792423067598325,0.1457569871119386
112.80518558699544,0.25739476989200366,0.05073690879922274,0.02976706949578026,90.39265363652824,0.02732168123606453,0.062243087545935806,2.6624867326169355,0.1354577553239667,-0.17682088720720524,0.5776282600169048,0.016411501782667787
76.16981715369408,1.6573559994728453,0.055873929621866415,0.02183078810721978,94.36137767153758,0.13662368947723416,0.06785046980566034,1.6624127755872236,0.10570051325854099,-0.23316997020023256,9.93617276281422,0.20476666802472343
100.43409853568932,0.2792115854338367,0.0415783377635816,0.02857866591285282,62.838157118204336,0.020005747118693143,0.12031467492919234,2.7126957464876775,0.3145120000899916,-0.4199596758275889,4.607898831788769,0.0488849967845805
100.32337987667259,0.5376587938531252,0.003786492020778248,0.014358387571824798,74.43138373752669,0.09539761178166745,0.047188889417089194,0.9029892252091363,0.4791136754075681,-0.44017804033527885,7.509336251470004,0.08440254741133851
70.58665792432619,0.42247831539435343,0.07172570936901419,0.046905776275380916,92.38095875314563,0.05506813025713908,0.04858593674722231,2.977373498074984,0.5574505640422045,-0.8258577474504417,18.780801178860813,0.1411592495847825
94.24432176351004,0.9053893279825275,0.02554713424618917,0.018623880182188347,62.87918697019458,0.06668922244967705,0.0552226468842217,3.5983328378485733,0.7447548205110337,-0.8095441559223927,12.013540310901652,0.08850518614457833
74.17190076791834,1.282566150020064,0.021754942353639915,0.006829146934180674,87.2224079357018,0.029335721869249452,0.03549991478061116,1.177556244525498,0.19186153019309127,-0.11406011979851982,21.318615617352524,0.16217177200264493
125.01807105473182,1.9937525299187104,0.037484571687458654,0.018903535422914116,69.16414222501245,0.010656004117345378,0.02465106424567539,4.23661297403316,0.18511141898247516,-0.19958367874707572,2.2333629170969314,0.05108493767029762
105.32615925248032,0.5634148642574001,0.015649979035068665,0.028454634411137228,80.37525944330096,0.06145017570835678,0.028266408150160904,2.0152089841389644,0.5765246968392878,-0.3224365841989437,3.3346927289491504,0.05280209414341549
105.12505331550764,0.39001133558449474,0.04770097219129073,0.014548393606118261,68.62263404764073,0.026971004418444758,0.07241005998123197,4.351082627177018,0.45663002078974035,-0.14294955334919535,3.9043745865010755,0.053330446711183345
88.64180787540192,1.8137303341756592,0.030201437889848803,0.0019208971981967476,68.33328626162321,0.02563023274827579,0.10460963042489158,2.2400561746666976,0.35721690201115663,-0.19400469963710587,22.791106888773182,0.23269606639612778
114.78966983083858,1.3723858270101466,0.037959167697736704,0.012735049550561067,80.00832575257326,0.07295039845045805,0.10028091610571623,4.54915079505487,0.6097046353847551,-0.16600165410472234,9.120634259950824,0.1540100695576316
82.64632793280683,0.39392115307496084,0.012344601887418314,0.0467387306393146,93.2039273489932,0.08752344978833179,0.05505161907085257,3.095262360317164,0.6984545372545531,-0.15034944149027785,10.387072900867512,0.11181652264242589
107.52509636212247,1.1302119839525178,0.07861512078868639,0.05375067617284456,61.41377017826816,0.023883296795798387,0.1215335722718152,4.513676912859379,0.7329380734248515,-0.4454037472362779,10.235071359963355,0.1335365103446983
72.93933899995695,0.8394374426925301,0.09810960958112047,0.057987030383232,90.9347486147613,0.058869581432108624,0.05985100206336443,1.531738324299889,0.4964804012339942,-0.8891578335419212,18.28516535717468,0.15291327963117163
108.5503561837803,1.5042245241537504,0.021852276709002423,0.012938420022380003,80.71214544375638,0.03294310551259898,0.14914716812596523,2.7917986579353062,0.3743870935379874,-0.5718952606618855,11.440323010969154,0.1812525050990978
80.701359435913,0.703931792808945,0.06472233515641114,0.04867136881706041,77.23009029626782,0.11843458034557827,0.08432874663339933,4.340284673191306,0.25312810377283346,-0.32403829663588213,20.762918034346892,0.16001454042039082
117.32658458074744,1.7962039347969678,0.00565860696809454,0.039949399981120376,88.32114545600608,0.1430611469996895,0.1266697977521421,0.8153169218799475,0.5164874973285773,-0.4274324662254363,5.012992650286494,0.13086990487378275
104.26288427259514,0.7014789092397221,0.08402369807032234,0.031501787905645805,67.84329342234138,0.09265439347582057,0.14296745147414536,4.635148297370516,0.7917051475615364,-0.16255244543022818,11.071578258366696,0.1402545064453698
87.54311579534871,1.6282698061827474,0.00524281580234789,0.03263078521325483,83.63410804907019,0.14048874740389727,0.05099053288494343,3.3986795970981882,0.2494692719257049,-0.2650588473294514,12.524682399103904,0.16531782465045045
123.56126714362466,1.3193034474784802,0.05742668755254404,0.03177786068680198,74.90388174148184,0.07881706306116969,0.08703041165708349,0.7027584421985855,0.6664860975579674,-0.3061937193733614,4.007984126237863,0.0999146503796698
84.70842633199487,1.458588149084733,0.0009148277817247482,0.02218549802412113,67.92334687858222,0.02051099942678781,0.04431131589862783,4.879881830342364,0.73910888116603,-0.05683553845851874,15.86924629380934,0.13810276068950655
120.81469586255795,0.8333201584132216,0.030866026405225094,0.017155725331358004,85.84836430337407,0.0740869343980534,0.057957231639937726,2.698992289051227,0.13440801041954714,-0.07966806472103538,2.946023218095942,0.06431938847499989
99.64943608187161,1.4672188183887487,0.02430470248384399,0.045320952324616935,65.84094353971382,0.10886723605176597,0.10517661022137537,1.817862624644122,0.43099311690631104,-0.8025187805415989,12.300438941719555,0.1390095580227445
108.09715764959623,0.5837484609114008,0.08948602124095302,0.047013535354222966,86.65549761798019,0.12182171853479667,0.0987580545506346,4.428355803847799,0.42926992972542544,-0.562836346202594,6.540175140750907,0.09111756178322705
83.2209199000756,0.7590598328010926,0.0706986222644706,0.040185102345126886,93.89902084369521,0.13909088920387475,0.08052845461670897,0.9437997306011323,0.12132869117427786,-0.45143416403319797,9.557749255586677,0.16046825691740724
123.69869011650125,1.8065985165905192,0.07566551687406013,0.012454723192339003,84.46148994105266,0.10618257691515269,0.061908639362378726,2.137899790307167,0.7239790390660321,-0.7683874596605595,6.754169983485432,0.09194817989957063
111.56291154468101,0.3431217777264894,0.02703676449492337,0.03294425024206373,66.72066483160262,0.03324364808290019,0.04683325933584595,2.4100385549558982,0.12859727973675467,-0.6789026572473846,0.8879229445599918,0.020040868394251985
120.46074115313462,1.9177215967014007,0.027854749206847565,0.050829440722696906,72.02866345580483,0.06767803022458672,0.12820329313813178,3.7468630542358596,0.36590835508149755,-0.48784654934249977,8.579248513706919,0.1683975768041987
123.04327500565361,1.4762848335267686,0.008849593609343545,0.0571145578940346,87.67017207078072,0.01736048417211248,0.14522463805095537,1.7106298918168894,0.4701188150539338,-0.4576540907157336,3.0654953524328206,0.08404206575264717
84.88842815249144,0.7409655583795309,0.027672051262642983,0.05772867147819492,94.84635386858946,0.15257039150634097,0.14590352094003772,3.2216608251735988,0.30348901955429586,-0.8532279626400628,6.880813346651343,0.13809060233808795
124.2164897374054,1.5498996789964765,0.047831996506459216,0.026389120712474047,83.9513815536658,0.0992104786857716,0.06394671732488182,3.463930127065791,0.2667982737748855,-0.09311985833682457,5.506996278389383,0.1140850566300284
72.79832206606883,1.3335079102416811,0.08904280493743588,0.022487170150723317,61.893496805264974,0.010998602455594954,0.08679415309336941,2.203274298992115,0.1342132433618914,-0.3089146197993442,33.399205626642164,0.19149378189582802
92.57517334763875,1.3960211843265915,0.0307193055775646,0.05142378556271213,80.52377137648573,0.04154344612119658,0.11879296200851389,2.349532364192283,0.13896092321645886,-0.8776465708961184,12.983766842012985,0.17017528389590506
119.16884996590514,0.45206681283279454,0.03198220875117038,0.01820321343486035,88.13950563432832,0.10691084973963187,0.0719103138583268,1.1748219790622443,0.4261242253909676,-0.2702162240534517,2.1369893480684783,0.05147759441789787
83.54356562988363,0.9044425825008789,0.09537206451878064,0.030648423495810387,93.16674826753979,0.0736922248393966,0.13384914883890958,4.859024342524111,0.7957371881055811,-0.09812268445241357,11.372163945114892,0.18260010028986226
98.06787314199062,0.4429258635020209,0.029800919023444884,0.027724288429496556,82.38235232255617,0.06062022642163331,0.13070281276464463,1.6125172725261305,0.5110646703184472,-0.031359845121824215,7.925316987169109,0.09169968209952514
73.48626972536819,0.9387398888156057,0.07652331244318927,0.043571616076272246,91.10420391321259,0.041360613663399076,0.11663584877460406,1.1345257886937652,0.7294609364972889,-0.10988394381479183,17.658774592912504,0.1748176013569756
87.48062622111371,1.4154401860308754,0.08862298130505558,0.031632046624700455,75.9739156411418,0.1022714709412125,0.02108531750796777,2.6047583427108165,0.7185100757348851,-0.7452382121575454,20.34859189103653,0.11390487497474887
106.81310703474573,0.275785876451803,0.09106072649878982,0.0062144938420804615,74.45922058932793,0.11240944885442085,0.11291593853069254,3.864083130658342,0.6002705345955143,-0.7420522608444017,4.783833120933022,0.05635014694975677
88.69493540281823,1.1280495984521535,0.004449732067520393,0.031910891896015266,68.7726824519942,0.1441651314670939,0.15243798876334153,4.019792394375271,0.7697202947669254,-0.4985727944209479,18.069492610418216,0.19910972179633044
99.77291667874891,0.6350567122045044,0.02741618634451697,0.058671473764448895,78.00657389682777,0.07087450322182062,0.05877726589710591,1.2578712703286752,0.32031558547995015,-0.38333663907480653,6.824192692643824,0.0806421569526189
73.47308883680114,0.5937632407939252,0.02372789594453333,0.000896469087760054,79.71907503883779,0.10767761481768053,0.07613987090283729,1.00169490663002,0.6402190099752959,-0.1958966320063832,25.754172209688626,0.16884501650649958
121.53287935797528,0.43911015999632663,0.054310527141828525,0.029388841534807454,94.18368569404723,0.11641185475380204,0.019492290649504862,2.406008047931779,0.42539059607462737,-0.6327937363444226,0.8483706847329003,0.024363546139403485
119.56001407978513,0.2597031337874739,0.05131274682508516,0.04011105743972225,70.15271748265089,0.08858683609258425,0.053632897121299816,3.011316655155241,0.5809367548684687,-0.45658324570271885,0.4940018210389432,0.017402101977691403
108.19869010678036,0.9264582120890392,0.08755838383199327,0.005028597287042424,78.27355686156213,0.12156200385989414,0.12584420913857836,0.5716977994501926,0.7999728740679302,-0.6827883574253193,10.028470267726199,0.1042643618044966
112.0396590485456,1.80110294606274,0.07039059787978312,0.010863008917205048,68.16380199365874,0.14666855991504613,0.028729529416893322,2.694559275639982,0.6065421590850556,-0.7033834553834941,10.374985937439108,0.10481489089183284
114.08218789086956,0.8781438962011686,0.07706311216192625,0.03526472704112236,89.87649275479879,0.012070456068606995,0.12126071554381529,3.6696787144680547,0.4581282923157953,-0.12181084505385253,5.251510842924762,0.09798980827001129
124.92796566203666,1.7851492440535233,0.07106211320436522,0.01262474883044665,92.48118290811212,0.08462170298288228,0.09446353036352235,1.7204284731908461,0.1622588969228449,-0.047186188984322364,6.165951032801585,0.15215766849938012
72.71810089552788,1.1932732541532156,0.07735416237088386,0.04757443287275239,78.81032967888504,0.1314810154311814,0.05368727206595809,4.304715453511422,0.4438935980421359,-0.8656824256441907,25.95902175115598,0.18118648615958463
102.42226311897022,0.4414282311738069,0.003324542970456037,0.04506945269991284,76.27958311748031,0.022444535470647568,0.09376657145548031,4.315026788105911,0.5445977578764528,-0.3200835579166831,4.519047652814309,0.058677761302348815
121.15478665125806,1.4519208176007876,0.08356609763740802,0.036137773338327586,72.6278474159176,0.05198596255819925,0.018566795686265868,4.6005610534268895,0.6024601435485393,-0.439463080389087,2.1127940033943418,0.04049299306829988
92.32167578937214,1.7747606771481714,0.07593894779957862,0.03934154229087455,78.11953061995418,0.06444407145719647,0.1171407277199647,1.7598057114872439,0.631296599863556,-0.06365654557907485,18.45568710002418,0.23481494407057063
108.76306757457105,1.9024261196664773,0.01685283598093756,0.03345083728502635,65.40973522520729,0.10475130344993346,0.04997174286787212,4.6965598206928645,0.5881812824839715,-0.575008308072451,7.072857277624657,0.10433519461959492
95.02029943496058,0.9376121992427049,0.011361531652733868,0.01012915762825399,85.7476757834126,0.11180687904721773,0.15667381943025596,2.2515616577596043,0.4391525978800196,-0.03592732102399543,12.012205790760602,0.18369217669206658
96.45804445340518,0.5928827884770189,0.05025967264170697,0.0034751833607757575,82.60080446412547,0.12190209553853851,0.1299686560588773,2.888608470163646,0.5958984515318431,-0.6394481984617139,12.400690013134486,0.1244056916497036
80.58517370216782,1.745590713263135,0.08781732376401051,0.005391685166913452,74.40500625739554,0.12269653572273338,0.08336976453395756,2.8113369277713947,0.7317025780806344,-0.3564622259505066,30.28375399557595,0.250074969766756
78.62978085471329,0.45637900821568433,0.01502721191080015,0.02998271640187667,71.24466891484329,0.1335900402581435,0.03147061782993875,3.4527401141085,0.1776377498798648,-0.06572138085581147,21.354783602398687,0.12681343390581976
90.45662267122108,1.3020061471969933,0.033376529651094805,0.030567103600928514,65.0250814528887,0.15058067117106572,0.0307766652547794,3.206747026217024,0.7146076356423501,-0.054135116601074285,14.966049252704977,0.15198066588974163
92.99015776367524,1.2684094379451931,0.07985223512304271,0.03402681991056402,89.23671751120385,0.06134721780709508,0.05316050240766153,4.107116413438874,0.7780433932555507,-0.12466929888914213,12.186253635050981,0.13924607009559364
105.49226632419138,0.33342792788421527,0.07756945193876288,0.03454494882650069,74.26722334635903,0.09592750877830988,0.14216918435469947,4.1917904627367495,0.20280634950208432,-0.642324473400788,6.041902927340596,0.07726822899213588
99.88914001192012,1.8105843125739087,0.05208493994056628,0.020279482964571972,93.94834623814003,0.06478566229775447,0.06130192205019375,4.252798038548857,0.4494763503286441,-0.7110646759492569,7.353665295948695,0.13048991999648044
105.96447203050579,1.0239268682557505,0.06686407956027322,0.05789934391673336,71.80916837267561,0.045551313305778995,0.025561357386574224,1.4261472892526577,0.5983132518750726,-0.028399730057910078,4.435062854457461,0.08143993452476125
120.06421329403838,0.6791135260349518,0.03632469267263796,0.007626447510312295,69.38679795555802,0.04731290993753809,0.03511661838926863,1.295161646184079,0.489669150234314,-0.562438749932307,0.8202451354488914,0.025214683189086828
71.81908624569597,1.7882944667768106,0.07275830874632813,0.011787753745598761,71.28795096030292,0.12788390694137142,0.142564494700821,1.4066256363772798,0.6802528379864069,-0.21143831573637795,33.382540407581885,0.31661761738164584
96.2725693790834,1.3906535336937704,0.024623467877606137,0.010554183927492642,70.88849026651346,0.058041144854391616,0.01058970687143367,4.821386688224214,0.4481578600204801,-0.8322816144894659,9.112364362323154,0.06452050385267857
78.17030812885064,1.7939928865144468,0.04194138237047291,0.030760652200885093,94.55559542183596,0.15805645426230538,0.15271187173292067,4.043010448092046,0.5462940103704602,-0.29048050872876874,7.905786430061524,0.22044102253530673
77.62013995645968,0.8972193186828814,0.07747975947204963,0.022227633734480137,61.94315186109584,0.114614264532324,0.11859263889284136,3.477180755946513,0.7197919152165542,-0.8213266722161745,28.505039999621893,0.17531186898410986
97.2605599622939,0.7317396219492454,0.0652358452796659,0.002352585410676634,82.41313337778604,0.1035193738506194,0.022659070535666827,3.04204462984961,0.5688087904214921,-0.5350746598025924,11.27298207852842,0.0914882810370627
79.30762076707589,1.983061659776496,0.042490959192152816,0.05924446350297333,88.16723917043271,0.04183989751603169,0.10782588387212369,0.6773294467733451,0.6868860461731738,-0.2748047322988898,12.694841140218502,0.1666977073714935
93.37322499873032,0.7944878103808232,0.013627667966903284,0.03248881478041825,83.19211186648131,0.11439244303925669,0.15502854888980105,1.439631386647073,0.757738631519719,-0.7730497292823687,11.605560056626127,0.11655867576882402
76.86969079630848,0.6958390297142963,0.08058942498625385,0.00033970166852382216,75.12644942775572,0.013542498580988424,0.06208412412909664,2.026387827607429,0.626322425461211,-0.06174779377736406,27.38084246952466,0.1102535896338683
96.28245423619774,1.7105462583689188,0.0730949055910997,0.010804601838584527,87.47907168014497,0.06347167878291865,0.016067162031948398,3.1810471650375076,0.6426263844711188,-0.41354874003455294,14.014545645610674,0.10761857159826814
118.89796733229144,0.9768047238262143,0.05880495037301974,0.04447025097057925,85.22529806509263,0.09669200123725999,0.029508947288119272,2.1922832177380416,0.549027309276201,-0.08607808567050446,3.0355392515190327,0.07208151807335407
83.05224399635735,1.5407654106075772,0.05348805515640714,0.0032341948260983344,85.29685437486633,0.12012450388803902,0.030678125154889643,4.895479856066384,0.10101597015847447,-0.7786936180962705,20.029723239505675,0.1747630465211564
94.17020759891693,1.5982641965770286,0.028963190672900343,0.03632243044284957,60.003072813085694,0.13327735103028474,0.058462984951028044,2.916938795146597,0.5026196386916649,-0.6017681573255755,14.712434174786361,0.1487446922306044
120.90279120055207,0.6373813778451112,0.07473095044487822,0.0064790110679642295,92.09646675972937,0.14521215943578017,0.06883278012408964,3.9273022317242243,0.748891321950259,-0.3901587611938889,2.9140790024130703,0.0641110216162539
89.76956859284104,1.3097352687454549,0.031666028294583794,0.006525010434731416,84.06153592939259,0.08764370827904597,0.09685451021754253,3.7347218271150484,0.29717623410266103,-0.17396456442383212,15.93103598775062,0.20019707919586052
74.94740144942584,1.717376259550295,0.09773562595345758,0.005402999893765547,73.25501726200771,0.018596084264611748,0.12474624396954921,1.6913192518726987,0.7940753961904023,-0.784827895309633,35.02133399546582,0.22021238950501645
106.02293983236677,0.320562956435297,0.0982253268285162,0.02186900552970942,65.57886193672574,0.07054059021230821,0.157893812045124,3.217550216649015,0.3676415028530591,-0.8405959997696272,5.549546416875661,0.0637887731361627
107.4390518056502,1.2517742288805538,0.09942489912471175,0.05671039351031917,63.585917828457205,0.1497070126029724,0.0755954912582088,4.555134651876379,0.487014397323958,-0.5102335639766473,11.342655582578425,0.1353612548770324
110.19843895578691,1.1025366504358238,0.06989232595734403,0.0457083223073037,86.70486370487666,0.042483211494169594,0.055999846115992395,3.4692530318983086,0.3670842368874373,-0.308162133794855,5.49724284069671,0.08445615267976665
86.75394033803808,1.0324370219643775,0.010434743274823292,0.03281253537667641,65.48466132218516,0.12746300225547516,0.06248668982604881,4.9261691487227415,0.4192402467665366,-0.7568555983573225,16.601653150950753,0.13730772698369384
113.65532780937707,0.6985820554458271,0.0769543254401646,0.02035479236763382,66.57889465342575,0.054378376427661794,0.13245787017946847,4.7694535148190065,0.1737337633905116,-0.8220161006347152,7.371731433589933,0.1049164548578618
88.90680126651233,1.42981629607527,0.005950716219993122,0.020473626294774307,87.64051017398177,0.04172586103347822,0.11797037769222049,3.0566260122416553,0.7378238526684021,-0.11601193470156812,11.57698369046236,0.1894498311605448
90.82735138112655,0.7750707065413959,0.09867716637683682,0.013084090542552282,70.27000753830268,0.08388662573741228,0.02056594391560482,4.273958289395074,0.6849980128951274,-0.4934171829041798,16.671539406132776,0.09315485881096514
127.47505432063258,0.2771310114299924,0.0728112238324286,0.059962190881843534,77.55176585285355,0.11118571106226234,0.03798033975605242,2.3575582519359264,0.5166239448859649,-0.30527854466695337,0.3909238677442679,0.017657407956236274
76.01700263459637,1.5296700262298817,0.02904251309579723,0.04218822441750271,62.54481323766423,0.03851775741681357,0.1475905884310601,1.067905625775072,0.6903347942033309,-0.794561708715291,25.005159009964473,0.16361787973548492
99.34041406823694,1.603764715004582,0.07191860843162905,0.041775325214428914,61.839149544200076,0.13586095765004014,0.09394083611056411,4.124455403376757,0.6823258403501063,-0.5384031976746597,16.704507830955293,0.17966495870858595
109.24955822976797,1.7910560327350495,0.04766059159105848,0.019785241138908564,71.88279363829959,0.04062912745579741,0.14696572538233393,2.740684485055801,0.6609976254881319,-0.4648205460311031,14.477237281964205,0.20557139290099358
98.94314308897171,0.8127172675479105,0.09646013551791466,0.038191687157254225,78.63463003049353,0.07427485251834523,0.0495291783323469,3.4798197411051883,0.7623780464061335,-0.6906072406447631,10.651290036188172,0.08364869062073962
123.95196537294908,1.975756111329242,0.007084650779462582,0.04634503905229615,67.27001408022403,0.05548912415171099,0.0164141822005962,3.5659786841412213,0.10472141274075966,-0.595360029387087,0.6396789946713723,0.02513314901363139
115.06308121192502,0.8583327118077012,0.00731242615140368,0.05688078332512776,91.67938022029182,0.05977512009554149,0.12912705126706972,4.162855327722047,0.7948246886814105,-0.8701836600359861,2.6226736076660724,0.054112798176968055
88.1986748672344,0.46956770425215866,0.06436121359749174,0.05257126218321179,81.99016545586181,0.04382973920205765,0.07796612734941855,3.9954652339198162,0.746680725943589,-0.45597852338790024,13.684329050704713,0.09070395150944685
101.68168033943789,0.6590673009967132,0.034375032962106616,0.036051630069122265,69.17488027556543,0.05991604036893831,0.11057452322099125,3.1595410738489904,0.2455915013693546,-0.24890083748145975,8.642292035076103,0.10534781807219237
86.5292626574377,0.6493369670912822,0.08006447184604473,0.03315537951846606,84.24912217067904,0.10408887771525462,0.13288229366362178,4.0768850150564955,0.19632458004820819,-0.3590036144958264,16.621544531128755,0.16748930833309716
117.09983756357946,1.6547271716264103,0.04334449577149475,0.009759954368420403,81.58547841837878,0.14148099437726452,0.07027277153378354,4.637616686415682,0.7043053128550808,-0.032017765457365566,8.635893451552528,0.15342422564634114
103.95441344014849,0.8680222849252103,0.02128250221625125,0.006014111279963332,88.37238022112285,0.08773258579779158,0.11091905906448919,1.3406600205333707,0.5294520819076478,-0.5355296424132285,7.353820850566138,0.10245913339839866
75.98648215967306,1.5769829785586775,0.02191626165216946,0.004675152878163731,78.90412728016966,0.05863037241939202,0.15296954735564397,3.7503570715043955,0.7967280928528943,-0.7555725839100104,24.43653034621706,0.26249854777147774
98.16083276653052,1.7796415580870086,0.00038994779985832917,0.05812105413132923,82.81746407592415,0.13675827922420838,0.022533210180100093,4.398460949881957,0.41651121595484697,-0.13769190022326883,5.385433645363694,0.0891473184921827
100.59029305253246,1.6993508529399932,0.026911257710186327,0.011697067477388946,68.5136068303935,0.10069679120182051,0.024452710481279435,2.842186783117825,0.30631818042353937,-0.5392216992258037,10.814460252025016,0.11196340358760462
110.67298316601465,1.38906918499901,0.059436220995986534,0.051398915348916024,79.2424178296628,0.04049621723609411,0.07064697256513502,1.9285737426843934,0.7930455295281938,-0.6069468728082973,5.056698717806324,0.07294531019982073
115.54984822172383,1.4241185060361186,0.0074260168905961495,0.026100693155170083,62.03536906242993,0.06316305029210349,0.046355985090350924,1.0159101970275337,0.2927243603472194,-0.8430933558448632,3.0269570411427384,0.04940953132538596
103.06010629113294,1.3988881898952492,0.07929386959342266,0.03170424852295614,84.32083415475063,0.10491328524346658,0.12290068301330413,2.688210365570832,0.769071334313285,-0.8623491776521581,12.304824623289647,0.14554250458655074
106.17730214545007,1.4612218301113806,0.0650306494575644,0.008277603212062942,88.73400976930266,0.06916619885552874,0.11645761983980699,3.786814731423056,0.6694957770770233,-0.3140309813060792,10.575339079806774,0.1736765408498762
91.28273145910232,1.5648114956052321,0.06369459456883814,0.0069026483679486645,83.3456734886232,0.14173913880564756,0.14973021812926546,2.4655100295230272,0.6601312385618264,-0.18966271868743223,18.282044909337916,0.2734206299661253
70.22668275762635,1.2082103732352247,0.041453720106218325,0.009010415367001636,64.38606543604831,0.157953524868469,0.08730252588661551,2.4832828846427786,0.3888398021181194,-0.6894410960568931,33.622475708354784,0.22517875350911082
129.17278353185128,1.115492253123453,0.06675617616429123,0.010305278624103981,64.71767004514892,0.05956182671056465,0.08151511704771944,0.7877110601679553,0.6713627448088134,-0.4008388224909657,2.5424502302761214,0.07031983344910912
99.85718586496604,1.9992451930073474,0.07771849551765919,0.01774074978624361,85.52346873260598,0.04015906827388307,0.11760086977061128,1.0245574351347035,0.6573765471937973,-0.43241210763277627,15.134747330970944,0.17863347307257035
79.4551343637335,1.0820807544637479,0.034968227766519075,0.053813744987023196,82.31548017980658,0.15743142146783062,0.1558884337789667,2.1264937982545393,0.4780485021731561,-0.3681326000979408,17.77800028533167,0.22580922712420723
113.34271249560989,1.1906989634233622,0.023897973887179586,0.05860502710944367,80.26085301616757,0.11991748087814028,0.13670881446348088,2.95069412149078,0.2935296724245578,-0.5958008909945338,7.401894106429868,0.13613743041333062
72.57028783836228,0.5595862588251845,0.01764503266007373,0.04726025550777592,83.01080607923879,0.0461167265046738,0.08874636559688687,1.6792638489442837,0.5661241843151678,-0.5437141728731656,22.70551311362838,0.1309520755960432
110.73120719040938,1.7147827660830117,0.0017382339759830006,0.0014633826028977687,85.76046556294685,0.1230867341846088,0.14770382486611866,2.488081940840507,0.28996384994750657,-0.6942780752087725,10.053496189825527,0.20098330100376527
106.09696289119137,0.568620324175161,0.09418507722715598,0.017640175859335427,83.9267306228618,0.0990026837644167,0.09880481399027748,1.4672407952732947,0.5186539949459524,-0.5216110302468189,7.422652000107564,0.08818230967850221
75.41773618726135,1.0932389276781989,0.0664466612569169,0.036859589177116486,61.38403134424143,0.11092675222328409,0.12531338213873716,2.282655232440529,0.3862758703050171,-0.7629379758705968,29.098645817154413,0.20390864362892527
105.22003659780913,1.2037369047568132,0.097383895431718,0.038479551341946416,94.99790032078951,0.04786153150242162,0.08849739998446583,3.489853341433487,0.6772443707078852,-0.41552755406638797,5.877966410021698,0.10913528806139407
107.34434233431918,1.2243866349488357,0.0905436864456415,0.04206708556697166,62.70666083500083,0.034079231273890925,0.15185176238456957,3.046613512057531,0.5730287610070687,-0.35371006807777816,13.671221935292076,0.17246266441979974
117.46080244494851,1.1753606560587746,0.09851851240573146,0.0226698813070917,81.9000739597638,0.11343725840211573,0.06470133915037876,3.5069074213425804,0.34152961461438924,-0.09708776503528582,7.9235083833256486,0.12305103339264707
109.41078532798313,1.3511407948163887,0.09458520530866954,0.003725197133606274,63.6918742498516,0.1434495428367915,0.15442644617539986,1.3009468591031945,0.30002643710583743,-0.3464226180569532,18.425110558661814,0.23313192154315313
126.95216426846366,0.6525528610114363,0.06998992384788787,0.05030446927538966,60.90099973340892,0.13381855874413415,0.04415193176716548,2.4292244050239047,0.1499983082885828,-0.8011649863456826,2.064140649592381,0.048476856723140525
117.13185199378168,1.769611078536173,0.07848718179268173,0.04458416434374738,71.7422996355191,0.13467707080421734,0.01500191418540684,2.5488049957644985,0.7784987083413051,-0.6874875899073554,3.930461592370298,0.05517855528648855
124.38318367389718,1.7282631199844876,0.08299004903571346,0.054383624962832985,84.60267765186802,0.03591380598224657,0.039090893922309716,0.6370300058494704,0.61368776331254,-0.01944936658749008,2.3841580408758904,0.08860207057054337
116.0325480921482,0.2503117087386492,0.08156904564918624,0.05564706272803833,76.99029462339698,0.11132906692267687,0.14640173291628628,4.963054607942794,0.7118145297322892,-0.8919882718443819,1.4145967681429614,0.02759048322715748
102.17024673152781,0.8649603320228354,0.09557551452528062,0.04711525949996038,84.6370431686513,0.05653383732483268,0.06106150221666355,1.2285016235672161,0.3225443461058354,-0.6099757527000929,8.654964204000178,0.08694667332881492
111.62242384560977,1.2599437217611573,0.020323792697896984,0.05113810858531694,87.18524878815782,0.07829365832214676,0.09295777784732276,1.5570879807453324,0.24397168615059753,-0.22701120503891548,5.449808793248832,0.11100980381834462
105.79640499193596,1.2532009178540056,0.009552575741857462,0.05528575616363278,73.95400457891726,0.057078806609936944,0.11270995995265932,2.4896314386444107,0.23677830812649264,-0.5376401898058776,8.086268141701083,0.12449564616693624
72.05260564109587,0.874637199493204,0.01587461089120776,0.007186193810756559,78.93551224032412,0.06944408521264107,0.12300733210954169,3.9829775676561745,0.1565709829985371,-0.023071987163675867,25.42074323266775,0.2207918280951352
102.0772168404111,1.4383825093285616,0.035123527578085824,0.005253156955631753,79.74876697578615,0.14680368935142607,0.10488085287629477,1.4511086335045016,0.1294569347694571,-0.5510238071958327,15.024783054353705,0.21073584303678347
86.20680652518003,1.1370792967631473,0.005335155182941235,0.013633029710696654,65.15848878232616,0.10442566977937712,0.14790739793501115,2.3263175133104923,0.514249100502769,-0.5456429094095607,21.002445048119235,0.19937631219987256
70.7441332395622,0.5099766731209461,0.09617555241575143,0.04986703144007132,94.21691273558974,0.048633095242115516,0.07413854483851764,1.8896812567012546,0.18278786108919887,-0.787903612436042,14.887251896902406,0.15397769220860788
71.07902457340644,1.3420629760208704,0.03101842363884046,0.053056586438754494,70.22458178453185,0.12521397891195918,0.09244937654404232,0.7312506859471248,0.3795738345335561,-0.5816405697019296,26.081647363337222,0.2090836437740048
106.46668286491317,0.4773006623040667,0.05903406858040836,0.041593144860538146,90.2133666457169,0.15605255869342227,0.15771921102243022,4.615458736196954,0.3803172305778316,-0.6488271784151718,6.309576021943725,0.1016317585265716
91.36751061074355,0.48464689792022175,0.0915149737614864,0.01170212512773382,81.01870750009908,0.017042878975385034,0.06653746569517772,0.8852437573620244,0.34551961903610895,-0.19095294653222494,12.736029614997742,0.06842934004712413
106.90280777352947,1.5866580157202814,0.08420406207276848,0.0030743496695807278,87.24256690147561,0.08864859715598658,0.08195027885145112,3.435591078328738,0.7207693155172031,-0.5075439348892825,12.632916865274717,0.16232769380039574
127.82189239960238,1.0948034236034863,0.020128883720180585,0.004700613076916028,87.80920453785798,0.1488051330647964,0.06277607603923586,3.7369700226166915,0.42111057251336337,-0.8552455523790088,2.8565753098967086,0.06179959739597287
86.73026920390338,0.47866834001368674,0.030466874893968866,0.027932749259297864,71.99833531733668,0.15682104886957618,0.015468739214250515,3.6584200516789833,0.21011777209440785,-0.8423495524132764,15.953627102105804,0.11098506405599803
99.55439226270013,0.3551730657019863,0.08819016834088743,0.00857742254235746,64.62975208928701,0.040335846764052774,0.02997354126385514,0.7247443204472,0.6419561650615303,-0.37203888485951686,6.110473107525333,0.05259157698837743
88.88179974203906,1.9069472081376493,0.05270039842448975,0.040796180184640866,73.34105471948872,0.14445407583467643,0.11143973793336072,3.727797272960352,0.2918990958604488,-0.7003654128628705,20.42256575477014,0.24814147938602735
86.31995052298993,1.8379525751441743,0.04016461413606767,0.02903257276013297,93.87348514360636,0.0770002376031311,0.035939464994366996,1.858743890590422,0.5424587816216173,-0.04798089247441839,8.702277860118949,0.14447558444425676
73.72106615815159,1.0130623577354219,0.041285742871767284,0.023657104541826228,85.56397182888055,0.11954640293903421,0.03953557134999783,2.1416514796461446,0.2266463529369844,-0.28854372078469537,20.631317469839292,0.192621001016398
72.10080453544906,0.4203240270590986,0.09542892384649782,0.0587409248975074,67.74626959560399,0.10389397276410571,0.03656994915987151,4.233358947693295,0.11679694546493971,-0.48015651075980476,28.39212346126719,0.11469539590918228
105.40377909994743,0.8025496712974087,0.04605084868269472,0.052789573386733055,86.52798075649167,0.12728791825799304,0.1385909483641058,2.7776116648816607,0.5121996908125233,-0.7166594867110294,7.584542980278818,0.1106614638755333
94.70829823194131,1.7724530023903786,0.0482446568630113,0.04489800466979174,79.61232428816902,0.05059179196790466,0.09676674846310901,3.2670765531201367,0.32319198739689414,-0.3320386151575977,14.662923568189857,0.195092371019583
77.93430953513081,1.814635206582306,0.021508331971550065,0.049581036442973535,69.62751164731608,0.01083749438453763,0.10509945756328225,2.934218429978692,0.33092335887200947,-0.4383858181078646,21.123958137898306,0.21311218003402532
72.97889785654898,1.8937727760875585,0.02482093511933995,0.055524587203539325,63.424874733890505,0.14188781475967777,0.09064677971212935,3.523941529930977,0.3826035879656271,-0.6140975404987269,25.21748747141006,0.2327230066269749
107.18354526788691,0.38507922723192173,0.0811240073602406,0.012798266878175242,64.51013482225207,0.14802882491354408,0.0839984236057505,2.7536232304108337,0.716246334248803,-0.8860351604769033,6.008024628149075,0.061421555606254716
85.39363899628863,1.9683037844639235,0.014048169572415484,0.03335400409146166,85.1942511314461,0.09533011805285878,0.1400568837581395,3.837718108893003,0.3209513569734828,-0.7634898725456665,13.432177613670692,0.2416715532624639
71.62610497328932,0.8002648096551639,0.01330808401010667,0.048582004505650325,84.39098078639489,0.061966567232091374,0.1488481694512315,1.8193914192492917,0.3520844036137619,-0.31092531615981644,18.944929062596955,0.1909159324125831
119.26171845855487,1.7837822272388975,0.04287290796066137,0.02511066146907934,79.3186941397659,0.11322939982596053,0.06353478474237183,2.0736106318017367,0.6687042784170966,-0.5247386776130822,6.257811901980645,0.10654506505174152
123.21524098604911,1.4702817963741772,0.04219282229069393,0.04659137502802515,64.18814565283027,0.14286578808880654,0.12277168316532043,4.321564649178203,0.12313392046479481,-0.44832616176798307,8.796845562035902,0.1666715660602326
103.42241912684955,1.4407091656189186,0.07503583395946367,0.027317404417311442,64.21035583883759,0.11622702833377214,0.05762747970229784,3.5170998863561835,0.5071733210982756,-0.5193947318344048,13.276353957185268,0.13766110505842205
88.08012158854443,0.9989411825539241,0.06517243649489167,0.009954346208133232,92.3683245494937,0.1537541903630654,0.13770572850546928,4.674105252891519,0.23503687961645736,-0.39189003652481347,11.119973687589438,0.196234716346235
80.2988353076885,1.401989196482502,0.0676420973391801,0.020910506053959776,87.03795562711932,0.10705505546691092,0.027886555866744482,0.9252635919779294,0.32646454417097776,-0.028823831191174487,18.550718907389204,0.20570334385448433
110.02344944420082,0.9966914455494071,0.008374406091811925,0.038700035464476736,75.51484586149735,0.11019289543400511,0.029790717178446162,0.7473852429621791,0.437680266770341,-0.4995644080500557,4.912431141505726,0.0822361181387816
102.6439966985893,1.5188604135549602,0.022245394593325196,0.022043001664116244,71.92478369594662,0.09654040411863876,0.11968938093322123,4.91854196305063,0.7509401096512872,-0.5609801007982838,13.817272030572148,0.18129685695960487
101.19925206040972,1.0594904376724266,0.03452923190899199,0.008591919064114684,76.56884924436704,0.02307296886953291,0.04788902466943494,2.714680525617228,0.14304546868265114,-0.6284007325151985,8.728665351454037,0.09187537721934294
115.48335126120037,0.9005188009707851,0.034797379851581225,0.0343054395574227,89.667165935356,0.05464729754750662,0.012321299873583463,3.2230259290308387,0.2768953632410232,-0.34246869354716325,1.1612015000670803,0.029090001407018822
93.97959166277869,1.765811897146097,0.006384239848671153,0.014633789383901396,62.39739516613668,0.13064921686213518,0.018880671219836387,4.268346688161927,0.2541583051670767,-0.010253439052704927,11.892677207489081,0.1254726102251445
73.59802793978402,1.1597968262111724,0.09379612773987711,0.03448026338097141,65.5476578030556,0.02164655237745146,0.04141591007874004,3.3868372588317825,0.20032544003869526,-0.7413002659472071,30.594243223162458,0.13158843797176098
99.26091615117348,0.8618941247031181,0.01394148521783587,0.052704214051926546,83.4389855030227,0.12005045231713368,0.14999589324802207,3.246586651297058,0.7439054644367242,-0.45039693769170785,9.2775188023696,0.13395414872344336
70.78643763527737,1.5746864650668173,0.017714483605351578,0.01469020931057615,63.65724629786384,0.04518634953566155,0.045098480599398784,2.5928807137830967,0.6050815523408659,-0.4967588414490846,29.974144512332618,0.15643612845489302
84.80279536594125,1.972234017396522,0.05960776104260044,0.04706659005501775,65.24290627742462,0.09299721288518414,0.014717653290020581,2.0752496165036636,0.6652925095567327,-0.632041662282876,18.621255606210777,0.1081700533059251
95.31170277991035,1.5140273912547983,0.07880258903810194,0.009838299373765715,66.90408441258276,0.055610960445616045,0.042688782769865895,3.4110042347970224,0.44881563003108527,-0.2561831670383061,18.00080451588016,0.1480738951440427
88.35587035508102,1.3702897601837354,0.05004765761521551,0.022385568157599803,87.96927031916526,0.020228123834642474,0.07397261516556333,4.913367302112127,0.16824581714726222,-0.1431907302400216,14.11997457216738,0.17564441716208293
89.5204692310916,0.6627655398663492,0.021048882703749928,0.04817673708154999,60.30451706284039,0.14766518793089953,0.10650699526859324,2.444959459795899,0.7411598879318216,-0.5857652553166398,15.24729976804025,0.12912012314712049
116.62835393830272,0.34215102911999595,0.00933409959340297,0.004835843218097793,82.25460331912336,0.09197070063721552,0.10223704604882475,4.793546875300718,0.24425299716841328,-0.8359394518233103,1.8992695871308742,0.03937682245213082
128.10624831275464,1.4827742024655304,0.07580153926233991,0.04606512589861012,89.22234180719332,0.10876570886145982,0.1563506821603285,1.862049475522364,0.7082950402520811,-0.3191366154685932,5.632211027471464,0.1373600120578558
102.14415797786347,1.3644212475406627,0.07019595680686071,0.009158138305411463,69.48923608946647,0.10744949937886039,0.07349813886848205,0.8655955386646914,0.5918703294335669,-0.4732394766615109,15.01175906819538,0.15452211286645248
97.07848722041999,0.37152132609977334,0.026399900753594937,0.02477789455404463,79.11031969545628,0.013632657411474467,0.14575936521118407,2.3274396355778686,0.4016856899118001,-0.241012662560812,7.135283092681748,0.06881547661639843
80.95293125535933,0.6003682731429989,0.06659932842158366,0.046482708041927966,90.1787036678473,0.025781046881709763,0.015757042809817805,4.134644347147492,0.6555827461860985,-0.5372700875672779,17.150721098199917,0.08236567886400295
108.67364726924595,0.6569675302870732,0.012044766724975932,0.04365542985978813,77.2706564952391,0.021485149686584867,0.07002599276205967,1.2789092704109077,0.6145475228181293,-0.14090786658524646,1.9778687119969156,0.04697137872594439
83.47347108655214,1.3215158298971144,0.07791616764087042,0.03836622106547601,63.75550066423622,0.07138754059739182,0.0742485409334924,0.7621423989992181,0.4540539482672108,-0.32084853709231964,22.83503860900191,0.1669657011892764
129.4247038867237,0.9884956636210003,0.0034144037491186316,0.032903398529493304,63.460480228390566,0.15207754643911364,0.05579244145503391,3.426087652054414,0.5799255702766968,-0.31666878225602546,2.1025599771386023,0.06072143769977784
97.51515834507205,1.897501608982345,0.08889993576963001,0.044721307613119335,79.15486384727552,0.052664933595176676,0.09977551617744346,2.9713552858682974,0.7036230390979844,-0.28735026663574803,16.7377034822593,0.20506579015364648
84.6424555997152,1.5997622824101583,0.08060120610710876,0.0002417243210238679,68.12283815970164,0.050986694268816204,0.041708585594725456,4.724725232013427,0.4937196540078034,-0.4875888388701549,27.21599585123599,0.16299786564637855
109.86874857047766,1.7762305815252901,0.08028903441008084,0.04185714357911708,75.80229124534922,0.12543515120561963,0.06038371201782677,3.4423091226767997,0.19461366789500117,-0.20563594583328126,11.480818294502557,0.158736954045077
100.23707665439484,1.8599711402967891,0.060252652459800576,0.029090137276444532,81.25532059189003,0.12073070148062083,0.12636575549373144,1.397335203748032,0.7109918887495603,-0.09747322438643502,14.312775974130751,0.23618047278487694
128.7466722703491,0.991047828339906,0.046611411130485586,0.00460648513174923,64.8534491479863,0.08267935717923147,0.15362798798872082,4.928010584147673,0.18041988827672023,-0.6307667685320415,7.178802437837166,0.1351042677532562
128.20817907763467,0.8282819023948089,0.09166559628317408,0.056008846433742696,66.46476363033177,0.110680133882734,0.025975258126193453,1.2743337101950516,0.23536411605895077,-0.13096288739980333,2.7712164192334336,0.06544959274399764
92.03733583876134,1.2046181173122472,0.09600954936495806,0.03520893324234679,85.3059327960689,0.08937817141722232,0.07167088999572027,1.90632691475433,0.4802139589154637,-0.7499760966752195,15.231560140651503,0.14397830379056953
91.43428310928616,1.5797542122228192,0.01846929480840375,0.033093256040198415,71.50371880986498,0.10639194743265637,0.15747698428828244,4.50384495848536,0.6223783031794918,-0.3699663408622005,18.779589156557694,0.25055701078588616
107.0340556535491,1.7028639593250479,0.027359830122449753,0.01855665133060995,69.94297015586892,0.010479893053966821,0.031391433023440454,0.6733210391857397,0.5985544497186499,-0.7247633351308642,1.9843651634287907,0.03251485364929633
115.25176703558147,0.9844258755005184,0.05811940094176145,0.0070747919733989565,82.88844609460813,0.06250034868289453,0.0752695814315148,0.541027186234402,0.5480341040366754,-0.8787944846784731,3.114839997818198,0.03813186153315698
119.06278986671919,0.9235224562587186,0.07004987908664616,0.0223067971007714,93.25225572001412,0.10599939952563356,0.03892852048933853,4.944890858661124,0.4596607303018848,-0.7193032005929217,2.6119775517398733,0.0504037527084903
97.02063714369632,0.28792685386295197,0.08203849756180967,0.035706584523981226,80.8039105132066,0.12479582008130703,0.1596451745052668,4.099281176895698,0.7325755911562851,-0.6119678543838337,9.857591684826973,0.08962332952899908
71.58269131693281,0.3125143555409905,0.00215490847328379,0.02268986921775414,92.2116044750253,0.14086590207389063,0.14036722556850495,0.8794740219250244,0.5286500891884464,-0.5761707913234897,15.381463189916465,0.16058711194899628
70.29361667901925,1.5240610012951494,0.09274011416298997,0.04293505899545121,80.87438427126814,0.09519072820583924,0.048276680908914384,4.868525095089961,0.6160368177955774,-0.7528809405989373,27.662128340436425,0.19491463741763027
124.64340567918059,1.9911971325905764,0.055618416664467346,0.02020941239151184,90.5181868209526,0.06388661834037612,0.11959749351664405,1.1237479969748376,0.5646270526889036,-0.5029732606308273,5.398954825266317,0.11636419697664564
74.3021602284336,0.43513216300293567,0.0047690750273663846,0.04930781102548996,88.65388206727181,0.14393755956656978,0.02917622049563208,2.6131232620247173,0.4913843732010871,-0.49865156167205005,17.030713514114062,0.14891664484910708
107.96723951759441,1.1496603950678024,0.057210998532584004,0.03535923295000224,87.29158342560666,0.03828702841584163,0.1268183168508343,3.3524213517089363,0.43853400112384033,-0.6818182394445633,8.256942922684244,0.1268769209511279
114.4984040394721,1.3479310570366845,0.05927037452646207,0.0050792489683343526,92.27732642429244,0.10511825279036592,0.14285169488777036,3.845428178893946,0.33500528640127547,-0.14764800117753674,7.386080892060317,0.1723957581967295
95.39572856911838,1.9227007439043367,0.007757428747625307,0.05943077727039725,81.69354349455374,0.11258581669740048,0.13519779804779936,2.5657147134160234,0.3109694050870081,-0.7545432692055627,10.809254201740629,0.1915142927303283
105.57766535075355,1.9201995217575656,0.08179077423590647,0.03968744735573715,61.54868173221049,0.04128646219775579,0.026305088275777523,2.9432867709478208,0.2896826554873869,-0.746487023912681,9.804564436573905,0.09191592964461058
74.08699928375782,0.6345728901371119,0.08484259444942183,0.0016389416508192144,77.63787095463745,0.12337703494362948,0.026600308480987066,1.4104845807163313,0.40279267542144037,-0.35346077556139643,28.552540723396035,0.16579545778354174
93.46794412806561,0.7684228485159526,0.032300775279268674,0.0122547383358761,76.52517372817474,0.04452514504623025,0.11399046013565799,3.9343918918250487,0.7517457217404929,-0.6178276866406737,14.107614581158952,0.12321773004501888
108.48170277856525,0.28409885548724767,0.0746148963012808,0.01839411842382771,67.77630956300993,0.14983009681374143,0.05530571708479472,1.2503798568533417,0.4033032663430799,-0.2841812275478828,4.889039974535984,0.0704758743789146
109.96382329043172,1.9529129207684026,0.07254264741382915,0.01112525080884816,90.30414480700586,0.016753755594636432,0.09006174738059447,1.9727386870169692,0.2387429434966363,-0.11829709395415022,10.568652578633243,0.17680927890905065
92.24732837679827,1.2979193193276155,0.03011435039990984,0.01148935461079509,75.22184520562865,0.06074244707908556,0.06981247434207924,3.083556223621621,0.4343832997497791,-0.7660802437470812,16.072924334740428,0.14117204247123974
96.8749084933867,0.2806048205108841,0.020254926241218173,0.016934921271323813,71.32373890944824,0.10009842760466134,0.10116075176265506,3.932248339645385,0.28695050646872056,-0.550048570741879,8.34848535008018,0.0790027330633039
76.48070941452657,0.9126778909534136,0.09319116097645826,0.008745078577152727,69.93795549671559,0.04363149553462541,0.05837311706311884,4.1569835602150995,0.25353656527675794,-0.4055675818733553,29.379064870591307,0.15042290029771624
71.44360767464634,0.8503177940956904,0.09363193162243345,0.04975093104436534,87.90226512148827,0.15707630447009502,0.03254433125679499,4.000647834465424,0.4928693852417948,-0.15566564970647312,21.102070364942232,0.18504549651583993
99.51490151481246,1.4437867973769642,0.05660670199733508,0.05248642866661187,79.47663160843368,0.14726082126618056,0.09400596609932155,0.5894245292704146,0.29085569704211117,-0.4182283301770358,12.908907818359033,0.18323472735880245
108.26670649003685,0.29493165139988964,0.04689767089399954,0.03377078869914412,87.45531846769538,0.06210203649005437,0.15060266322533564,1.040997377881498,0.663209303010383,-0.765246141644617,1.902584611374407,0.028027298825443348
109.53906515799746,1.3836383978044084,0.0296687612187798,0.02296930758861117,75.92429494349761,0.11167638285870021,0.13140008506696485,1.631166865625873,0.3100450214524214,-0.05561835146225769,11.716426505660756,0.1948111634903799
80.22593463298952,0.2830092763918869,0.09624359281810749,0.05735630429634515,65.96991902859062,0.13339146120565792,0.15093582792859556,2.2087407833672232,0.7428199186866633,-0.5650568500205688,21.76318527031464,0.11572009739975075
128.39388898044405,1.9184014338323658,0.0105461655200667,0.056158134949199516,76.45969731004578,0.06616825255906322,0.06005938884240041,0.9755247108251595,0.34014507524947124,-0.1724619260206055,2.601367126475782,0.08413646786840112
85.27144525392055,0.5254133869555102,0.03645862576750144,0.025351789063607817,91.20983917601524,0.11043402200491126,0.14129716116513433,4.45082026133711,0.6860434808148927,-0.08935468158677518,11.50691416929982,0.15046432453493983
93.11904641239406,0.91912523069931,0.005034737195085869,0.036263512265024646,82.08643143566758,0.01892374837559569,0.11459015213267269,2.6073254780094444,0.2174346126959052,-0.6023549752552682,10.89806833160639,0.12534126907301732
118.39455897411058,0.6817640286216894,0.009263325690107004,0.0208565423631643,65.89386474036716,0.06846701649358973,0.1355793562201185,2.622031086394528,0.6056056291218218,-0.4095732982331168,3.585687918821971,0.07034898059302079
73.87180207635254,0.5807006158186897,0.040932409000818445,0.025179377395380172,70.6767761515063,0.033951381367809785,0.03436542911529734,3.9098417559093743,0.46216592115973687,-0.5971203381151199,26.567329830905187,0.09127581170549467
86.83776230430966,1.5481435436391098,0.06568884786560285,0.030112807251962602,94.40503359938731,0.09723815339097142,0.151599710543819,3.267711820442183,0.30718601405303914,-0.345076727512999,7.997338807116432,0.19622152306070173
110.21695134484176,1.4646494513223496,0.09502871137085679,0.056372182454705995,61.085894528635556,0.071344102092545,0.0572519661696193,3.826177738017312,0.17424974898801154,-0.7796292951816878,8.942188863453596,0.11507928532828736
112.47145251566295,1.7485891982610977,0.014948414056201391,0.027688609922355334,93.3576383287531,0.02550698786400201,0.07775334042473431,4.35919970049612,0.40580655291543577,-0.8758730826362482,3.8071926829335747,0.09002173175927682
101.85139899578743,1.2740819901528802,0.0752295126532028,0.003688179298943349,90.71689712582304,0.12434972585645133,0.021278064197845635,3.3040344505294774,0.10031708864025557,-0.5866378966096377,9.691937981046031,0.12175114597510563
125.28932164279524,1.4846695723439212,0.00761345681443779,0.01887681756382412,64.15114305623358,0.06245426329820727,0.03287219474075581,2.0860481748483974,0.35993767719828273,-0.3837874520790986,1.7377632764772433,0.0485127551342263
99.74692976248699,0.49348302639077574,0.0461653999132762,0.005584623394809589,72.87274263334407,0.014865991378564565,0.04276950773597058,0.7122710846843285,0.26300280402927445,-0.2348189434556257,4.997305717320509,0.04503726171835529
120.36811430966968,1.48097430857815,0.05994898337067023,0.03959783850558982,76.11760182683676,0.06381046755059845,0.018348596772943322,4.430079042803658,0.34815161200936817,-0.5724838963914007,1.7733844544284532,0.03656239969571358
126.0356175235143,0.2671750990326696,0.008980911485342778,0.03416350195458171,93.4187764937584,0.023517742086508784,0.158918535900908,0.8280899084955813,0.21138697778854826,-0.31436579481846905,0.020463190833142134,0.0027598576179170917
122.95447464220997,1.6938217038279784,0.08270556307808423,0.0589371049866441,63.182587136689364,0.04741099898118829,0.06520163830974367,1.6657388769720922,0.11812579825523604,-0.5844563705727813,5.460176187889129,0.09520849339869314
129.32106779524582,0.30402297581291643,0.02753052016887513,0.020563569098138387,60.092929696890614,0.09113644616849477,0.1561753048661832,1.4307882446135656,0.11299753670349437,-0.22152900799989295,0.6098135701169471,0.02315339955214517
128.622769006603,0.933996280566905,0.008147811284614939,0.02158818121048086,81.52232733687846,0.15696965370717367,0.07899178388389143,1.2103727117759555,0.37055456108956586,-0.6368866339689518,3.192283089865535,0.07160434080225307
95.13475961109569,1.6562282174081675,0.05764187529771467,0.032865946459427337,82.07197725559695,0.12998922476953997,0.12411698033796502,1.0828996118333647,0.1952066904747523,-0.5174966385566452,15.408820380382526,0.2253606378082468
81.58122269913254,1.0105095988239743,0.016091931962158534,0.05524058559376503,93.45167999686203,0.03309788101376352,0.12983571495845675,2.387960636292279,0.309062236275337,-0.7975623183494711,7.500332649385508,0.13425887288653976
96.47703400176047,0.9616250477071808,0.019714813214425347,0.04198554137038421,91.48115622784697,0.1344723791174276,0.1068257049075421,3.5908139007095974,0.2832868949629399,-0.22015100103933782,7.58126285541252,0.14070838940030544
110.84417283746946,0.7746983573535126,0.0032070231749864926,0.0576574198049556,84.83021981605565,0.082817760423725,0.07386240866883953,2.9864625271469922,0.26163858355184216,-0.3912491431313315,3.7802092902305744,0.07069438794662188
102.98669817109739,1.0914115756203036,0.03856851215217225,0.03726585780478421,60.462123667310074,0.08335796615632994,0.013052205648095037,4.848516853200356,0.44616397830040166,-0.27261466769103027,4.927410586684972,0.062160201316981176
114.18934737104378,1.3186286448761086,0.046935962499008235,0.0051872316303959425,65.80565930646415,0.017741091187913137,0.15200300118833582,2.72368924801245,0.23833481021011885,-0.277939399709375,12.15972695220951,0.1780598196202149
84.85345662436595,1.6504313740139702,0.002586471807148881,0.044164520986820485,93.82818040382205,0.13521103026315606,0.09036377655904528,1.0208071522014126,0.4371432930789575,-0.7845457675794081,6.44727865728874,0.13055666199824575
109.60302381742595,1.0643291844972835,0.038345283372905596,0.005973084131518971,74.32101319365368,0.11352255141963308,0.15260604434883507,4.54120960888106,0.44762341924575555,-0.48582007026227236,12.33683294059225,0.17515121376700873
81.16199080731506,0.9785185983235026,0.01718384492735488,0.017304831782689566,80.75084280069166,0.07348162869401965,0.09080780272391892,4.2588715332962295,0.16446293722810887,-0.8983629088656032,19.2680747540967,0.17793840723057233
97.93642852968392,0.36086754212087124,0.0060580341407190505,0.015049510863502515,75.6439824935041,0.030789010278444703,0.0810026186460127,2.423417071063314,0.15239063113216755,-0.024705624099480628,5.997499231754038,0.061536746556778515
75.07783173722913,0.41927014579598654,0.09652707287561396,0.011381420878198368,90.08109503166834,0.037911516469709555,0.028519108602661963,2.3602233969042774,0.21614872780968272,-0.4258603207293676,22.802431189857035,0.1174533398618535
76.65394292804211,1.8446615773403774,0.06691640789190832,0.019728812682408323,66.81732548871769,0.018201518906576085,0.11821133835745692,1.8832019171278997,0.571319272229021,-0.4031146734805921,31.150363012730672,0.24218548752270327
116.48229759157022,1.850097171768888,0.08434402771542222,0.045221649765575245,63.118240468469224,0.1131856774882061,0.1381431998459752,2.2292245682913983,0.270159271430617,-0.11206672253311623,14.488427972752296,0.2298634604162873
127.34070265970684,1.6083014538277447,0.09202291897181676,0.04328998106313483,93.50312499185281,0.0797098186596884,0.035261574050439476,4.060106674453455,0.6212774108467685,-0.3496351949841877,2.366568817110196,0.05792774741091684
82.42293730874962,1.0256031292765493,0.029411296097966944,0.05187688517634657,62.90512231591279,0.04087711515929743,0.14627218441251755,4.264343269779667,0.6972410974664399,-0.10701775599526342,21.322824840277942,0.20352847679399236
100.67613163738551,1.5806530715867722,0.019957257080915152,0.005789380444975455,71.77717448903714,0.14664694472894735,0.15107454312927585,4.204148131399217,0.4509035081922005,-0.5785161377599125,18.12392012115781,0.24552124117738333
111.49657090061389,1.4915742968354024,0.07329665164310029,0.04389702012346984,67.08839543842876,0.12411171866506013,0.0710453138531514,1.0278931635104946,0.13679543857440582,-0.500774110373801,11.431850566036234,0.15984269686395441
125.06500079475829,0.47130879680175347,0.00025619732187292686,0.049951560931618254,68.44966950280472,0.07179905130291403,0.052763845614469236,1.6561801067137472,0.5532843526768788,-0.1288866355877154,0.6759836379072464,0.028475980657992398
110.94857305783782,0.7150095973096051,0.00901399935019374,0.05205621840996225,83.2876435555481,0.08151266804077781,0.1098970890774259,1.60518130458974,0.6890244594573092,-0.004013592436135527,4.322583837293857,0.0962328730360527
77.20227913817087,1.3670130314457696,0.04340043301993746,0.005142296394581161,64.10238313521376,0.010066666229868008,0.1221082359468327,2.5070636605980097,0.2738422089601742,-0.45260893520310325,29.259478464908824,0.22128573451506675
97.19645498591684,1.0880270742869818,0.08493005762896777,0.05007094106467887,84.74784207024561,0.04827897483292143,0.11708437979685891,4.711397379603559,0.29805127229874095,-0.6187439203872702,12.558688057837118,0.16224142105970263
105.21515369444757,0.7544835629109942,0.054544764141854954,0.04728984689894681,81.09520714739651,0.09572212888237583,0.020182378047113418,1.4455192549880738,0.26647749652639713,-0.4581921260262154,6.1944478440108375,0.08022577646359781
99.9876969640886,1.9548390948947345,0.023089418547231535,0.01214313435030971,60.18388365447847,0.10153733782592757,0.06172149086700878,1.165722692007301,0.7303858355313595,-0.2998822368107201,13.738607461991624,0.17704019530702456
103.19804375145915,0.860125787600603,0.003855064605896687,0.015233190904013897,72.96513573997082,0.06472217137155521,0.08624815215086275,4.747679740298535,0.2939168737854031,-0.38491607428072727,8.363563066849458,0.11022566996433503
101.60909622593128,0.3759753343704417,0.02256655371077948,0.016730831204156867,65.69735560334081,0.1336190874612343,0.017559519300992373,3.8697059405613694,0.1465103384195188,-0.8363302025880825,6.081383880762356,0.06904256474033216
121.06142794813852,0.8274426748470385,0.05472676815778321,0.008893620178428513,86.38764930326147,0.08692421959536528,0.13039235400113441,2.8225933032806187,0.22352410004310708,-0.8951897761650066,5.2343707030616855,0.09382952569705304
121.79301922987258,1.3650507851204092,0.01725237154569163,0.03182947241167359,93.95986979500194,0.07926049864618966,0.03567182653954517,2.5564064592898585,0.5779629598784533,-0.49122017994873285,1.1343453563878652,0.0388397402334728
105.37958450728644,1.7687377925427885,0.0012813245244288598,0.020308154615883835,84.08538364647292,0.035189402392634336,0.040895427863631297,3.157406743388734,0.7895306688094625,-0.4223511088230728,4.917859413363535,0.08090836297505816
87.28244976765598,1.6099465579409673,0.05957168649236125,0.05929098311614463,66.5209946444101,0.09347322664166428,0.02523656257854357,3.0613302375983356,0.6594448443971136,-0.10868124270234825,15.183838912603449,0.12988291408768282
89.14010464292708,0.7339126031933526,0.01881930770221801,0.03096825129798099,89.53259390964912,0.12504369003369203,0.05298928773967171,3.0341446849200344,0.6751976277031639,-0.3930300091386607,10.487425968645383,0.11923708023128003
74.07955911165614,0.4278781122434396,0.02653844833052419,0.0020322145685956598,90.34861875807484,0.08977655890343245,0.049313530968249406,3.7570262481109267,0.38070400492825895,-0.667444273841966,18.87989327696791,0.14650916260561817
117.93493930633369,0.9726357648396623,0.08699250783037406,0.05300460643516254,91.40166472791854,0.15303955558873444,0.07038327463610772,3.1253482053335095,0.3950268715766496,-0.7179192555597912,4.237215494217264,0.08079365356243681
72.49169285679022,0.7055007438011379,0.0018002689257453368,0.0013589821294650742,60.38457245879796,0.03143115624316725,0.13201697287225195,1.4749508399578493,0.43184201218440654,-0.7025647014810967,28.336133644133344,0.13438164026471272
98.58877868884207,0.4866034308727739,0.07687414101289508,0.049150815687583053,90.86989286132976,0.07470704839567964,0.05155978642734313,0.9464546302158476,0.6188024560654968,-0.5133572592256543,6.591399220666346,0.06989447487732532
117.170545663234,1.1800360445861968,0.08263814597634968,0.03491646507963985,85.9629456905989,0.037367355337672964,0.14964117984132647,0.5056634893703553,0.3689119600940347,-0.3311283261251653,5.019135750650374,0.08911425926867106
125.25389389244921,0.8048554895659601,0.05579323799923707,0.025771556627044327,79.95559121427803,0.12803945332921532,0.02904726533905165,2.30888773526582,0.7905421108323949,-0.816130437070137,0.6101501372142205,0.01801707136309253
111.69235439973565,0.8500319320553609,0.019343145314495023,0.05296594226395128,66.58944251926992,0.11470755469177348,0.02563509498900994,2.8000527108512947,0.21303628975969985,-0.07364908737379583,3.6953711110069167,0.06810991290172763
128.06902580896082,1.6603803911918076,0.08933440468898754,0.005756882849774517,67.03876315033011,0.05789626687793389,0.12130716989118866,4.256087510046591,0.7051596891835589,-0.20496752132854057,12.415647287325474,0.1987980379100576
78.02543326087235,0.4013017645648046,0.03393405327249945,0.028921271480733174,66.48393538470151,0.031732280372458135,0.13787869998229252,4.245850531476547,0.390397363799995,-0.013888769451282923,22.787794067217803,0.12384713984940986
93.80295965101985,0.6732920518010415,0.0064487958066536556,0.004790062015139259,78.3193311906995,0.04702454546016372,0.13364146076145958,3.7706214126963666,0.5431726004294568,-0.37982358842089403,12.878520845689291,0.1307264591759881
96.66868015677726,1.7876898166596986,0.041177492347422545,0.042811703833250093,75.02052931622865,0.088762708419171,0.15950451270727783,2.7448059037005725,0.5586959016867036,-0.14722379885291037,16.176149692833178,0.25656402748320495
102.26793903107935,0.708919482370847,0.08544810695647578,0.045980796288029556,77.48742313381128,0.11538413536580464,0.11692294868524375,3.430595678595596,0.19089009207309376,-0.34000047233527597,10.760870431064298,0.1317360806204074
123.11211952870693,1.8884434483129036,0.057898057721194135,0.0193036120072436,94.80860817900228,0.029710668343192477,0.06476211668509464,1.3848097731254208,0.48438748367685824,-0.10274708635932317,3.2402735214809395,0.08968816462802431
86.11772317074949,1.238658506481063,0.09172575107089444,0.046250960834554024,90.0210042994523,0.04108371501217102,0.06511979249238659,4.320437122762617,0.39819843535667687,-0.21465959456856598,13.466538341137571,0.15731083183604738
109.10170266917504,1.3294344549695085,0.07413864060622839,0.037666293811696956,91.26927274976103,0.07009311010741205,0.05227198806734953,4.8013785286795905,0.5401341975778109,-0.4662268488972117,5.971165491701878,0.09500624769209683
109.94151238227782,0.46367157929218183,0.06131686378741169,0.006577679774596819,81.04984582334964,0.10936489591614787,0.13047568936912093,2.2899366945431736,0.35459252875784486,-0.22977160689037102,6.210972416419645,0.09142724655818212
125.7975478006137,1.3169492962392437,0.0313122086223412,0.04134528074114571,61.6761627628981,0.12678129121875722,0.15169279766476185,1.6407978836151946,0.661711696333159,-0.3987182328840161,6.489808907898541,0.13138699068103826
72.34946546512472,1.6850460878719467,0.08523465951879965,0.024080372865690397,66.66652070497592,0.03349985898824284,0.12652765332637306,4.0883717149578676,0.3295685410175436,-0.1924420523109227,34.385565408662465,0.2897382688953407
80.77474529803176,0.9667741801077165,0.09936728291415242,0.03792183876667809,93.13887790665302,0.024827303826778717,0.08287517027476823,3.1700366263271715,0.7251056732768894,-0.8030119276533616,13.992526975396173,0.14493668309030075
118.90566295617595,1.7405124210213856,0.09993521000798748,0.027057570062883996,91.72765211088984,0.013201814505058153,0.0852195520334166,1.529429740768032,0.37242005213621254,-0.7262731228601145,6.7095246839620115,0.09998559972866426
109.69244823425848,0.9576371412859188,0.048620958673165446,0.006105510656362692,94.75974423663249,0.09155796986420348,0.019183625379472713,3.8789955534540814,0.7059981293076102,-0.5809802579405459,2.9822821844641276,0.048072707401403104
103.86850467425774,1.2355117454271487,0.045000387274236144,0.04763356734924839,88.23550141535112,0.019696360268466537,0.015328162238828498,2.185277406155805,0.11130066345579612,-0.6405935033725065,3.4394279278996427,0.04480847078246012
129.09886890525772,1.5704537119189794,0.0062381926161755915,0.021032376264774416,89.4304274160391,0.09094037888744638,0.13638825164573054,3.721155278348976,0.6937705850198703,-0.5312892606121282,4.453354730041186,0.1149159585370514
77.70466076256588,1.5913474721833223,0.007212257292078361,0.030172679104088232,66.08600079471113,0.13040495204963154,0.12843531775478112,2.514656559880615,0.6951657690423234,-0.10462073925879845,24.30077796083383,0.26423940804990637
78.93491351543366,0.8075258503327027,0.09512266207118615,0.049208966283384795,67.35933293030729,0.08326631699822502,0.05489137124473762,4.713433747091132,0.16423594335725344,-0.4162956830029829,24.08368953542677,0.14220741501630632
125.3937634400417,0.6256950388417185,0.047434602685328314,0.05133111117434887,81.40238944021692,0.015686491744332676,0.046950067425204196,0.6851044083409047,0.4842009980983819,-0.6978294950959948,0.01795784347192966,0.0035523400952414412
76.71707995270955,1.4189481441995413,0.05120103415033283,0.05817039170950161,63.31255683434777,0.15980876843850625,0.13225299810325825,3.644364871465152,0.7287920041229836,-0.3215553822862254,25.280094383308864,0.2434103221414185
105.69577062967858,0.6653042659245936,0.0036998369152370144,0.021979455089306363,78.40123681903535,0.07243808436518927,0.036734537474897404,1.518241517425321,0.5619828615909727,-0.7323333629576794,3.4338911533188217,0.04413675246514587
115.66059126315665,0.9285754056050801,0.08987257614277747,0.05617118840702517,70.00438611182304,0.09435091244867432,0.03688674604337491,4.383332777021813,0.23051236653401436,-0.5909182895326823,3.806876290291844,0.06203697392795786
122.36179342615648,0.9939663968285544,0.036983725028070014,0.022778148317429647,66.41029659594984,0.11827140358650909,0.15402679387955084,1.7506441887018442,0.6582575396529671,-0.8730677975962011,5.020653331801401,0.07533309994152454
125.87932578489631,0.9451164473941528,0.08161501414517532,0.05628112426495536,65.61147944971951,0.127334640712924,0.0520741362582518,1.1843926839446848,0.10304936913246038,-0.7819951962656262,4.201445608041564,0.08250778289790009
97.82587287897917,1.9448807088837434,0.044927018107893624,0.056807836694726235,70.45760310723583,0.03085329358893915,0.1393848084458894,1.2551818304618432,0.33286797528261297,-0.8562576385334394,13.615597750974677,0.15958757388283698
80.16261488455179,1.0883847243466664,0.04310134099240779,0.03710089807446533,65.19050271737208,0.12590172562454552,0.07692142621068268,3.3925199074915087,0.7964255335454824,-0.8837759303910879,23.390778889578947,0.14696247963925865
126.04815167939077,0.7569686210145583,0.0789324829283619,0.026911978898555206,67.47869051278491,0.038756983868385955,0.022429595883216864,1.3795280686297589,0.7653873823169177,-0.6430609677782699,0.1993810620093507,0.013205469145443299
124.34707856995124,1.1688574313261468,0.02323614088036695,0.058986023960557,85.68617550918886,0.10815657235512156,0.013322580727203376,3.1940108564908347,0.3007633997816048,-0.7886385191752251,0.40527523294218637,0.015061660170857494
122.60362397639501,0.6552174018113839,0.06006740363972207,0.010783723555637519,81.78230206955581,0.10209204514424922,0.029298945433279037,2.1753961161532676,0.7417769051755033,-0.24679883507599154,1.9111847225136949,0.055283942214156445
119.12796000247522,1.58874837931322,0.0020526232248168426,0.04787766247263503,68.60044710658788,0.0836507794863112,0.13391224056829146,2.8975321588632963,0.6590829982976603,-0.6556173341240417,6.311211504456087,0.11859666187502883
77.26933518720044,1.3370953696025623,0.09918737585634338,0.037372533069099094,80.1454143711137,0.028769485691557933,0.09431768725013567,1.9845168536764108,0.20599799189842413,-0.20264010767741258,25.558428904602398,0.20469455415632726
79.55883224139984,0.7103962418161244,0.0071545230707524415,0.03395501503351848,89.79972610314368,0.08448872249947961,0.1406783651871499,2.9824684499123313,0.2407875719596692,-0.18024633036687132,12.599439728306765,0.17507814742963052
122.01054894184668,0.7639636593396925,0.06389650842081772,0.039103125241987544,91.93189588281413,0.0689286575532165,0.14543329525408202,2.4524042661893555,0.789445713828017,-0.2599871718706587,2.952453842645175,0.07487125592833928
70.0633530930702,1.2509185179844746,0.08602399282184565,0.03193577089519696,70.08010817013864,0.03214781940074184,0.13880717365124642,0.5204611304563558,0.18760039737599557,-0.48305573427828413,32.986425023162404,0.17917455982641545
81.01170257116195,1.04057201502425,0.025127298425873162,0.0001287283879174682,60.72100170691264,0.15659971218312685,0.14328996819682352,4.070846779528363,0.5497325627340316,-0.5703981532326201,26.773902504971687,0.22328734929869304
81.34134964095226,1.216972359215383,0.00046576849937523943,0.006637584539611656,89.29031388257187,0.12065545918932732,0.016587032888009678,2.1675744758156936,0.6409828499114824,-0.12091176607137699,14.214510980034666,0.15464872485832282
126.3523853350365,1.681069626611469,0.0593388105378658,0.04254592911484508,88.29515747845397,0.13567093110808415,0.0994982850709051,4.385343338567672,0.7471453722021683,-0.3646337578526493,5.6139532575597,0.12697403265648974
84.01319221931857,1.752299633283907,0.08017326672855425,0.041243253269079606,90.34254439651802,0.037699508944965175,0.11862935847508337,2.969333218395913,0.32497637620499786,-0.2928690267423393,13.325575096260838,0.22040753460334495
108.86101239145509,1.7376467695461573,0.07076567382819197,0.029745799445910777,69.66317445395259,0.14113810834660964,0.03209773004294527,2.524777092760699,0.14050815652749896,-0.6881745059674287,11.056707105150075,0.13246020366542313
111.38743402980842,0.9828551335251469,0.055922086148465645,0.02440284450306978,66.99749444442469,0.07329453520790351,0.0801335233019132,1.842722921400419,0.5935917803366257,-0.5733997239555294,6.338915159228805,0.08542830426255056
115.1681996304227,0.749572848930912,0.0166635891637758,0.01983104775292527,90.45265563728555,0.028668266251920295,0.11493773190840817,2.3450475204198513,0.4331543490310703,-0.5939389021035341,2.6780446053487,0.05428208745967488
81.78990028947607,0.9438684264089074,0.0633078035665797,0.03158956056122442,67.71965575183144,0.03155912671118242,0.024301177484977385,0.7179365970905911,0.11384995819413656,-0.4245384716235552,20.630439842054994,0.10413546305948046
86.9413547885598,1.1558046657026386,0.02829955990780965,0.03681320513098943,84.95478796590044,0.07208875022660513,0.07473540851462787,3.2851313605211656,0.5198070341963491,-0.22828994223170307,13.66854283163802,0.15585965513438546
78.68148307944344,0.7172541149602873,0.0992083697966085,0.01742488140572487,88.80615685014777,0.10676979740583512,0.010852165222173927,3.2731268168930656,0.13630421775119725,-0.5127160962819408,20.302771666433582,0.14815999661396947
109.81053509041033,1.4697205546063075,0.021672577017760965,0.009602677066955745,94.6039458980219,0.05122278183170479,0.13282187028301418,0.8083435403091112,0.33601014553153064,-0.8385822015886201,4.293916992187129,0.08668255404914295
70.93378887954773,1.8543847279539853,0.012795393509989782,0.044552242180831036,89.54648286280187,0.14069054770096084,0.11028870988485591,3.9533238379763707,0.14239462743533765,-0.7763211144988111,11.355012146491072,0.22456080763625377
123.42894968533639,1.160558308449781,0.02674922911564669,0.05604356334010994,88.54501901364463,0.14859761255454404,0.08256454396968865,4.06624726913852,0.532221599703678,-0.8293971463103809,2.7681098953855643,0.06363780004623414
80.81712687410379,1.4167693657504195,0.09483350963209586,0.029297758063612848,77.87060517365828,0.13758967463512806,0.12727316128215152,3.8911370568068504,0.39694922859580517,-0.710018075704995,25.034375954254873,0.2546778778180159
91.32438320852091,0.81997610189913,0.06163177102813403,0.03925559122747823,68.28337255274268,0.07062601782077657,0.05633894562517925,3.3259516082708003,0.48631392045915767,-0.3034404075130448,13.990811538440596,0.11567226855982654
121.84726425802315,0.9702562820211128,0.09567250683080297,0.03999425549304079,85.01118056875548,0.09365478074980177,0.1199293150626382,4.668548380421117,0.5234043769180543,-0.8196978820074055,5.882130029853395,0.09611186364818823
119.72789871920318,1.720470100212517,0.016419441389430457,0.03383248043941354,85.05696389810993,0.06415756408440194,0.1141805429789871,4.007163940272621,0.3477837176919148,-0.49525083916250073,6.479672017083084,0.13939642585022238
129.24967614072642,1.1776991179515686,0.05147285605824357,0.04117348852080848,77.75682254751095,0.10118270938482912,0.1076059937240812,1.9389296118360262,0.6008902306886987,-0.3380718008187429,4.224434795776011,0.09944332966543233
84.25399481466948,1.3258220609924345,0.07223041212317718,0.023244931734317312,80.91182401324045,0.016516837060383104,0.07461671490305592,2.080938060225084,0.463728749625123,-0.817527121037757,21.074114722734482,0.14623336520315977
121.471015947504,0.6409555346645367,0.012239733558945351,0.02781958196138001,75.40490524800971,0.04707318131519268,0.10298364185402763,1.1133723272548552,0.13192431567067048,-0.7352997433659566,1.445441614218845,0.036200549400637466
106.52649858221892,1.7142590826405246,0.03715578937054442,0.00340387709107916,71.42078023217647,0.11897786378317277,0.05391686817477257,3.8952213166873104,0.13227784856354446,-0.8710131560821651,12.587602818301104,0.1532199919321157
74.4100702645344,1.3012451379445014,0.07458201135352975,0.03864729702736878,93.61014415708254,0.09946417550452787,0.12926808480310695,4.567452393706816,0.7309222574997986,-0.1126950410811719,10.79900731540016,0.2096176526754778
89.01276535353904,1.8399351851074879,0.03876126070702357,0.01794352958344049,85.92366071586369,0.0997277646611422,0.12193767594992973,3.3139943425847367,0.183355719668928,-0.01746713213494322,15.12598655799293,0.25847161217827336
103.39661972884103,1.1772183420087323,0.0043724237924504935,0.03918721341263635,87.1433966253481,0.1437487970016714,0.07161758319173767,1.1818176788739039,0.12539833424067484,-0.35485802282291135,7.819024597100362,0.1434655600539522
96.17453700875123,1.7556478713942314,0.055521243743746035,0.03892494542226751,75.30791401493434,0.05677693970807667,0.05464543045267531,2.4362403795732073,0.4075578321300941,-0.5527690746528038,13.60803535526853,0.13617124686915677
95.56849943967445,0.6786566357808959,0.013740478431148334,0.0283809707699861,94.9463973343855,0.015879899227006087,0.10996072285402161,3.7589761025828463,0.7491410841052514,-0.5793220188130839,5.087047781103727,0.08084913424255187
74.90633133093482,1.9322018134012473,0.04937620901133357,0.05460116158349144,61.77702744831636,0.07461449739946034,0.10332119903192741,2.0559065636211673,0.5225473680445561,-0.31294317614506106,26.40288937526588,0.23765528562925942
124.11047508518831,0.4054716244290518,0.025651364157673343,0.05854537819474604,62.021751971555084,0.049748614161787226,0.15289443256132032,1.700067872504217,0.5584781909324213,-0.3875591098603923,0.6033500563667672,0.023348453281209876
112.6224006890798,0.4126260991743961,0.061968295843709054,0.027187631668080275,80.27962415261143,0.1324882037913982,0.1579802347107304,3.010062740025039,0.7910316829495044,-0.5588226042349058,4.597556365650165,0.07044612015348001
110.085360157465,1.6741081148145385,0.03576892597322236,0.017930362633511426,87.11424796032287,0.0650000791941816,0.028055034139440306,2.4566465912830333,0.4353564221529427,-0.4698927895230767,5.464752506425703,0.08002573862918826
85.17958731933794,1.9477538460248967,0.007929623019223396,0.05319867840777864,92.70415751029314,0.07161646838487411,0.1586247415527032,4.210379828891876,0.7248527685191954,-0.3506537070454817,6.687042505588063,0.19430974498497722
104.12691104892633,0.5883398765240189,0.06182331384796972,0.01847000183141829,69.72846496008037,0.1300840618937048,0.15523389638710114,4.952071490739916,0.37600868279570987,-0.674462555405994,10.719958067490975,0.12911737178083105
110.42590326728481,0.7425693870242519,0.00017956343062508031,0.04573642627818089,65.66310617404142,0.11570631050999283,0.09857401828325153,4.763809805296354,0.3165794054365151,-0.7806937001404499,5.3506018239838555,0.08545288477928945
90.04483160148939,0.7595301153351549,0.04371208865487634,0.02522222900571579,81.81777472294488,0.0922586201974426,0.07218476737683678,2.7845505229951972,0.2325855979787858,-0.4923229786534246,14.352666181257764,0.13314731959489162
97.65955261411457,1.6152596268039807,0.09839535759552225,0.05570851229097999,76.63847542829677,0.14272027431555664,0.14141564037426022,1.3721445690271323,0.7986808395088434,-0.03668669124239976,16.91349733686721,0.28344405550368945
91.88555542278854,1.2892361977090168,0.07946837672898138,0.045636122966023776,81.48139753632253,0.10390016626768683,0.03921555214956406,0.5142621432785771,0.7536886175770366,-0.28078222016274834,14.406831471169385,0.1520155517686305
78.74646859250302,1.5267620450291288,0.04624414359332321,0.03833278285709063,76.84141129763823,0.13085879717009788,0.12856760951475976,4.36302664785188,0.6539781515433719,-0.6912499373878719,22.495198010399474,0.24097110005339423
112.2898828742901,1.9052179135748841,0.03806979487405842,0.0049713051505885,63.8177327537729,0.05252305683242331,0.0361564637278446,3.0813913032107085,0.31190662770127625,-0.038252859453209,8.50782281111865,0.12214639821985812
76.58234062150991,1.7351486196299728,0.004854724912572914,0.05174965597876894,89.57554900958763,0.1017665016117757,0.1396768035752676,1.8988271971722979,0.6247550005371044,-0.8241455796468358,10.514104282337657,0.17980577895032843
90.92953227137437,1.6524826352117876,0.049458329897643205,0.030236905227335728,87.51234236654825,0.03483795952895607,0.10543241101963731,1.501626589300707,0.6089438477748949,-0.32336142330098594,12.938448960717649,0.1666139322372665
76.27526616101873,0.4989219875795462,0.009965633268471915,0.01125813857571989,62.625181188930505,0.09001665782114646,0.049046592931949476,1.0731044199463087,0.6643204530969904,-0.5776756425894976,24.859778509538845,0.1146689288401104
85.32620463205178,0.7307345268688088,0.006697719975242504,0.02546313580493614,63.261108590835704,0.15453241902917325,0.13477529407892636,2.3707036306717897,0.4608430077493417,-0.8269530130970799,19.749635428023943,0.15914374830665723
105.74969481123588,1.0749287377175083,0.059824663138604954,0.00582383714877991,72.70091537079124,0.14861104125487531,0.15390977986972385,4.335049842856554,0.48216235770330207,-0.6160555333400766,15.025465834743587,0.19022209421638786
104.70264221955514,0.5872130407802225,0.010156834979189877,0.03782674211188322,78.42566082210794,0.11769372077118898,0.07743407773501317,3.541037818303435,0.5172583134453403,-0.10437892199111098,6.32995288377416,0.09363487640868051
107.24202118621888,0.38444342555481065,0.05497804958490518,0.02799133486467882,64.97439230403104,0.15137499456775935,0.09834169119074268,4.018820514787791,0.638840826338064,-0.5146584941498484,5.760924092338868,0.07498085851512148
118.32271116654789,1.003264823755874,0.0019681030407417356,0.049684234475697225,71.57340876142632,0.09837475833810205,0.033415614472303616,2.2348249924405272,0.11967399751136348,-0.8768491229586519,2.1912433509505718,0.04908035985094559
128.46049399442902,1.9315960634400824,0.026852606578590767,0.002146960091870499,78.16280328527243,0.12054944117378835,0.1572512871825339,2.1443471123245845,0.34328133875664424,-0.4286715923686676,10.942139455648402,0.22061210728050887
108.34052799815342,0.9063558311800356,0.08188743466931625,0.05445509355439989,90.53229035731022,0.04468997638037051,0.04924504417676358,1.914141731842691,0.23781309499096254,-0.24509863136273202,4.656009492310444,0.07323242099238293
81.47701400945465,0.8211550551170443,0.05461627897851384,0.04487718857863997,91.5638962898762,0.0539427258126592,0.13447118286636262,3.2539807273521517,0.19974705278882482,-0.6718754829560114,11.913731737771199,0.1686982316335294
80.88052649311564,1.1873264032173982,0.03569967923093148,0.027559566530735543,73.01809981192882,0.05592007443537733,0.03759660190184381,4.309112861945345,0.7258735574823302,-0.24261524061820994,20.62899240047129,0.13101780119609152
91.14349499520736,0.4325571810154095,0.039887759115226955,0.05509950437395136,60.77418757912955,0.1024038668750747,0.12798354220009625,3.6484497281674506,0.30107268326908265,-0.6151885868592859,13.015959750615933,0.1122665944206865
94.46456172073269,0.48069872370130307,0.08538297696994074,0.03369244937780363,64.92904564580346,0.07824704215839827,0.08829218668375455,4.514315519552212,0.27844892706118796,-0.7380658626215229,12.05860780393072,0.10050056105706459
77.11292869326799,1.0615710745059137,0.03260373061478275,0.031145340849630134,88.86083398629651,0.052232690272087566,0.05044373295203867,3.0783296024751055,0.34899500721252175,-0.6373104061226509,15.874512550446273,0.1528967821112574
100.17385778019909,0.6865184922473613,0.06919012351422864,0.0033538241205722844,68.38318201998132,0.042933657645231604,0.09772935478223015,1.0624799793883601,0.22936491789076255,-0.7598123030287638,10.09531355481026,0.08872952552243181
129.83198509338348,1.5171479828865773,0.050959405560251206,0.02427569839640994,90.74006315506841,0.0361559616976443,0.07087237897199598,2.7045153989496686,0.41119367167654153,-0.23990834552684648,3.008540279432181,0.07769415789874269
103.83167754381047,0.2914867713865352,0.038269405700356945,0.05662432210793855,62.363873355679786,0.08220204046235204,0.0787735915174576,2.006593445469887,0.5395279426670668,-0.2527396834166088,3.966590419781596,0.05449538952990277
102.37124171903693,1.4258912564277655,0.056374187850035055,0.05905175797329695,63.228689578632924,0.0880186275050654,0.04965968682609974,3.711096923295389,0.11930135550171189,-0.20807460004004363,9.417876483505045,0.12157999789241865
75.48095206230893,0.6059761296768376,0.09148451355885712,0.04962686022479727,82.49210361288414,0.06054253918517184,0.14990081786188303,1.873085644783798,0.11055813038989676,-0.07244135857553358,23.280976641554638,0.17455795136450278
85.9626196035956,1.035968326833879,0.08331747692829009,0.04242841739611907,75.6666343605741,0.13798652965888666,0.12061339914953856,4.047261421992168,0.26577554972469347,-0.24365825452059742,20.64876037170598,0.2122981904227027
124.66254445394836,1.4377203391858324,0.06620138386760445,0.011617297439111676,82.84800967760427,0.010283157065529965,0.07513225571300677,1.1500032856983053,0.5092850080944367,-0.8672476053328144,1.9830340341381876,0.03180799524404811
98.12007392872954,0.44696537392467517,0.05511373358742469,0.036379910011388454,80.62331593561034,0.07636247596727956,0.15985129029266718,1.772413654701691,0.7872163961874968,-0.5670833030448645,8.908892319345018,0.08502096962850562
100.74675882987576,1.1326766213362853,0.04872740384271012,0.01623987324444304,72.52957101193472,0.024005165569436753,0.06115019567612194,2.343674527907945,0.3273712458832717,-0.5240535902620438,10.379814351759542,0.10302958775520057
99.13447507151338,1.016060902374333,0.037365303997463246,0.015801707595685235,72.55292402046051,0.13264059115828244,0.0857439953105801,3.7628692587426973,0.6548151798280596,-0.5564953291644313,12.731487861825215,0.13508159664907265
127.29481094822528,1.8081401793730585,0.07831361750497363,0.017037530807996856,77.10991546364218,0.08992804152566705,0.07965965877169782,2.3903544627377675,0.28799356214305416,-0.7707094258033744,8.548785900037823,0.12975218276364087
110.99404955886419,1.7414505041419277,0.07727532438607229,0.03743035041826153,63.03247664886546,0.159283659491166,0.08069574049151274,3.5570036583213973,0.10501940000788576,-0.7391494172811073,13.439483837787945,0.18271424497053085
80.65961897647183,0.4074259059614339,0.08361312542241965,0.03140505421590467,78.50456571978407,0.1502395875202826,0.14549148857452565,2.9581306811620296,0.6560336749435195,-0.4717834028738521,21.524383332174413,0.14950239116577904
101.26520703648947,1.9741819734667134,0.009634224367641603,0.023480943364594692,86.7433474804968,0.11216075393003541,0.047560654387298465,4.039624987650669,0.5309453862143084,-0.4714371709569727,8.03800757714739,0.12459622106377778
77.58132367960994,1.4801147844470561,0.0408857813986985,0.030365988846293705,75.43904256481635,0.05830722513269537,0.04038582235490075,2.278471725915617,0.7280202424808799,-0.5690841272152545,23.364731815088216,0.13813679344621202
97.41127973732637,0.27100520386713145,0.07189697807962486,0.003924159844877313,69.74224257040365,0.07679773159870454,0.018511655838404636,4.749252893400656,0.19364852030570312,-0.3967461344301766,7.073618060640513,0.0592901559215172
120.68685299955493,0.9592807644491168,0.0686216586514166,0.017208663254972268,64.57667047293286,0.05278313443918985,0.02228710015425476,2.4611415757139,0.2774811283656671,-0.005337163735870343,2.432091616192636,0.05305197144152138
82.98628732990642,0.4295715637656356,0.05250216297777776,0.05433217732162672,74.99981927592094,0.11208825335246683,0.06635317298910898,2.937534373356181,0.2885185140580494,-0.02073675203760772,18.27612501391749,0.1257363310918987
114.83909099646122,1.5096478921282797,0.09136157919967955,0.01187120766164638,66.03565371345746,0.09179059743325718,0.024946801663591547,2.0652646254010687,0.16774144609264818,-0.762136301626673,9.220755728289861,0.10457309951741811
113.54394107589641,1.6766442704622304,0.09296688005931938,0.02374867604673942,90.94954420041304,0.09692971824557872,0.10884530841230877,3.25418025911295,0.3371965725884496,-0.27301806627880776,9.047769709161507,0.17932186368563513
79.69691232190026,1.5826434976762978,0.09252145559776659,0.004379634583219493,63.32736347820324,0.014103101580969548,0.12175740266812765,1.2163217470816257,0.12175051324734176,-0.6926409004958421,32.61538423046272,0.22117224792419493
74.71856146102738,0.3087249003895512,0.0628341967689616,0.048454384088414015,71.13939145257862,0.029486222797587995,0.14817550200265228,2.749081151121611,0.1441392366733327,-0.24133999121994354,25.37150855063984,0.0990040190851008
95.73225014823385,0.5845792168064721,0.004618129817229698,0.05911567443480712,84.50138143376333,0.051509419055697184,0.03192600268915146,0.9079158176148046,0.4888238209621014,-0.6241010400267313,6.089291529336963,0.056235604989950144
121.05964899863957,1.1134946911613066,0.04262524941122361,0.043969526856985484,64.65739204483374,0.12932044006908724,0.024823263099527336,4.587593235930874,0.2622656541040393,-0.5652571800134658,2.1374060117163647,0.046528308453850656
127.01888108545484,1.8038062839542155,0.09688937825516236,0.05101560338620909,77.53306792183771,0.0890785346231428,0.1012305776862028,0.7693637295736501,0.4762371335469061,-0.6984869629418721,6.059988966185846,0.09416634019866038
101.22204572681284,0.25338987247730155,0.07360555191436773,0.018347536155877826,69.4260986870418,0.09023075628634342,0.06861856053275099,2.675970726580025,0.734498832701061,-0.49229897691635255,5.622785624622279,0.055975751275368565
119.43844442631453,1.649999449765623,0.032764963290528505,0.009578030617931855,76.69906569673654,0.1250631126178454,0.0848679212535461,1.7818556956228129,0.48331152661537335,-0.0942712966460656,8.995298213548901,0.17558866783472243
98.72124333593294,1.9953393334501066,0.006176285713680891,0.0032805948445223513,68.4748849622728,0.14226242364458666,0.10690535138696727,3.972621831975784,0.3750835303231237,-0.3026294108134222,18.239315436113245,0.24947636436294987
70.40972770346539,0.3068630528091193,0.09038872839336722,0.032182437067365274,75.85937853253053,0.07519562216772943,0.07492472609210418,0.6556998875189701,0.4515498232249846,-0.012232338906671747,30.17524773658415,0.11089746945678841
119.91393140720034,1.7995599224799277,0.09285319146185445,0.02716037326463873,63.49614437913813,0.12340283320965696,0.080023593502016,1.9706326569914416,0.16009809211552845,-0.15981317373482906,12.439729278661453,0.18482261183206322
99.07337982553103,0.9145632749314536,0.004557057661697847,0.029419588688936297,89.74014048139755,0.043162713133595446,0.09170404806442334,1.3901081943612972,0.3338318025071891,-0.6037295045491065,6.27094453461907,0.0861830311414252
115.81941174250939,1.1217774942604983,0.013448118575084623,0.036939194850104336,76.38561359436613,0.09823717523997033,0.14945531877360355,3.6832699466813397,0.20334142684353618,-0.1530009467753044,8.111090295844685,0.1569848270733023
115.84229105551599,1.0067881491168724,0.03584015673983342,0.05594400651445936,77.97072754887132,0.036956492823283955,0.09355426358126377,2.477202492143681,0.5076303550476122,-0.5602093134815853,3.425145463854465,0.06313522092871111
112.58272831597056,0.46338738928119383,0.04736497698034321,0.0349694341542439,67.886826910611,0.1328681494172796,0.04895458677126315,4.728502028185637,0.7771307448473197,-0.7516343442908171,2.388548919463513,0.037530596852909714
94.48423375439934,0.2563632681332054,0.052389880055407324,0.01384951895970476,81.42235388733974,0.054062932106744656,0.13650065967942532,2.047297256494078,0.2678641288153559,-0.04129131439701006,9.042389973035649,0.07396331934334464
101.01111800679385,1.8302171864732115,0.054249876681047374,0.022988236391204224,92.18859031341046,0.12248077565940313,0.15910266537556517,1.7749546761672974,0.6671045165576364,-0.04657692444509609,8.909798581460095,0.23052074741311693
112.49810546356065,1.031577012882521,0.03376756600067964,0.02863698248424633,60.849915044713796,0.08350741174239264,0.03376470102732275,2.6496742050239557,0.1633573298404687,-0.8204523424350534,4.230472545344622,0.06537380425005601
110.59439621202537,0.3973655170341208,0.08764153867877843,0.03563943385634234,87.00005560391187,0.05070495943210872,0.07106271081226839,1.573638252468511,0.72679787263851,-0.23892749770564292,2.2083394489444292,0.04560729317133752
122.76810061429187,0.6681322178763293,0.00971027163324669,0.026405375259610103,80.9808179136555,0.05521651667264186,0.09744136659460839,4.646309222690961,0.5994995937470846,-0.728738139267211,1.6077098971243933,0.03751714603733655
105.87717250500427,0.3100059465552234,0.07357131061761678,0.008960897680172815,61.343050590864074,0.11451597377730516,0.03768393214821756,1.26573965033426,0.22767608584948368,-0.36636186447178054,5.442227626364571,0.06925359246544795
89.11342547012075,0.7482043999471387,0.09963583543210884,0.029543126163522282,86.45963606644715,0.10275884567358722,0.11233977255190225,3.975040714854193,0.42895871696072707,-0.009273292575398884,15.450185257309348,0.17160533831169503
121.6947235863669,1.0529353995113588,0.029957926612883504,0.037495732227850465,91.53103739509476,0.04934969578557349,0.016710614130825977,1.050298673686342,0.6039663240303884,-0.1517064327477391,0.9068927550276041,0.04211629945703955
70.8765130801848,1.265355300064148,0.001021604841979444,0.03579746642145255,84.40820500950693,0.15861586766967709,0.10156293897457294,3.4606343088772364,0.359395777001117,-0.7237644549133843,17.951834651415975,0.22485886038749084
83.0869971290745,1.1382214235685582,0.07294092262513625,0.0275183770883802,66.6398940637666,0.06876956203254077,0.14381321926259996,3.6644024039790786,0.4709067171988983,-0.8088720523886627,25.325872958143467,0.20874503124224134
94.6348881533778,1.131973055853819,0.05294716326796239,0.020452197213594907,74.79765229904173,0.021295593855786388,0.01746142869442882,4.730486503091712,0.2010399811691031,-0.8692490551364197,10.79335765983681,0.07312774349584061
115.62308862770018,1.4857295132157116,0.03326383153249778,0.048387051565386856,88.50694383598446,0.11501443139378831,0.055725262688708706,0.6188987265656599,0.3395718981640411,-0.3711330447844804,4.527408119806444,0.1016814738678901
111.04794510852304,1.617847224157614,0.04728266912401041,0.002244957098675698,75.73528011964869,0.0516977214842977,0.09788952421112597,4.70662125268907,0.7756614690283373,-0.5831028355644304,12.280298589307348,0.1600244201639518
103.14726154755914,0.6155652604406002,0.056946558104775814,0.024488663672364182,71.62876828298072,0.09215633527544538,0.024081416408606747,4.89694693235107,0.5845021378773575,-0.08014834382863067,5.873241327511655,0.0728894171603696
126.89057953061052,1.2490798778838763,0.0423936716366598,0.024794483946171224,70.20122912823263,0.011437817796386453,0.1583644206706036,4.366223133925695,0.36175966356991707,-0.16705447851774702,7.953916997812924,0.15159052216724986
127.61366395580755,1.4775366414853937,0.036701699450092384,0.054198837149721145,61.7463549945556,0.027970255298200006,0.08232606315682008,1.9490145949708506,0.5038311625131894,-0.16929029638606052,2.9123521340361425,0.07626793051596994
100.0741967767514,0.3233873800069961,0.020693143988393517,0.039846671011019415,60.56698425656885,0.12566776552002035,0.05445242298968009,1.6460485861012752,0.22466558076676707,-0.04346885117247701,7.028682605365143,0.08394119068386312
100.5234693496327,1.0971987992664127,0.026131917740750684,0.029586259674917445,68.21954345487612,0.06175715548033515,0.08265808867649495,4.44349384230158,0.5354601575937715,-0.3954426776772252,10.616230356672544,0.12603601776021522
108.71682550031825,0.9243794039130322,0.0329212247281134,0.03774618343249,80.55619787005995,0.019589854066824543,0.15607252894812254,4.3522070981797985,0.649521944668636,-0.026070671982328486,8.591069305614468,0.14398874894294458
85.537792035976,1.9573307157060884,0.0147240327296012,0.01615482685178053,79.35199318832676,0.04635857666693657,0.15937856955721885,3.107780558002095,0.7802322200094113,-0.09454784505456126,18.91963285180532,0.2999709052324672
112.35519883446841,1.5329059373379725,0.023625535403579846,0.019144090561093622,80.07355035236833,0.15573800612515706,0.1317462389061247,4.871226618067766,0.11725390842912008,-0.6360716459105837,11.0581348571311,0.20156223024579276
121.73192096042705,0.4129672719614986,0.09897571990697547,0.013048378677042456,74.06217943841446,0.04509436662648695,0.07139382620437452,4.394529584267291,0.7231932509043129,-0.6588788606202659,0.5974408591518886,0.01761546996469313
87.10026842925629,0.9535098900078427,0.04415350001744965,0.02808803647708897,61.07647510054681,0.1363393650758165,0.08741811612147794,3.344834001802637,0.7455317581452312,-0.74381672396888,19.529252626196648,0.14438098048492887
83.15080060313328,1.4982912665772128,0.05688675486018557,0.044393148935756126,76.07298272524228,0.06900618038668406,0.05912209358242129,3.3669173219411808,0.29553828675019017,-0.5151565320705794,19.805614140802707,0.16931289571161523
75.25516409150943,1.6016908223685693,0.061023972471531365,0.049526138801583054,86.61719336912233,0.12959096489460187,0.10634421031751394,4.100763439217239,0.631956213749606,-0.2328794569188738,16.411659768013738,0.23801305294882608
120.6091743729429,1.947369287039942,0.001432098997183048,0.036737007588359884,78.88167304906594,0.11368093015335252,0.027654962783705606,1.2235914175166085,0.2649544862337797,-0.13896904546196642,4.064644491839562,0.10028968434863737
82.25824398385588,1.0552703401087131,0.05532790818099214,0.05182956074645582,93.23718240203199,0.13582623794298285,0.06749699137006629,3.5948832265480237,0.5945322291470038,-0.41201264685887523,9.846458325315421,0.14979182694430204
126.7197436435047,1.1262278455163361,0.07936671332493839,0.010040798142803817,75.27576862877311,0.08438554097687949,0.05936890126160897,3.3596932403837587,0.5560686472907618,-0.8929785954029691,3.2164874028985295,0.051501190853653955
123.73738037086177,0.39641755649094856,0.06487292643171705,0.0323659556055212,76.32882036239019,0.09701662034720279,0.038658798403442926,3.680512369568474,0.10202992619986295,-0.05830680379633901,0.9647160520523714,0.02949919852105294
123.76030831578169,1.4034886998777554,0.03659763025978813,0.028244924186957607,72.73848302030356,0.10662688309344381,0.039612788953556154,3.9491882665647484,0.4146118850826025,-0.22072720613282704,3.4653307744101305,0.07388136610019755
91.02390169785167,1.910696332787688,0.04913539882760292,0.02557593397018927,64.94644408077009,0.03200018237225317,0.012126060562730868,4.969780052012971,0.5003101918739531,-0.2854756297984845,14.169451346970204,0.08956287776327591
92.8217734952093,1.6214935217662767,0.09358805670585538,0.041510701860411,73.3992033986811,0.047578331363977246,0.027008892181985572,1.0662061897631552,0.3018012523727458,-0.7301529113467514,16.950694054716692,0.10870338533780716
79.16130651169637,0.3458588774131203,0.001521479386405681,0.0021624111700237875,69.85276250529627,0.12219369540378519,0.07596091460253616,3.9597887736899655,0.3997100664006036,-0.6660763685886899,22.02153212329809,0.11609638367179426
79.9620114255587,1.605220100890907,0.002248226021292584,0.01944915896265485,72.7740358332548,0.11788342708758894,0.11318250939316471,3.650716498554768,0.7709295766465335,-0.27095501646212405,22.44100505376749,0.24802490156741686
116.15000529767192,1.2124522002951255,0.06218616293071064,0.0403921305285704,86.23372951066497,0.015717791694346776,0.04650468560908134,3.854194120605333,0.5372954354257077,-0.8713203124711966,2.6094762266089644,0.040567647948774294
127.5423296565462,1.646316604043999,0.024747098939992645,0.04312364588454991,74.23575507677465,0.08206081206710457,0.09478030988242316,1.9320026923272593,0.4675918388175646,-0.22346361246412116,4.972486205313488,0.11918257936173653
103.57205491709709,1.2632336644968651,0.06042531423768636,0.026681859413271464,73.52534772633554,0.13732460495769708,0.03327709007392985,1.918322275013248,0.421385782959673,-0.604841343297396,11.244851239853165,0.1191262218658958
75.6404524774135,1.9260663860247305,0.014469056631395263,0.04882503985624857,65.34563635555718,0.12466710079658444,0.08466402841835442,3.2297280290986983,0.4418410753922898,-0.45525242358321993,22.942176665468406,0.22112495548521227
106.258435509984,0.7914599350216222,0.0819852271437459,0.009431033063907523,64.05869537892025,0.1547103712505147,0.04989144116246021,4.1284965696098705,0.40914214024218454,-0.03028684363488443,9.626240401399162,0.11981481924840603
121.39917814244178,1.083952453721101,0.030954203898983387,0.0006572651607799473,78.98994207157789,0.08235384034553271,0.0661680921630887,3.1141612230517475,0.22693236081001927,-0.7157779764794238,4.624679656226367,0.0806167821710256
113.19913391183326,1.7022277077751025,0.06355024403426834,0.03544137590045819,68.09569659451863,0.016263901978665136,0.037184080574728724,3.7162108526837274,0.3515653954046909,-0.5119192947422261,5.6554624876280295,0.07891585912776744
84.97686663228137,0.6699180913518229,0.014646455447894113,0.04788027545630733,85.62108528467681,0.08091684667090837,0.06058664552358636,1.1464477167568097,0.5065878092638719,-0.7133993232305422,13.38005217983564,0.10748623383361884
86.0499478762284,1.5615563465241027,0.06741726073377645,0.021159807379446754,88.67665168341556,0.1354950712799556,0.13494359141551293,4.489798932016987,0.6432349758757571,-0.35953493623387955,15.092023801824551,0.24740040901351285
109.17350617378979,0.7072963030485916,0.06710366206502814,0.023945523285207344,75.93998137067672,0.15319355788834774,0.013212898349723615,4.802828310220104,0.3709971338605871,-0.3409369594964482,5.0531905199156695,0.06852747458846399
114.5526714172935,0.5577919985182521,0.024243082657326123,0.054530614270318,94.33286645831357,0.06632519982498566,0.151351693982493,2.570656337121171,0.770052015112232,-0.710871516461481,1.7369908583894702,0.03932720140889715
81.65439587375074,0.6197693310554143,0.053798986243085926,0.015922433861291444,85.40578313685513,0.07569119993015012,0.05347653817718416,3.236795185273512,0.64127930542483,-0.6848538951646848,18.572134643333445,0.1212963301345044
109.72126142448099,1.2424367530238456,0.022686707394902302,0.0131472970355445,83.0706477002824,0.14021933712102105,0.09577724715743252,2.90697443677502,0.5739533337842913,-0.244056443984221,8.587997257912999,0.1454137614061316
90.31788269613745,1.5057020265133854,0.06538755574721704,0.008158761942718046,90.80020683355815,0.06671850141327475,0.09131314931059739,3.027719466188275,0.6087459288990782,-0.07868327990235802,12.942698821689305,0.1936107312324995
94.93280083786132,0.6244902009819875,0.04202207468874402,0.030660199977711477,89.90649581954642,0.08134176119574812,0.13984108721601682,3.1320676529052256,0.5471136867271452,-0.12555191950977118,9.12195907032694,0.12823122756841746
77.05408911993192,0.2980461891949496,0.04061509343513626,0.017866485461838024,79.03903175366828,0.05919426618320759,0.09217987467920397,2.8689328265683804,0.4312342706329735,-0.2185981253453525,23.230934292035244,0.10193585820412661
72.1818932078815,1.8715444993082109,0.05628454852918439,0.03123591489963339,72.37836547031323,0.07901949611787142,0.1333769920933884,3.9009821184502047,0.453297839253229,-0.15672282314808839,29.31661184611854,0.3188048924241097
125.80488487305585,1.5291618947690861,0.06899871537514442,0.03700902066398839,77.40161940937313,0.08522147998200533,0.12045612350689346,1.2138902074606293,0.15105192541011558,-0.05297054234624299,8.3179190513937,0.1573581265227414
74.48848634367248,0.8921921463990461,0.09404272958640669,0.048355002646776925,81.2416483351849,0.10722994344527761,0.1326262585616023,1.6194132119648879,0.5379559615036483,-0.6450563168809589,23.88729161399122,0.1956443024107528
97.89601875131461,0.7397961589221169,0.08623837379650096,0.015143581695931973,79.18096382354126,0.1494438175778117,0.045390238355923374,0.5740810815431767,0.4124531572317668,-0.43122564250720763,14.34144371316253,0.14775727175776657
79.26682828158789,0.393153907537098,0.0673155269942119,0.055389890310252966,63.974962981640054,0.09070498852142307,0.08440303391883253,3.235418370099736,0.6471426003366173,-0.5477402893230421,21.66420063013947,0.10942553423306756
123.63490973142511,0.7813303528683253,0.08317388279159835,0.033002876986741994,83.57559449620089,0.13948559937121788,0.15559199419547318,2.654906845683115,0.4899957939288875,-0.40140037522521277,5.652565754275301,0.10730939655762689
113.61664354756152,0.4891123272896801,0.06143131017444813,0.013239497742282553,64.89767905138326,0.1269523239949399,0.06771325287115147,1.039975610900818,0.28022563866077377,-0.6580049813232698,4.8160038641184,0.0717910519116166
99.3227502226722,0.3993779177971108,0.08852748843111771,0.02464419266238864,86.90347822151271,0.11871296361428088,0.07915646670995256,3.784142661228557,0.6129717735774565,-0.6961005317662484,8.528195403537689,0.08318015328804898
83.84864161844797,0.8534757602015001,0.039390412046229895,0.042621589725113505,75.16857712107843,0.0975024755662183,0.14713400499879858,1.0565313889424335,0.7748571033864717,-0.8439598841499619,19.02426578811262,0.12892665551744262
106.61171748468513,0.26098831621330326,0.07876415443545676,0.030883018050716242,70.38021190256474,0.14483544544592,0.0859823079247651,3.8523058655760716,0.575297237827981,-0.2996383490455271,4.658271030775818,0.06517645949859725
125.15863978836472,1.2990167678426345,0.08586588979605769,0.054805767719118895,83.87379484782815,0.03630214297990842,0.11505962770030695,2.7704290797366276,0.3608580120785444,-0.48482869240252957,5.5671453396115105,0.10588062065661248
112.96114114353905,0.6027566740363389,0.06636077947959858,0.0353143131916581,80.46010596111826,0.15985140628399472,0.1133939832613736,4.998383669978552,0.7178399483383213,-0.28928771723226965,5.974352973268216,0.09636269586398552
125.49779726874517,0.3260763212964628,0.02951886190484772,0.05396036593240754,69.33805527036334,0.035240794863793244,0.04184208120905019,2.6408185735295797,0.32776398774020016,-0.07524985412980978,0.0887800529272187,0.0067166833498435675
107.56961274256864,1.6917618734542914,0.09588051614954886,0.02163084182977393,89.46845491978877,0.06708766087035974,0.07903176714370004,3.9418307852270713,0.7597780358841444,-0.4976907923100442,11.05803242764709,0.15306037290668575
79.2096447991945,0.5606279333077864,0.04184412064162758,0.023088839737780035,77.459849264106,0.09794839680563272,0.09199063497851412,1.6011954201730305,0.6725780258660561,-0.8377614454474607,22.170882731506204,0.12526346133063876
126.15806026804931,0.9679375295328542,0.0035618011441001423,0.015624078731369721,81.93633126997585,0.10057669005006518,0.05011999179987476,3.570369720372706,0.5331631546935385,-0.0642927230526894,2.3047124546548927,0.06335064431611323
78.79332070178252,1.308372036489111,0.05484349505537478,0.022131243858793097,73.66715877893385,0.08258298527329509,0.02282716863867173,4.665597804253061,0.22568342759554294,-0.3819903744234988,24.1126547542343,0.1334550646884513
81.94552401263088,1.2851426127000762,0.06801815010961232,0.0480464608564253,94.3926771021878,0.07778873659290501,0.07638688783077677,4.483990850508163,0.4242132830761235,-0.6620093234206192,8.775321249071377,0.15158763907283193
123.84159563982442,1.7091897826141702,0.011296279396176657,0.02281249871128936,92.64915366273956,0.06818632456967008,0.03025936565186401,1.3461641538617337,0.19266861989587827,-0.7293407735454186,1.7052448613115225,0.04539210451452916
91.55000562754216,1.4553917400711631,0.013057060767257031,0.012038578962059964,64.51805550032404,0.12026203338769564,0.15420236711105145,2.398501669368773,0.5595624650472393,-0.7337207955296017,20.518700595625724,0.21414840704143187
117.94690506020893,0.49300779510172166,0.09959456897241392,0.012677734257986996,75.55913498737611,0.09312424526685953,0.0848388055553246,4.595895157403265,0.5605738656730092,-0.3879252630107226,3.2825403054032805,0.057844366778387835
94.33232105489614,1.196362740243059,0.04794062812929935,0.0019184509803473115,73.99876136601729,0.1238909277255742,0.11931847522562615,1.3070461229435266,0.3465750544869495,-0.3006533980491525,18.788963534151776,0.20719946800764671
82.31381476273215,1.0702802628685677,0.008561045404180024,0.02069480164846228,82.68564795058222,0.09856589068205113,0.014874300208322925,3.0651415033509375,0.6352658459680415,-0.040401701357829056,16.537539581462163,0.12688281979057026
86.57681872713613,0.9098750757622587,0.04220921979472375,0.05622053821169844,86.1753913136787,0.10783059754118626,0.028329325846757875,3.3411003191231967,0.5058047973292333,-0.11786863344446552,12.746146688102494,0.12189366932410507
104.00773467172658,0.36287574308787274,0.07534785128871808,0.05921029023930983,88.56971149121833,0.14963666992537297,0.13889603533317302,4.946681230266692,0.7101554225024423,-0.44163847872773926,6.3218834090342915,0.08672468648747596
71.31059355951113,0.7787695892474575,0.034104796830144675,0.054170838378390006,70.61578491841097,0.10982412533551651,0.07622027510022514,2.706320796266297,0.1780578816504645,-0.11934029375281596,26.843648979655107,0.17466613607498224
87.86614593883532,1.281837613456145,0.08411347596499286,0.0536934058493011,69.56908486586732,0.15547235694066475,0.14457301906031148,2.472894302207659,0.7808178658521309,-0.46282484220628667,21.254657166920033,0.2124862287345292
117.67378931804862,1.0043241784296368,0.008249079071025638,0.007411830628098008,89.02388041652749,0.0963431429393752,0.12903588640751787,1.5829837352079277,0.6346943561712695,-0.7575424282927824,3.7211019263741405,0.06842178267625725
79.06761814516699,0.3779152128638252,0.014811919706196223,0.04911289297185372,75.84505768327288,0.12870431143755987,0.0883067942632141,2.6792282720832414,0.6372536060068869,-0.06271992771706214,20.300101243614133,0.13293906047069184
102.77364772525274,1.506641278792676,0.06702367842460279,0.00045400856666184564,79.5204237718537,0.07487501775029055,0.13580077330830917,1.6072575593329048,0.14584442390958502,-0.7906248507023677,16.841606566391686,0.21291715763796265
70.63910822691071,1.1448810377669898,0.011047994872137906,0.0477522570646261,66.33957772662093,0.11104614807517843,0.03828511323550628,3.320574498245014,0.7590126212546675,-0.2787318495561858,26.171537055698987,0.1513153349023681
80.08713008076245,1.9631596865862986,0.06150266680903006,0.04093777093547878,90.8950495460456,0.0683193287867479,0.03470558681220181,2.989059234117501,0.4161960268787629,-0.7996165390211015,13.621343047092173,0.15542902840111955
121.61765571674547,1.6222240177384832,0.0943341428837654,0.049994813448207935,88.09893356212964,0.15911838882584634,0.012658642122457283,3.860922298261746,0.4150166289967615,-0.6166814759329088,3.3820368169112656,0.057419827315124586
79.53180088179532,1.1116544634248218,0.019868113685050395,0.0028719990476891704,79.89396076089744,0.1459361522159167,0.06583102024386893,1.5073001932954446,0.468510193052442,-0.47683231053361336,21.964406753713792,0.19713697456876753
74.55033477931455,0.8708865560594014,0.07449975886025682,0.03386852195061628,65.10318614060984,0.14534136361364097,0.13540566792165737,4.220560600299504,0.6742456320917656,-0.20899065101531256,29.32962195557165,0.218082032602531
86.19891958846122,0.6319225301601245,0.04515659953233492,0.05826319278830912,81.64629999412497,0.11587637756965363,0.1564825338337304,4.679586986923373,0.5970853795091194,-0.26072181286279883,15.64708440117655,0.16607600872341133
115.21952567172072,1.2868263144350875,0.0338330519811787,0.05035302853700127,64.82719484765452,0.1449966221737007,0.020032832095424516,4.719222516604224,0.4300733053729425,-0.13242281546719248,3.2476981265693854,0.06631306534869422
114.61533081172603,1.4532271601238669,0.053989091003632264,0.02190500040238826,82.72902989253443,0.09454171967043157,0.02687396392247917,4.58458611131089,0.2835019682778488,-0.0851175135374117,5.220462844754272,0.0834871116677413
70.45030625113638,1.2144059505445828,0.0844162020301766,0.03229123188651445,76.6871036778519,0.15082703153327975,0.05234648552204309,1.5418911098464638,0.19822140110093023,-0.21758456450889996,29.39468990486352,0.2385867184382498
81.92228118955931,1.819251861742035,0.011650916843374182,0.03436358704118841,64.45664466533944,0.10423799043311788,0.015179194158092012,4.416242901054806,0.5336426937016505,-0.41104158454977024,16.232768795910076,0.11219203021523175
83.42650190513226,1.048457024669617,0.0208284875976543,0.003164003657577049,71.1805410153136,0.12597170324981882,0.05271257160295413,1.4011880909719339,0.33873222329799724,-0.04217961772778189,21.66974037809151,0.19027668982732973
116.35590879503918,0.5744373864672707,0.0006008229865747297,0.002485893755317457,61.46597403391494,0.11709318538678318,0.0581814528235384,2.2260936725356917,0.31752723097655955,-0.07681290482759484,3.519688070618256,0.06965715132979214
114.23455762800722,1.6614358171626407,0.0011131500507474124,0.01939590446467334,83.1009095047344,0.08006672443498151,0.0720618179182321,3.278034233452389,0.21548561987583031,-0.05939199605198664,6.452131116932946,0.12810639856270298
115.94433963347184,0.5655866085861587,0.033415084637880045,0.05963037212023632,71.69532422300163,0.037298163150131375,0.08973370342928717,4.97537583069861,0.6289381365007188,-0.33262774627167047,2.106370018747454,0.046648914624015034
80.50510945907784,1.8331777690499744,0.018042074011283358,0.0512473522484554,92.45294516117144,0.09744389001027917,0.08905858138538085,1.944290088930836,0.37748786906793796,-0.13191781825828364,7.545547583261368,0.17101512798219473
77.87281658615787,1.3977402246592643,0.04398206296079373,0.033374873584035694,78.61476733366558,0.05417958323094016,0.14234025278646836,0.8030694113204779,0.25035257706972086,-0.13437356423281743,22.364380808987487,0.21994276398808665
112.12186150580554,0.527464826414729,0.008495554252356362,0.038866824906032015,72.65801477186184,0.019150076589355813,0.14120459626787848,2.1018812186804787,0.6176409548957114,-0.3294752448464766,2.4143964800906104,0.050184997253997235
106.76355594407826,0.5720133294418357,0.06322953614810699,0.055076960002243026,70.0642959648493,0.06652425437310566,0.03608155830153968,0.9653582056399304,0.6701460408772518,-0.503768579925884,3.303067312890454,0.04989820092047155
85.60646162630609,1.3800683067494945,0.08960770080133447,0.03662892049364675,84.73594077786352,0.01977313212428461,0.021244670512295647,3.417982207801372,0.19889486492547903,-0.47815197991844055,19.142240928887997,0.10965957560065841
126.16819048494621,0.6923295020141235,0.04381601257172683,0.00041528730217005257,66.1544025342846,0.1237928523124147,0.07302189167308026,1.5523493658569294,0.5830871932321441,-0.04430675837395148,3.5085675796455265,0.08858449793501097
100.93284949608433,0.2546327147925444,0.06788818737733855,0.0011433414156288514,75.59466375982367,0.10499645031079656,0.0439637098485004,0.6957422783741651,0.13736839566351022,-0.25820850807558215,6.6691244488810435,0.07300690447104025
96.71804125745835,1.1100681598609534,0.04043548140393341,0.02606361634316946,65.51484075773799,0.03045628539848043,0.08298346452997538,0.6585907352995765,0.7846217612615345,-0.2249638788217475,9.523352232393059,0.1042757675118759
88.0107558528145,1.6979469219301457,0.05802506680119293,0.024169317102284545,89.38323435399401,0.037111404285251295,0.09129947575283359,1.5891496809139758,0.41719530600670374,-0.32536232875662296,13.660521145448412,0.18053784198235615
111.14475086271285,1.5157872933821512,0.07675651989154501,0.025991799027994637,81.14001686614367,0.036647637608876515,0.10266333954347828,4.620796778800424,0.7012346576280235,-0.1614546415768502,11.489324606776517,0.17103009923911575
96.63895449683699,0.5070498077745478,0.028772830425272733,0.02237040823344543,79.92437443151748,0.026334159281369812,0.06402010088424631,2.7220049847333003,0.2868239865681199,-0.3339090959799881,7.738724768120053,0.07077122024644565
102.83708769974066,1.3818009206946076,0.016749050139486226,0.03857330303719968,82.33051464268672,0.09248119228913948,0.03423821111100372,2.962167577239495,0.5625285791360638,-0.40344027460681153,6.1975229918459815,0.08835546986189298
94.85149002904656,0.876021655599914,0.06619971286889052,0.002914325176770603,89.64456126766126,0.04661353115742559,0.1315537280163731,4.011876435802005,0.12715888734239636,-0.6477299515668857,12.21365813801208,0.166077141341545
95.3393647213793,0.5438941887456306,0.06751191534691894,0.03482523519822421,70.29726365916365,0.05856056288918067,0.026481692830036978,2.5803389769206593,0.3024442821196214,-0.29734743018025733,9.345549876821728,0.07817481306453261
87.63857846348102,1.935568055456856,0.07487939060936696,0.028839658083486153,94.62801191472781,0.0896350067921183,0.15713920063507922,3.244884333027911,0.7440583520978324,-0.31708024446984184,8.55373771649593,0.21831455300394978
121.20036047109298,1.550268838314219,0.0873330549206438,0.04898849431224863,67.4367678023269,0.08824346242773166,0.15676003305160674,2.7951854387470445,0.3332483691764112,-0.00038180395532994016,12.405463198710628,0.22085019212687157
120.32005331025805,0.8399538198231595,0.09218642141743734,0.008289024884582141,71.47107231335302,0.14549265561463362,0.08322906691288376,3.3103535156723143,0.5044654012167005,-0.05206029096911613,7.085032840582026,0.11830509143791461
118.4579494992968,1.1646888095441557,0.08134899838176467,0.03555389482553376,77.33609317240365,0.0207794203287441,0.06558464655189282,2.8764873418494865,0.43667475610339224,-0.17051160449983793,4.796524902259945,0.08338211954878412
81.54036808201688,1.3229465055976766,0.018740621377306685,0.00229053094372564,63.80720581433643,0.06574707858456583,0.10300868015891079,3.362513111991083,0.1535094329121179,-0.6646279395040153,25.29993209031455,0.21681476084718562
98.89293595651273,0.5788971180922577,0.05241076228960434,0.04339091102949508,63.519031209934525,0.10460808400409206,0.139248561909036,3.532445777363572,0.18979474718108602,-0.7511010028708994,11.081468714892463,0.12263462869520743
128.60595379463052,1.9289097402488642,0.042702076978574505,0.04481265629187143,89.06895302462812,0.11612587617686168,0.14032498041792643,0.7496078890505121,0.22837581591901637,-0.7687416100849367,4.954844044454272,0.1226848895097808
79.95071656605947,1.5522513897476409,0.019568861256333,0.048202179996775285,78.07306294235137,0.012724124368662606,0.08983901580531525,4.735217406049528,0.14156234964724454,-0.08680451144446266,17.60570590532272,0.20296355962186174
112.69638600872122,0.8425866979083424,0.07665816069020909,0.017572241444870774,86.2701614570149,0.03544158326391961,0.10044481425050225,4.197761911601032,0.33117366511768187,-0.3785201510142686,6.506547311383007,0.09979098942526238
127.49162995019464,0.5150502959223336,0.07961459162345248,0.0532922359740239,66.01656004004502,0.0722534490447976,0.1200977878829648,2.495314228829317,0.20864524194347828,-0.5276987047258659,1.4806615227681035,0.03941412691279337
74.22408581246216,1.9503662855710169,0.049793938502499246,0.054119492308854635,67.34667982894611,0.024685238560881992,0.04665836653339094,2.8511336064606687,0.45878117568987875,-0.3642227293280421,23.932229938020367,0.15987616439683444
87.93899043177925,0.31427577890752245,0.04952226072687124,0.0012054013736089728,88.47465821913168,0.03443777740297923,0.10183019068911572,0.9145167330502727,0.46161043781051436,-0.44301901972852825,13.167119782262617,0.07396106189069351
94.11736169990662,1.463465605061684,0.04550901305094376,0.02389932671846878,94.91889629907368,0.09045356675135649,0.14397518973888282,4.561358764732928,0.7350261760570015,-0.8049527187089998,6.66035630117011,0.15271387841871184
80.05908965928425,1.1467297699047125,0.07645353135823056,0.05514137328477233,62.60692637017652,0.1396922241956626,0.11614075996853071,1.190534270222241,0.4735515615733943,-0.8124506159417685,25.274842550056203,0.1827630611288632
118.2771602243379,0.3245777473235808,0.056138302675062327,0.00851634918763824,90.98706257786597,0.1477742541674262,0.125582046082857,4.938263361541814,0.35286922095259665,-0.7873616347770712,2.375831285487066,0.04927670874222557
85.93751181275096,1.9084276840385566,0.01412856578985055,0.015745091708451574,68.90288694587768,0.13231667156393415,0.15118409604651942,3.9191448160017854,0.19691100150708102,-0.014542291610049274,24.15666528376008,0.33139205640123626
125.71556488364254,1.410838010809022,0.039750692839168586,0.03411722450779967,78.34402604995046,0.05338407614282538,0.019071056382249943,4.29372476079946,0.6569029442973956,-0.7234092656348293,0.24216316243705674,0.010976178123103508
111.92992382561192,1.7579998631650564,0.006966191441866604,0.022613650754837726,72.12743683147234,0.14707116097988102,0.02310487211658255,4.625644584381922,0.17971354561986252,-0.425672178054839,4.701351440535879,0.08087848021967328
111.84050558165134,0.6158612108992602,0.06265101122080068,0.0332379958522162,70.7598970090349,0.08716625066697464,0.1343477536591095,4.816124410800192,0.7855660205235685,-0.8313702220524386,5.752659795351983,0.07482203543573131
127.99036473363054,1.3356677957336607,0.06277425301067716,0.02760157453393388,73.56597479973583,0.017325651006799357,0.0803416126872438,2.8461372263011158,0.5837116341041766,-0.36620621504716167,3.559135223416149,0.07708342726430947
97.55787372595081,0.8887664536242624,0.0859277171737958,0.047379644932595916,60.118957365342894,0.020188035003627165,0.07056674762646661,1.4836210689383218,0.6444587270545059,-0.19795815091334534,9.794330304401543,0.09295171125122255
81.40026414839532,1.0806008621397871,0.014329077101392283,0.023135533756160207,84.18011717784648,0.07954946097284467,0.02721499424519265,0.5390236480081666,0.3448494848181216,-0.8281011106071524,16.716661313844877,0.1329921910680669
125.12695429423826,0.7279149251942978,0.03999147783242235,0.021280514601374687,93.02150425369241,0.027646823101573244,0.11432235893574716,4.086304609728945,0.756146001256645,-0.8600071309214005,1.1421864124489982,0.029217864211041444
88.55914202404873,1.8852572988223022,0.08665620964175744,0.014138991507462353,77.8420747683465,0.15392498984097902,0.11364609213214337,4.8140229162735535,0.20452548939450488,-0.10899784533571766,23.95678655674868,0.2951793170350749
113.97622652546083,1.5666086874407399,0.09086022252788578,0.004091890497807038,88.912194104361,0.0743564439319401,0.09813616107191588,1.1108105274907623,0.5272739703828803,-0.1580653736333354,9.805674679933814,0.1607236766834362
89.28265930383544,0.5136868874259919,0.02209362482635827,0.015527399709670464,83.47959532001923,0.1509814149481325,0.09461105750183926,1.4899376855931172,0.4810786995825347,-0.13855272641616612,14.119102951116176,0.1456911525977619
118.99839681235035,1.3778275783439482,0.020530421633652485,0.021340969818320503,71.04328218043025,0.1543274345724501,0.13588819665020796,2.431361977648282,0.7923088618854607,-0.7122332947274426,7.889719337841974,0.12339869196739015
92.87517452422385,0.9646951270075715,0.02243333952327788,0.013335607565710023,69.07375940390688,0.043917138227605776,0.10729760174871458,0.8435593338974964,0.7550037966978822,-0.8492351118346053,12.848622925281633,0.07879587498084567
104.87492949158968,0.5076157480992172,0.04995798754970109,0.059849476786607916,81.54831525520905,0.04687464454801906,0.06741092238922111,4.532395383477951,0.38398372132031355,-0.7721772834001911,4.142995642259658,0.05231727579822225
103.04551131488708,0.5497346255969082,0.052642609670642826,0.03721818779702851,83.21746147186867,0.10919398771246035,0.12476416794273466,0.7989643872677188,0.44365250585196725,-0.2954437428910023,7.813299579088084,0.10239148595299234
106.31750686117547,0.3401353694010426,0.07314514480173805,0.02072420517267718,75.24660797544554,0.031783915671236826,0.02324146976741552,3.6737856526451313,0.4277992828781756,-0.1448013222014889,1.9648923437855284,0.030883253492542836
115.3842764332334,1.4733076236508802,0.09448808073156094,0.059482082461404365,67.00990757089225,0.02672841693835684,0.15050676874203145,3.3730248314628,0.37554467662379654,-0.48141821166396104,11.695191928627649,0.1716798965348246
75.138592455248,1.9016925127627713,0.012142361085983456,0.04941624044451717,78.23164356493197,0.0762152736473503,0.10366932303832513,2.2632206131101507,0.6805816532817281,-0.10221062307647177,18.273652300944388,0.23228545232328707
117.7735832426175,0.8828672526227754,0.07637512404763364,0.005282926806781753,65.05535738670261,0.07119592900616736,0.04002689324738323,2.299114588725865,0.6377497745776479,-0.46233464618444037,3.5651003329625057,0.060412391404006
107.80187117654421,1.6815602362222095,0.07157255893753443,0.04717401302512659,72.09891007199771,0.03360562030917556,0.13531033808725682,1.2467545541797047,0.2763963727751153,-0.6885519876131353,11.82104684487696,0.15097296805159874
120.27232347714809,0.3702991081401414,9.304477675743762e-06,0.021448882039479197,69.35210878914057,0.15942425323718393,0.04153975853521142,3.5492387669401073,0.6782952984243112,-0.24996784477798872,1.5769797182577543,0.04295290663869696
122.27541091339569,1.4891722449274603,0.06464013365275423,0.024448285534202266,77.1538443104841,0.15183183074077536,0.05397826439559567,3.6902576913779983,0.3428990970388806,-0.20207546324064396,6.955555755451424,0.12120819483958006
89.67558328637102,0.7977910497264571,0.04139944988259602,0.02497691102181008,72.34648153564748,0.10900486719920918,0.0631927687524058,2.1243772245818127,0.3498811449642139,-0.36139803603455223,16.05732705210428,0.13901080262442536
84.28079728125812,0.6455353963136701,0.007566272702771074,0.020971037781048665,79.42148404679708,0.08582167347160123,0.01096004476014276,1.7678702225047491,0.7729715198948595,-0.7370097234765266,16.3922637552288,0.08635898712421838
109.5999426799946,1.171849365894961,0.03177900804366761,0.042772566827817965,64.0891864575542,0.08160611311819518,0.0488345958414774,1.4596766077594068,0.6194790841866092,-0.5165339289517605,4.582988753993007,0.0718936513051476
95.88038945114081,0.8306545562813912,0.08649147034244602,0.05500607850277158,70.57133149849753,0.1315056482197374,0.15214271216741224,1.7360339380650611,0.3908429925924187,-0.42776251928232073,15.232123850418112,0.16239151963109785
97.72122025290066,1.0231128625674568,0.08656308573178173,0.00837423774745799,63.88062275919216,0.1555925762759845,0.1270214903919847,3.4468683754934446,0.46429118463442165,-0.518765973424254,18.681098111677795,0.18996605086669202
118.10976779643295,1.0689784117122139,0.041772665669651016,0.04373629026235812,74.09181310350462,0.04002846852164509,0.04439204721086836,0.5272367732973421,0.38670108920786406,-0.7269370212587327,0.8218892244703447,0.023682947628641426
91.98007949667388,0.872620168969473,0.0013696417494767344,0.035848210227996134,94.8671169938348,0.13218072808983056,0.09936583876957367,1.3145294043937383,0.2721190948355524,-0.4751603000167422,5.812241468257652,0.12225900566182066
111.77145722269417,0.5022819363412112,0.03812050824169086,0.028787509743521723,66.69785961679116,0.06988648752813235,0.10093814713118474,0.9802779558325516,0.4225732164285655,-0.3485953106855232,3.2491025272492977,0.05671247448755785
118.75120933117735,0.5622458836926386,0.05381630496376808,0.04129385794633772,70.96633473160168,0.1589104766060586,0.11222816792515976,0.6064905385664242,0.3133355502743147,-0.23130922082434513,5.060474259477772,0.09463950081981257
82.03963228176576,0.7710517965314995,0.04574280976730332,0.04553626189378297,83.54553181411515,0.039843284576501735,0.018753787314322985,3.2964431469864413,0.4574637639838479,-0.533832601140392,17.186980316058722,0.08717285009194942
81.70252481003388,1.2727273132170698,0.059732088663342786,0.03962811907480383,73.48177133633239,0.11681554299256776,0.13354259341846034,4.920394886094962,0.13973907876081754,-0.18238666954244576,23.19669821077835,0.24448398196520357
111.9760506622014,1.7479881322010478,0.07710444721315775,0.009367893507267676,80.35982072073789,0.10360033640286506,0.01370243084881652,0.9569352011609342,0.620204118681678,-0.6626741367161952,8.978423219630288,0.08950119856005748
114.01296758293675,0.6285852224575343,0.08848695324452277,0.043234658977878496,70.52417065219234,0.1562984838541203,0.11947960459149094,1.839952708344046,0.4649020366573733,-0.6634406019327517,6.674218819177433,0.0928536556796385
118.1546788442656,0.8245024587363379,0.021423453161557002,0.0098943071292797,78.76518015367031,0.060891404154830506,0.087799105811696,2.418062887164514,0.5383901907942616,-0.40914080210385756,3.3722147035162195,0.06606073231564154
126.48649112959565,0.7264642688944257,0.009400074009829455,0.011005286865041047,83.31669487448832,0.12133835894240266,0.010621628739694926,4.406204638123771,0.30846484175477745,-0.18644891367275562,0.714461961084381,0.02686501221068819
94.74481889029511,1.9134637336399487,0.008042927730708083,0.03253211743593087,85.79738999319828,0.08178738762622022,0.11039231010316844,4.7831144036547135,0.13812581363545184,-0.7533196243000024,10.627726652812973,0.2046028300811644
127.20977496597202,0.8142956611965304,0.07402645546642217,0.035901030912587575,76.8224561142993,0.09774914036489302,0.06458267711895656,3.6276212270591714,0.16865436678917928,-0.19649258384677315,2.8773710329142834,0.06572416892146812
114.68446882360456,1.0349862714860425,0.061131005997038794,0.004538590339640521,93.3526447153294,0.03843958073613334,0.019860911650827782,4.93553781494955,0.33578592992794887,-0.6341929560625011,2.3661484991266017,0.039101105691685845
107.64840214400529,1.9522759895447332,0.07784461375186938,0.026850437529169963,75.3721408800202,0.01240660235959897,0.09803039942365319,4.280522389344914,0.2549066421432006,-0.24812329819076806,14.911520747697628,0.20444246416113424
116.71754194617145,1.3063981606579365,0.0031994360515177483,0.01092106770752176,93.99877229586694,0.043539650706411415,0.020718434676716174,0.6663176283465668,0.30497844433129584,-0.625161023932467,0.9275260864605328,0.02829182339894745
128.94914429621898,0.46037261905987664,0.09763412573095548,0.050423913859441234,62.66646570034931,0.11408976053416721,0.1238963669805353,2.3732798417901995,0.241907385515224,-0.6229760846728387,1.821203908564318,0.04568744009243757
102.02716885147264,0.863903253488994,0.08554762178090965,0.05069186242131805,79.57692499485032,0.03068423826115768,0.05484596655395346,2.0375631939089938,0.39456569819338694,-0.6200897958498691,7.428567420462664,0.07176392764821997
104.18182022196297,1.8841113878494553,0.09308032301765007,0.052177568825711784,71.94879528866339,0.024882708208743057,0.022095313562838538,1.9011831305898075,0.6358625580712044,-0.348161845811628,8.193032804295834,0.0816344312423895
104.8258574933705,1.8769926895742115,0.08472964127428217,0.00259079613071862,70.79870957701326,0.08560192041416764,0.033868135468121306,2.3846137039865054,0.4263492708894907,-0.4640408561199148,16.37243410933516,0.1444548347283114
109.44791132213153,1.8871006074734857,0.08281465888572176,0.015263347632665795,73.42118029052313,0.10194267101398628,0.12603275456953622,1.3419138129707953,0.6112017842894588,-0.4338458585802505,16.634875293221434,0.20873560941363475
89.92696046307094,1.68705333236259,0.04164533157884305,0.04145865567208906,70.41031496336882,0.08424181164251103,0.017901943156054378,3.818169906714938,0.2988609608412825,-0.8139220160735335,13.309195726787497,0.10006827352947759
102.288398573027,1.1828928682317992,0.033697895611954264,0.05020563432973485,69.81015481952704,0.07213647354353807,0.02779113747246744,3.9125446042425223,0.6042714889678465,-0.541565797465441,5.378507659946521,0.0645868806146313
100.3768804943353,0.7940997261035169,0.050184174981906,0.00731203637116444,73.7923631975555,0.10601296860274705,0.04108038815956046,1.2914747664769581,0.1037980099710563,-0.37906850756348087,11.505467058426236,0.1257455726760314
71.95789696374648,1.9610325902658845,0.06661710690185126,0.0044313329160288436,89.48238372909864,0.1474024158004336,0.05714694181251195,2.6461434492994687,0.4136645053486263,-0.5999787717099205,19.837697622633367,0.24779769755514286
104.0526213412237,1.750345538162553,0.07491209556695273,0.019051372366325085,72.44140374810158,0.1155321328901173,0.14093911128605147,2.665458184428827,0.1818115117794507,-0.26585511300925957,19.638563954837988,0.27085646950952197
82.87679062926354,0.8935099286138481,0.0007597492874105581,0.02618291945337705,85.43410144407272,0.10132412320934527,0.1201195948734239,4.478131253075643,0.6757789913232866,-0.06689431774111021,14.821121353546046,0.18660155942529205
125.97715107533331,1.3051855098039324,0.020060711800435463,0.03564418547890194,92.90942520098095,0.09559760958716938,0.1436547930362227,3.625570589435349,0.3161062450792178,-0.381083717920252,3.43141259615463,0.10812999878748136
71.54730740638097,1.6414501321521486,0.010863882668958233,0.04934052186213034,62.78638334804105,0.014964740287305406,0.042453642887242654,2.5993028664937343,0.2336074999215731,-0.28161172499656695,23.22016691132342,0.14379705342523913
115.0271909879037,1.7370011572973174,0.055412207310818334,0.02333673357435633,79.86900730789347,0.012319475739819678,0.0772990278495935,1.1953546958507952,0.2846149786233684,-0.1396170747818396,7.3369457636569395,0.1166261888252597
82.71778875168299,1.7599741185114037,0.08040470534859752,0.0380054758119998,74.64788639561527,0.08674235142410414,0.10004373697810248,3.3388643323584226,0.3833067090926432,-0.7826903119076974,24.087280764724206,0.22857026539992362
71.17125613812489,0.6511523380568216,0.018610289015604336,0.01531059764451776,72.94355273000087,0.11948627946467094,0.15817458390991826,0.820474111887799,0.1868603182373551,-0.6551329039809335,28.53878183489352,0.1921867020696397
101.06210705263777,0.5337794025884763,0.06854637644649779,0.016270632489099105,80.2108072305167,0.07042811601703312,0.06428811706733903,4.752692513828558,0.1529019382104979,-0.7446154685804076,8.185399313068194,0.08515147556808081
113.77862181491389,1.927586864779918,0.011405500317210566,0.03659623772475581,91.84583285494162,0.12913155227267772,0.03406758857629898,3.3839215845891757,0.2693758779042552,-0.5681018109134512,3.347062091363593,0.0771665062427193
97.16435135573738,0.2639751271982444,0.025878390946166282,0.059355700863782855,70.82005982086271,0.15641526462553454,0.011141512895103468,4.688062638233434,0.6264000974062546,-0.38679240640582946,7.027385379444651,0.06846758954498364
102.48775887514554,1.6373041499927936,0.06546786945471149,0.026489078139070237,92.98602709780732,0.07899794820335894,0.1546060899872093,3.903909771886918,0.1303875892289136,-0.4897903240203785,8.193090303004414,0.20281373365639355
126.29410076927192,1.5314597870898392,0.06969048420265953,0.023544300337664404,67.81696321891346,0.025174664773813915,0.13701908632316234,2.399550643414371,0.3138769632498047,-0.6858868712573751,8.562675850407127,0.13831939052044473
127.71366272670934,0.32840384220607194,0.08387172492940148,0.000810215651732412,80.48379370807893,0.13207199111469708,0.11590110223082505,2.0202731513070336,0.49438043542259447,-0.8810360463922843,0.7788661948491473,0.02119962841567403
116.8100495546274,0.5393661938970895,0.07132845070032091,0.014211947662397677,74.3846617931184,0.08028487768234593,0.05558657216104926,2.257890113471392,0.6738433800445013,-0.15652471205014262,2.8592357280678296,0.060827385936091966
110.26719664005952,1.2128168500150707,0.0361286055701586,0.007730755684253758,67.31330714008303,0.10215191682132178,0.04470366127942373,1.879837590718605,0.3719691193334951,-0.5557402344494142,7.80764987650713,0.09967950135271517
88.82560431203521,1.2644502084291618,0.08235816104453365,0.010403809258205304,66.3015463277894,0.03961922730857214,0.08654032541356851,1.41436849503922,0.21262054431508404,-0.7610878122007986,22.26527242517798,0.15804747464942545
118.21107335678474,0.9997482458510663,0.08809615830642309,0.007325627055807157,70.99165255476485,0.013899477711447308,0.14736808126119377,1.1336891262183098,0.1750530868379041,-0.6935382720532006,6.418117066622646,0.0912164999492476
82.94935998020219,1.062325550828192,0.09046465251281943,0.038792348587422414,68.73644426881378,0.13712179296903382,0.1483779786296757,1.160264371988019,0.6303028107737543,-0.22671750343486885,24.469670678003173,0.21788170715421276
114.72982635181125,0.29214632378176086,0.06954498729521821,0.009073870962404149,63.90972430416191,0.15763143797649334,0.11556035175805224,2.3224120251276066,0.44708748973977563,-0.5220194875875288,3.3516855595852597,0.05719335167833752
120.70317624148652,0.272750040214269,0.09492377697363806,0.007913512310174906,89.33353690888836,0.1415884335725101,0.08765016332268968,4.570239749396859,0.31933676846111664,-0.012621645428105954,1.8509252897872368,0.04434847601683042
116.409907545274,0.6599683079918037,0.04358117746281037,0.01587337256559124,78.84636144547852,0.13453966519420613,0.10345533194338102,0.5636827600339807,0.2724649371058391,-0.26962527660735136,5.921106242554009,0.10223990650964732
107.70380879841564,0.8562959373753454,0.07099406371197411,0.026718102216324705,64.27992821199547,0.12287312794565994,0.0908694418591896,4.852974034387595,0.5442461347395001,-0.3627177249182387,9.656096355744435,0.12196621294669631
73.65645030121014,1.3396343530421269,0.01575378946748013,0.007549987732829495,89.8483735092752,0.028565468296183096,0.12613292299906356,2.787029204715717,0.45043194271021036,-0.774155127943426,15.173526566094482,0.21083309161621566
96.9933454968962,1.5938475237039174,0.05046087207491007,0.0014372674540007327,77.20832277370059,0.01780577001361883,0.1416238743076585,1.6842980990442418,0.5423095138378732,-0.5897412709041687,17.857336896425792,0.18614258897028413
126.22320721332736,1.6930787841803654,0.05793515938715517,0.04032143239325025,94.07072242852843,0.1130041981076157,0.10622020773160719,2.133254132603011,0.4408213410881352,-0.747906453994547,3.6733272916433215,0.09590658825416007
84.0469473975061,0.3363252592494257,0.02577016702348673,0.014866730314847561,67.60609231895948,0.051712070190282206,0.10865512913634218,2.2670529840077593,0.5698020314923644,-0.4193040382342954,17.27457650996274,0.0916361376595275
106.18515780599022,0.6134869801359883,0.062287968743240364,0.0018336001456800873,77.90964822972006,0.09806741999997821,0.06999450475872947,4.331147537886636,0.7538656730439763,-0.022479003330125424,7.364265319229612,0.09878073103039145
74.76099216404212,1.4190876348252108,0.010092434053737494,0.05457844329924023,93.73969498559356,0.022002822434171378,0.129564591028185,1.912873763496883,0.13358730714467817,-0.29373027254469575,7.108634586305452,0.1645195547943703
73.04448772199254,1.5435178685148256,0.09328395155967283,0.05059256103223794,81.75059391050033,0.03124339123428925,0.016878142035739993,2.0570103891231817,0.25216740971535495,-0.8409954440093113,26.810079289126758,0.12549038359985606
89.89773234660683,1.704414975596396,0.060717880819180926,0.05713132885269791,66.10343305344631,0.07991680651259563,0.09605510824418168,4.5063333223917645,0.12281688658032569,-0.16793999892770373,18.805256145882222,0.21113323506415643
96.04011081996323,0.49677708163381823,0.013148738098353256,0.050785568192870105,61.263593738080196,0.08095215464312291,0.05428320882960609,4.149206669939186,0.1592741521859593,-0.43730690610592826,7.902496357474962,0.08268240513826393
99.59389884964897,0.9399510921257073,0.05193320767695319,0.05403508416902206,73.60088655378793,0.07782866012686136,0.12875593295623525,3.0889182565728452,0.7721916540336033,-0.27436010039042535,11.413991088358491,0.1435001435777277
98.84080686455758,1.6697016937830331,0.02648935101024213,0.020811716296262883,61.52539323859393,0.0950417161335467,0.0925078452517802,2.898941468852708,0.12656574641313192,-0.670354480549703,16.022854215714048,0.19456477550084073
90.1294675495546,1.1517715649453462,0.07851130688307018,0.05072538153077534,69.02592855149004,0.118149613208427,0.05897546177016229,1.0087284554054403,0.2710991646898708,-0.7914356452242794,18.36369965346434,0.15233685029859267
97.71814467897514,0.7873987860197631,0.044667284333914196,0.04777771335592109,90.6357016979261,0.04266191752579469,0.01779043337403089,0.5927674982959767,0.18657800829031396,-0.6135302307589852,6.16824723535657,0.06825703090264935
111.23081305026041,1.5568607205195646,0.05894717689302236,0.04631756349915671,77.03750104619732,0.14998573575920168,0.038080990251926634,4.965006179914466,0.22310032845250824,-0.05629593125472154,7.192852314524318,0.10994792476643585
112.3946374951334,0.3672648989806086,0.004034593013094167,0.038583887874516255,82.9199127393247,0.12708236900903497,0.04378425885998412,1.4703446402238631,0.17305724405269246,-0.15436053195513633,3.1580472798235815,0.0592472484056836
87.94048423544692,0.7624457230548854,0.08870646513046698,0.0510959057427718,62.433620246176794,0.047720709717446505,0.15351019501758498,2.889663541508251,0.7601619589563356,-0.8900756145901902,18.91245431897884,0.12852570639557206
116.08018482566743,0.4483278498334333,0.09975483145041944,0.004148955965910223,82.99416682927573,0.06402483939329298,0.03632540709636835,2.2429705098781247,0.5344381677570603,-0.50883176083848,1.677786805986767,0.03328205447852381
85.05809697083134,1.8732583684967492,0.07045916458045808,0.024586512533887918,61.706343685426106,0.15226237906293363,0.07265233428361907,1.3242638664094222,0.7341220304252001,-0.23721988045191744,26.354878985477903,0.24923844566609732
103.53039731637165,1.9850755789028889,0.0016447454113049681,0.03128146213880846,90.05004012684545,0.13772357879723063,0.1014728571075878,1.2854164309261864,0.698938878727634,-0.704399517994189,5.919029865969061,0.11158372409622104
85.45391069659021,0.5216361521107846,0.023157400790142633,0.04384585372962156,75.77542089483646,0.023493207216236253,0.015919012178409863,4.051261036022448,0.6776616218052277,-0.1794940105197047,13.70377886909198,0.05998518163303261
105.02823277869132,1.1882389022242292,0.0979943218965955,0.00447604663648785,81.18001847001656,0.05479102349688937,0.06263231867938644,0.633803227248444,0.32567997939078,-0.0010368323169250848,12.293416003285307,0.14207845710161016
70.32070388038946,1.2712332166204012,0.06176656104991795,0.02062554447116861,60.146183450495016,0.1312904989078805,0.04588922811015907,1.4205184016331316,0.7425356929691793,-0.6456964553776505,33.8069161016997,0.17145753927434196
78.06953873321585,0.9019487761613866,0.026218375828825177,0.02580534891905742,85.48746274636761,0.028062582714668355,0.05056878250591677,1.5860992278644435,0.5904985187924925,-0.07633066216153384,19.178760249053212,0.12911829534748342
104.50858910934377,1.3870323699644318,0.07080971817918601,0.0433290760365605,82.5601429631381,0.11486364996968608,0.07553193415092826,1.26487406048356,0.4336564932220842,-0.21020889212894467,10.871608735741622,0.1599879057929603
101.41891344312802,1.0988513814660752,0.0834745289770945,0.016663127196384436,75.06278103356092,0.15534942041764874,0.05744086644214681,0.6108013873260808,0.5095155764926498,-0.6684222758337268,15.322936475226916,0.14923448675698014
124.29686710269505,1.8265879013347015,0.08109118318930758,0.0015028426644064833,60.221058196057385,0.10863585909890666,0.08166992759651799,2.926068621141039,0.16075891085063007,-0.25353601129482817,12.904438955248336,0.18863731579724022
85.19420053830729,1.199734351844503,0.03424950852628294,0.0010666206430608963,63.06673746198906,0.147105229840258,0.15509602929480185,2.413190236072143,0.34392158029997333,-0.2360151357679362,25.602428051186855,0.25798927915497155
122.81722720859997,1.2343740060686164,0.0655823151131893,0.0354952542066229,65.12278059233444,0.04873970022149766,0.15021351688061643,3.6055580119729287,0.10673431422504773,-0.06864402304610351,9.147772429994268,0.16360675905136468
98.48829279667277,0.5950927001647948,0.056564583542503405,0.018150996058326724,87.43220130617526,0.049047086339324655,0.13738284498886713,4.32797258637971,0.10213844443024002,-0.12602754954860418,9.797733373615316,0.12424728124012677
79.89202341380356,0.5447196226947691,0.014229859313795163,0.05698495902062945,77.5856075116088,0.09890224206294358,0.06961688661315675,1.923533025450061,0.3660190343625017,-0.8725101271740191,18.75108328985191,0.12168356297531122
81.24110703758372,0.8947384313161401,0.04656824451061125,0.016904816152098136,74.73542452473893,0.09336897214574476,0.09343145870993887,3.0193403567404067,0.2681369541114471,-0.47536715559869064,22.522544278467475,0.1761478112941538
88.42197060135904,0.8315495216009946,0.06819098817563242,0.02251840937283246,66.38387327330264,0.14404936806299592,0.1371608896003365,4.875265576482133,0.5719810470389352,-0.7400944852640573,20.641482137221217,0.1766005663841969
119.62742637334964,0.8847795523669452,0.04969301355740252,0.002664007929310345,83.8662525299509,0.01835850039036003,0.027473922041042736,3.923211381699392,0.4953495025603061,-0.5712328668734151,0.8456505207067311,0.02151281588992464
117.54718003951587,1.095530417815562,0.05874187604053446,0.015450993167293576,76.61585602769362,0.044381190118736306,0.14182046934871534,4.760409972150621,0.3073108879822729,-0.3435670732731563,9.505897753068936,0.15344306195270513
72.24322759066123,0.9866818890711234,0.04908727423817153,0.047430002552388745,86.8538781376781,0.15618038487037122,0.1598474060463378,4.081170785005999,0.35648786331026583,-0.11672479535371916,16.874370187746187,0.24391742645934564
118.83799430123729,0.4459241694314441,0.025973868988454364,0.044334989898276805,81.29603188187323,0.0884314447027065,0.05700276709976479,2.9130024860631156,0.7860206383353736,-0.790153566265474,0.40768293878734746,0.013627116538978435
75.86359809098589,1.1984485331954096,0.0028670587783888235,0.046817491192877245,87.57790695767545,0.016396043101349286,0.13955529481786796,0.7105129446388145,0.5251057084716888,-0.12749318730452186,13.913032646712493,0.15485087247289586
103.26787035435794,0.7646561443805572,0.07168968611472698,0.008091018646531311,86.55157926122732,0.05580161769222057,0.1587123881061632,4.230166807906395,0.5963291026373775,-0.5420745583348152,10.448010761029266,0.13682988738940607
103.63846164317302,1.046908647851674,0.04530548344825403,2.023870565380368e-05,68.78658293346584,0.05137186133217693,0.08940717851065405,2.2692700449865564,0.11014368287222162,-0.17582595630824638,11.780880193840394,0.1391050608301369
74.32091448819808,1.3942532721543057,0.03845890704724714,0.00924759757484636,91.01348317387229,0.112602942684766,0.011217272861160343,1.1702706933857567,0.21344916345026077,-0.4539853504722661,15.16847166176706,0.1871180524628639
88.74090284875261,1.0438100172289575,0.027918633192338643,0.03980544484342063,63.610405937510606,0.1584709342792719,0.13912225253578678,4.188018304392869,0.39889667391852635,-0.47762356765940667,19.238598886533016,0.20279444497132632
122.90223677633152,1.8467747261441247,0.028092999643953915,0.024349761338437036,91.44319992904923,0.07385415060593334,0.14436779170861216,1.4574701907463652,0.14884962644469216,-0.7358605658544874,5.4772379784948,0.14688769348441785
91.10993852713183,1.407865263871435,0.09063121131344065,0.023849179736559138,90.11409516952286,0.06516236395308043,0.1465100927690252,4.183637543382577,0.5526991252443715,-0.8063138935656526,13.48247470441888,0.20575277410214798
72.42068262308413,1.7259255947395076,0.004211326534783383,0.012896487582823718,76.42068121707973,0.06284832034535423,0.11374600108078296,3.5768464189586426,0.26372663587008294,-0.09264696675322204,24.316301308046828,0.2793838674799311
114.33148527380023,0.417545982562471,0.04473088928204305,0.00277739085372684,68.88437309533892,0.035977880325885156,0.13187345690962354,4.843181944948482,0.16293890022710672,-0.5265385469991843,3.2867934524059805,0.057574232078268506
129.66178057711033,1.9787374583550579,0.01594750509542667,0.05957915347444293,87.72770247588082,0.1327150704744732,0.06297416758570536,4.739187412340823,0.526367832971739,-0.29469961621646135,2.669715605122884,0.0823238274159873
129.01609910749337,1.81993167858105,0.03500730612046428,0.025021629843100916,64.2431088967805,0.02046970167550879,0.07855825687958339,3.614237863399327,0.498533708045261,-0.6091715522397145,4.600465840325303,0.09015706005828387
84.42632941473016,1.6238477778455294,0.0971906063603408,0.006728162178210913,79.84305737298371,0.050149133942167294,0.1410797011536077,3.098843892083917,0.24053742768940528,-0.2681568651414007,25.460370866197046,0.28631614518311765
85.6864407199808,1.2756789712114684,0.051072194153094885,0.038158441346403206,67.18285207487106,0.08549464335100421,0.06541817625314887,1.7428309577162187,0.6853119409391464,-0.6260291129772164,19.489458023890666,0.137361463099597
85.54204433248876,0.6739905040916696,0.01943231246238374,0.011078314692446481,72.424920949749,0.15516385859891588,0.0401854119239778,0.6408055793550327,0.25866828449861895,-0.03746302467708462,19.227894648062303,0.17923759222291377
115.34828275123161,0.2862886514912792,0.08090525919060976,0.04503520916562386,63.56142543419954,0.12842693376297415,0.10969194761803189,1.432717119331929,0.7013265187254565,-0.7061325636820119,1.8583092894529885,0.03469137685046498
113.88453116878378,0.683361540747234,0.04814353690680248,0.006880840268016771,94.75496177739907,0.032670085574068225,0.10593558338717174,4.4037856018172565,0.15804154935920187,-0.5803533994620649,3.364421734745155,0.07216821196710231
124.04977977577735,0.36653141297212743,0.017415973445293612,0.02889253302358719,76.03240966825868,0.12651860285448688,0.1456427150755068,2.3135990066439724,0.1717152704539458,-0.11492296550877956,2.0465531250432747,0.052155551200140274
122.17640640042393,0.3536851596554804,0.08250911259434764,0.04615781666597696,64.30724249510166,0.038111702102201155,0.10231342938393234,1.9656291767535088,0.7617032607561853,-0.3751937572695806,0.4396533351935155,0.018535009708575145
71.40122102643227,1.2925921813639525,0.028145589088527836,0.057494643754982915,68.01712228397946,0.03337651059257192,0.11528087543635501,3.796641754113952,0.5857120721813762,-0.8882823860212546,26.092506873940955,0.1902496862484229
97.33454173796305,0.7128161815916312,0.04457729122187073,0.008793052432587784,81.31553571227985,0.048176696927294954,0.12549867641112933,1.7634086261138722,0.18821508161866507,-0.8549901607620697,11.57175027158946,0.11472533008759717
83.9073704146137,0.34692328784627324,0.054492309166949464,0.020125353501453322,67.24059277544798,0.0659772007714536,0.043459063751859664,2.8617215593637777,0.4118761014819836,-0.038791838698627235,17.54624029718692,0.09279323239976847
98.53965159957562,0.3496360789291691,0.08307354534719827,0.02850058657997464,94.50843888564376,0.1285211547505572,0.10568838211333687,3.535119513809972,0.5630835161453009,-0.3680383991940186,6.076810202498654,0.08752197748089473
76.7680570082629,0.8796855564730857,0.052125128591143224,0.030016456831613976,62.180528638032754,0.08604608093257413,0.08556100604699127,2.5437204716996558,0.19407939931498025,-0.2642419754286589,25.59270281186459,0.16973189086147705
78.50224500367571,0.37729469709502533,0.06030534451119818,0.057676334683268805,86.07055968587693,0.15160934395867842,0.12451264447722728,4.539499869348693,0.28242200238752035,-0.8106528640593174,18.38412321937935,0.15522121625043372
117.85742364089883,1.5457371966015425,0.04842895005033516,0.01876827750016164,69.10195154798151,0.030346574084284685,0.11103709378643847,2.310356685344595,0.3648738504374286,-0.2865961078532453,9.242629399962404,0.14812705915842192
121.26101547758195,1.9406700504617491,0.02971997163833546,0.02137054445940271,61.18095570570014,0.13848708949760535,0.1047169271287519,4.909801141313773,0.35076114547373594,-0.08849111708197366,11.357330599859338,0.20337347411577056
114.44304423531753,1.9872962389836268,0.011771662073457994,0.026319719110070527,94.03383114046733,0.011262465201714991,0.14421164323695973,2.2000710907554204,0.47532154926695014,-0.6462834510039088,3.877919269078096,0.11500380426176314
124.74923062952794,0.6183390184701688,0.07144258631931885,0.01722686099304557,86.40316301209668,0.11380395493506279,0.1250692970374977,1.7185336688323076,0.3189311716828423,-0.1731102967223236,3.691448097300336,0.08000345397335412
104.4765091350952,1.0505322585394614,0.025476748736710367,0.02590665928913317,82.28165135149212,0.014549196533018088,0.06179678115803557,0.9276074746698187,0.16635830919625474,-0.4818535732366713,4.81360978287371,0.06211017370665266
82.48211935012365,1.7817924847003352,0.05164077214751779,0.05990762123691592,64.02235713669523,0.035665993928677614,0.06435617421768773,0.9609274966643239,0.29842234975967474,-0.7491527227865891,18.7952420214149,0.13205862919438105
89.48472011851834,0.8034281865256646,0.06394904324822384,0.05201796362806265,64.43103169250797,0.09026070945426656,0.08359391581576886,4.521140451464335,0.17096322721386148,-0.8611215073234343,15.881369331057755,0.13696908220421888
98.99989233293772,1.181262404220535,0.07388860294129593,0.03936452444680088,67.4933627323656,0.14507212771201217,0.03270628866433192,1.9885423412740937,0.2816864367934131,-0.5545824330248279,13.390731442236183,0.13339566669929678
123.39868139926354,0.7225334196307776,0.08217408534842899,0.018264413501466126,70.66449123657617,0.03904440675696843,0.10054033576621264,1.4794922897090386,0.7218538201684621,-0.3743648426434397,1.8495457222811533,0.046767105475473886
114.37428192099964,1.053296678232905,0.09883322027626552,0.05888357182829874,74.72670136518704,0.03009056189411509,0.03777220978445622,1.032917085212251,0.5757099102963027,-0.35173077058987956,2.403099575803573,0.05269202425418914
80.48136517704536,1.568128669802062,0.06456720361645941,0.05160474712881575,84.56062115939402,0.07312936688236381,0.15374528549374758,1.6737671873612083,0.6880354458647978,-0.6755899996011501,17.030948894329654,0.20261738797950649
127.94614836032292,0.2653845668650005,0.03540761249608795,0.058343528525229005,85.06371923976647,0.15788346621927313,0.11771119117066312,4.057159778096027,0.3991321046585681,-0.5925355879243872,0.6984220286832388,0.024723136942802548
113.43645158067966,0.9080735482276518,0.06920054016708915,0.05793812718907437,81.59696462245869,0.06862484105635576,0.08122679733255121,3.177170996719959,0.6170261114146912,-0.5301470720251634,4.60103942890362,0.07349029751944437
98.41632056862323,0.9637578167498632,0.09012694722044272,0.03438999824103981,79.78592646002713,0.14256992587713457,0.15823497277106383,4.2923772491133505,0.7091683579821221,-0.13011065781740683,15.168233853974431,0.20372306854227654
129.13799724902253,1.3751038883384719,0.0872172490490193,0.011883620824752104,68.93669287769998,0.08305531876499599,0.11530988328714353,3.356624262196383,0.6027881513559813,-0.399914374337494,8.56014001820226,0.14364196392416118
73.21074895836607,0.9567253104954896,0.018202522057194234,0.04861643175701541,83.51065820916293,0.02614427924647479,0.06678662756097568,3.5521360982413523,0.45425201191326137,-0.5447892961196861,19.674258958410523,0.1530743364514198
110.89164999470317,0.9489618867475392,0.04306066560075997,0.01370974912059806,66.8563002329843,0.07672484884184197,0.09273983481141698,4.860882774447033,0.6842554493679788,-0.1586248135277445,7.93185869663758,0.1177409934113822
102.71542826674904,0.810089022209366,0.016354087638293647,0.042179483702665964,80.83591477339834,0.018787740879757577,0.017098953169507568,0.8542502756787687,0.12799831429932812,-0.08131004659687102,2.6969866363118737,0.04069971775579824
79.73771245944323,0.7865620517547339,0.03707808258603468,0.04527215958815195,72.22366780168456,0.11783208503698114,0.05639623719495301,4.641496951892882,0.6814404834842205,-0.8999733025722416,21.360628993098615,0.12449719025013044
83.56631768203118,1.4341967174085963,0.016196890890660617,0.05254150171159529,61.81283473201106,0.03376791221289286,0.10886218833682267,2.953083481204831,0.3552859195910346,-0.5043857377802001,18.78732408761315,0.1799735197695512
122.55780746805522,1.3620477138616138,0.03599366320199493,0.030303683630026255,68.64965731578017,0.10566787185603436,0.1288450946980207,3.48544390827905,0.4424390496012387,-0.4891280868960764,7.9579570026990885,0.1434048925673397
84.14849368176006,1.8168802740497851,0.03869197196730041,0.05192492472052989,62.827555331808746,0.14564725953443147,0.03492579352574078,1.7955071387182306,0.6639198120134959,-0.5109601694289985,18.382825709362663,0.15051610486978778
114.93017781630887,0.7022585835774375,0.07903281610181244,0.05289871238356564,71.8358806204029,0.136223401272243,0.11280595077400891,3.5143660724148287,0.3057837878778271,-0.2160456737137425,6.595800965627199,0.10720609918547319
112.7257647911081,1.8357053758275654,0.08611924085608383,0.04768802327452591,62.32660894718177,0.04528058243491775,0.13844879962281162,4.612480154628458,0.6138731211601314,-0.006444614153500172,14.884607663232439,0.23221855475582998
72.0296922583952,1.4349232348989513,0.028451538306090554,0.014797626490442611,92.88062201401956,0.04990279040007519,0.14618205543171386,2.0490937301804353,0.7829659718964291,-0.8146053443437629,12.940398394075904,0.19388713773004856
104.41468399867883,1.5352896824639808,0.036279403836227186,0.0287156838324542,84.33775133910846,0.10801353279704196,0.13214152591089176,4.456236179601781,0.7983136017677616,-0.656480670547916,10.79629562377198,0.16942550392615013
111.19019847193269,0.7512588815878328,0.08798916773257622,0.036101241878748316,92.9639837871618,0.09619212208564837,0.10375399688911388,0.8303777106949356,0.6995994329360556,-0.7700093432057014,3.6706970611045113,0.054250436568745626
118.67985540667436,1.538988831439242,0.024955229019574712,0.024017915932237094,84.9178698095878,0.01906898791475675,0.023867900828167345,0.8970946148249223,0.5606121486733644,-0.06551617930810816,1.2826502139050646,0.05876215727262532
125.34977268324097,1.0197034569356875,0.08564117390283668,0.04044994206679724,86.07736550777241,0.12357620344307588,0.06922165470904561,3.8402934086104277,0.6481838915367599,-0.8475129152699643,3.077646554499415,0.054724511593732886
76.0788548775443,1.6071247159990605,0.06403630237778744,0.0007623371568466188,63.1118916469625,0.0563758427642882,0.10900852835389126,1.1171442994908038,0.4525662605123535,-0.3888841771361772,33.41601663720392,0.22845821423377458
89.36319169674212,0.3815250380923327,0.09783441854923669,0.05358199834535383,86.5880061643547,0.13411727918195626,0.13093149426675424,4.035947036257707,0.5256251370177383,-0.25163315790524265,13.494982168306143,0.1288795190816524
120.45952614620083,0.5054559817676509,0.07261177839835985,0.026781283108334334,91.15829246183276,0.07258239759985645,0.12348693103356237,4.65440624939236,0.5277437272886313,-0.11985495399699264,2.6895458234237295,0.06302373391848426
128.3341518160275,0.47521136398667274,0.09386785069969461,0.04947523470893781,71.06476981680322,0.1031466915899035,0.10068491106897845,0.6454397855769383,0.5773227091792023,-0.43091302823731564,1.283823575531314,0.03942685407831677
71.68348584412615,1.2805908640631154,0.058684705186216914,0.03354155416650323,88.9030750525725,0.09998815904864451,0.1076571711195406,4.460483197805858,0.6154409921690868,-0.09949628783455888,16.883870176153327,0.23360228736293798
87.04484603822183,1.5596028398685549,0.005134160334068493,0.054909378866147884,72.15713640129476,0.05627444846694435,0.11074154177531523,3.42273589748244,0.768134264945639,-0.04892474869300634,14.877715568388485,0.19880676789122947
103.69311289546118,1.232096724117489,0.07395834866313242,0.03977846641400187,83.40509432373791,0.06531523872038625,0.1225309626982252,1.357478181236877,0.2643037826198754,-0.8962296343954574,10.726107128709518,0.13238273628860264
118.65884699172659,1.8701950610252203,0.03771730451806043,0.014726960896340374,74.91792225788971,0.10992427359778568,0.08530870547671171,2.529214589303135,0.6076405356796911,-0.5019378895333979,9.029471799551995,0.14173673609565957
90.0275784639594,0.3866195210339048,0.05525957981196936,0.010566743368352711,84.86382102033673,0.13052098780801885,0.12172607140991558,2.102385525690707,0.5910103366648465,-0.48330548316494715,13.72941783252903,0.11939329209032254
79.41890292753578,1.1043891429412185,0.06498380636466217,0.0005040756938623111,93.75116213133231,0.012208095161057725,0.1447646029287383,4.472418835643049,0.36393757920084246,-0.8845741531407143,12.305719338072684,0.20011936454588938
90.80271743251015,1.1065745746408369,0.00394993671428461,0.019322398604522995,82.66620899269357,0.07981566586680676,0.012860694010766885,2.8212673502697054,0.3845146600777052,-0.018095105628325614,10.784900032243259,0.10495957408143848
111.7229500640909,0.3158600543940727,0.05730323639268203,0.04875507544913109,77.39023343268605,0.022924900005860737,0.08577686999628656,0.6813731317120575,0.4739758317386811,-0.2909382436959205,0.5433547683656893,0.017594560243178892
101.34147678997464,1.3331834652253904,0.034880310985611,0.010444063233146814,92.2441267646021,0.0864653991188516,0.1028332925365721,2.556729862498092,0.691421468633758,-0.42323136304324255,7.835242678929982,0.13971485196219438
119.24904196042003,1.7234869383142795,0.0464685865225902,0.0036015492677040745,69.26303338429668,0.034224354268079835,0.010038109632411732,4.214520139540644,0.5474794859448114,-0.04289547228137147,2.236840902871867,0.0505606354677602
116.22348621862007,0.6968631144123795,0.03302008356379218,0.004217388516311934,88.98728787777532,0.02107816035425747,0.04214834894009342,3.525183401394535,0.5638900234972523,-0.146587119595059,1.4917430628845205,0.037723635244841666
120.02171730380184,1.257573293791091,0.09391329031845196,0.019245178809713014,93.55045741381488,0.024194811575494475,0.12326529072661625,0.5519514391777042,0.33821398374669265,-0.8647146350141794,3.3542831513285796,0.051148035980643984
90.72232578515516,1.1530985346279312,0.0300197492470744,0.0402959876023395,81.70172158548598,0.1504713137750093,0.048246613401558266,1.304329940241562,0.7134647892890739,-0.18284113341209196,13.214580801731211,0.1641708314662473
124.5649559173064,0.7463672034609619,0.09074656145199417,0.0465598875091276,63.1903052525866,0.01519571117683367,0.031728976234858305,3.873029378643477,0.5868596758945579,-0.31827366243944655,0.4258179626796741,0.018053110290846518
92.94852625357886,0.6436738337313826,0.008712848767792224,0.045932609464092784,85.61730542796134,0.04798407576452062,0.12765097683718252,0.5015775300225385,0.33210116019878516,-0.552069447356359,8.974465104407201,0.08552539552592239
77.46781968181676,0.6646614597774265,0.01157010422357821,0.014280726349586256,91.33682326288051,0.0759371598751874,0.03936664553455893,1.7026465578714491,0.1551177967832057,-0.16844613309346168,14.077659631705023,0.15091676278694782
80.37072910598594,1.7292237892614617,0.09263571897457112,0.04241581163403772,86.98097350146233,0.06015492296989697,0.09181433258471916,3.6604130042283267,0.6766753727641458,-0.5991539291155954,18.521973623483362,0.21360235772020766
83.68383421196017,0.289198161949563,0.03538038699803572,0.053539227368682954,69.2979921410759,0.03684260683804214,0.015654649195697125,1.6344248670412245,0.4399122024758768,-0.3769781988042279,16.048434262214354,0.061549028366609776
73.14948043938863,1.2063452885193207,0.05709947836789351,0.041121773755602664,66.22622651542393,0.07532818773779769,0.13836095247165128,2.379234276653768,0.4692240458510333,-0.2961130177031418,29.205796176087134,0.23126677689270256
94.5829249850037,1.9965181791149893,0.09469426008741795,0.01600083639071056,76.50875024837623,0.011143092111860086,0.12359728286223363,3.6398851529059266,0.7156778114591048,-0.13378037721016722,23.36920557019435,0.2745028971232715
90.20066067650029,1.2003396479841193,0.024002032736505734,0.03845281958593875,72.83296630404597,0.02286880418952903,0.041021981560666436,4.574790590727478,0.47760532102430564,-0.14168308683653785,12.192537587992343,0.1108361517404321
74.60364670761416,1.8122624122450561,0.031100787184365927,0.007084579357560585,92.79234354056538,0.09120151740220059,0.03183146835887727,3.966400336562604,0.3459821275061217,-0.7757003271600742,13.921532210830705,0.17859652827356454
125.55598070114267,1.143638203653899,0.044401450587422446,0.03274906287906056,73.33054332961727,0.13019065419909992,0.05773338472599738,1.153974769035464,0.4200566629198681,-0.6837243494148839,3.5911607434254735,0.06903455553089718
117.27185375906265,1.0451856116794125,0.09802231233174405,0.05544806900362053,62.75638176650607,0.04283088538585922,0.010182836433462614,2.11884553244734,0.6452776493651754,-0.4534426922072844,1.0749489638300032,0.03074761244289072
125.64964053197136,0.7446783920182503,0.05849885708947686,0.01853788035331752,85.10225818553039,0.024326544117255273,0.13027754169260553,3.6123867246773798,0.15448428639672374,-0.6499015933978624,3.3207183528213036,0.07140654791864103
108.62342153075956,1.0277883600419409,0.09527899933921878,0.012219379735122915,82.62827241906152,0.014286995539122528,0.06713070583013181,3.055825104640088,0.3631751788911358,-0.8589151611162251,8.685389118559138,0.08711788173529365
116.87687187528776,1.245520303227224,0.09472130198836355,0.03511705954144117,74.839861977819,0.08199598781905271,0.05617074501766929,4.5812474559002725,0.6624280598263109,-0.4437356645353126,6.597534673177576,0.09316401164639213
111.29184124972028,0.7251373163793449,0.050527204563332755,0.0042749578469438495,73.91226326211154,0.15821119556856197,0.0889014638839217,2.001383533912935,0.7768118951018256,-0.1812269143607831,7.825423086974802,0.1244943704075864
127.76659876617914,1.542320740082642,0.05036216123987476,0.013591173035142793,74.56828843483734,0.07580889685381872,0.15316937879130404,0.5479917743780209,0.19745052739511554,-0.8825755829691669,6.966287785106403,0.11206065417428687
128.19948971616935,0.8980949101530659,0.08248298379919335,0.013516531572587817,84.20014314666041,0.023739777598341522,0.0766458900356189,4.82964533021359,0.7189548794002966,-0.24619084134891467,2.8160777498958156,0.06490096160586968
100.85663834078443,0.8477756495298127,0.0005210973878436871,0.013990256886502631,87.85519471570933,0.028414295296060904,0.14270950168939764,0.7017526322645806,0.49242522549517187,-0.7930737298903047,5.606815460204884,0.06167190292439947
123.30426764134441,0.5525721729749291,0.012873008084697324,0.03506006876124322,68.07105092069034,0.015486780588721988,0.05803031121205624,1.7285696980101906,0.5455044525517221,-0.12247116045431727,0.32785204200916923,0.019328910606500164
89.07382582154658,1.2213051237364485,0.044232076508725154,0.03265485185289997,60.256348268481005,0.14587305735974573,0.09753274567587628,2.219908638030713,0.46689354592594057,-0.28281360196327177,19.63153995017048,0.19909863935769911
117.72424229254997,1.8229750716702078,0.03680417231268783,0.042284867742660444,75.09456777049887,0.05361533305836597,0.1330575919085682,3.822533310618398,0.5008701003275817,-0.31213695047888346,9.787160681563188,0.18243945239011697
93.58687774610516,1.4280036276220553,0.02336692017805353,0.0020553395844592408,73.45541782357958,0.0942111057513262,0.026128386237211233,1.8337988248341401,0.496105042089375,-0.02016796250980568,14.87042847937041,0.1552066891671769
86.36933969428073,0.3055098153208,0.03288721854640779,0.027407250263686674,91.12263247604743,0.07861752453067333,0.07944645353222317,0.7709516398228905,0.6453633721228493,-0.7477923863482043,12.004502612000481,0.08985854763083342
119.75061898702761,0.46526362122509834,0.026041359804446208,0.017582244742289106,83.13679045186245,0.12635301419042447,0.04317048493659162,4.141433873004986,0.24225694085581925,-0.6281066526941628,1.6753149365941489,0.03853092014822573
89.41694859940478,1.3412999038096969,0.08033599476907965,0.011535731727731138,86.70920920140698,0.045868623201901104,0.11009179905634206,1.2381939824998032,0.6185749599667376,-0.29875530586246213,17.63718011357036,0.17968213259880866
102.63614851107798,1.2780276617079143,0.07029098030429919,0.04058591994148811,79.37634616006406,0.08303775858527464,0.011852782479246373,1.0457096090016973,0.512878070210466,-0.714324993047378,8.134677274895303,0.07298788390260424
89.60925714705114,0.6225095562136983,0.05088526367334753,0.05120405529186274,71.34774232171557,0.07846046594477893,0.06822859728204726,2.4998383519651837,0.5208418751268561,-0.25917887025102004,13.933117543474992,0.11324414964096159
82.09654241152191,1.891237601190378,0.03468646031882951,0.019524151344200606,71.60085139269506,0.1002723646932187,0.13076768425559984,1.4901946323419561,0.20692274904982771,-0.605886194637811,24.062182231317028,0.26881791166219643
107.78716468886155,1.3465720123230402,0.052814677282470114,0.05390424236340353,86.49263562988935,0.1429790531372242,0.07718645024754578,4.890172036486962,0.2607175359003877,-0.6314835173991387,7.31322438184814,0.12542908555921212
89.70703276198222,1.3579691791309065,0.005498372481733453,0.04345356007067432,86.21420695806654,0.06365435652572854,0.011668050529273066,1.077393136227453,0.16147960232514372,-0.3019417060897007,9.395249815347551,0.10776095120006982
116.99668574914134,1.1478596491876558,0.032136567880078175,0.04985851947531403,61.31251043491063,0.032627055754124376,0.05184283306742877,2.7653067021439326,0.6944561546682427,-0.17733245449994672,2.5077807288182696,0.0637852652286962
118.01298464374207,1.0765138212103298,0.022324801311183164,0.011205316297637057,70.87122415905773,0.05093203737591892,0.023614166357464828,0.7821374464783516,0.30417639435232424,-0.15225753589928714,2.7812519314510173,0.06547377125389289
87.02867729211573,1.7306724268003637,0.06872161063851843,0.01539933133779051,73.68683247611817,0.11286416159308113,0.023738976931982493,0.8383391360985444,0.29148997954085754,-0.09111116279061737,23.630973148499116,0.2206578334971916
75.0178878719427,0.8546237381233444,0.05713793556163397,0.0075956636100251084,72.2699043484108,0.043110408458079785,0.04231969790523739,3.185512446948037,0.3093927316473244,-0.011472630363239644,28.00056567430649,0.13223488053529409
70.03538326069516,1.2251923512676925,0.04439930040581907,0.014439330646641454,68.69958945981486,0.11147953022386814,0.058637690278343445,4.464667366575972,0.40073400200869,-0.6222155398645751,31.727942027900998,0.18856549559905414
101.88336908640517,1.6687578061751647,0.025085864966618483,0.04086230754777047,83.73666645151168,0.056806225067046384,0.1373173250681974,3.7084198585326367,0.7667939168969834,-0.8333402480666925,10.344352246850741,0.1558049167130911
107.9117004796677,1.3925449253350395,0.08079310472157542,0.05881409892006408,78.69749257131582,0.13829569359165048,0.09639200622323164,2.8817452024888315,0.2571859598340768,-0.14864210497974295,11.370902156101561,0.174198618697012
116.00229243937092,0.40312299303011734,0.09186703485277303,0.0575418150463955,90.78338403904024,0.14239417742346216,0.09659902518565479,3.5840725472441486,0.2518982925037163,-0.06085662632847055,3.1630698740480003,0.065403904464919
91.70537386151386,1.7438433411272212,0.08832936511092652,0.057386556826739356,90.61209706995457,0.06727488844722443,0.030924177671912835,4.530562852894217,0.3534609505341144,-0.20658091197626016,10.685310403903395,0.12817373349320627
120.16804216034978,1.1173171832001538,0.010317256283621205,0.05561660778586967,63.73456583410512,0.1319382736100433,0.031145252472892772,1.989865119896046,0.5789981918789203,-0.6215625990580216,1.7246291999723338,0.04410982915490679
87.24805043143529,1.9150032804366206,0.06093613096186136,0.03901040521231559,86.82410890054716,0.02248771288553337,0.053307853292225545,1.796104572179826,0.7530776719540941,-0.6780479189357496,14.756315106634208,0.12383246949879317
102.52707702690978,0.6119340848152992,0.057785866190706636,0.002738074153986005,73.21501318548191,0.09460999089090075,0.036424582069793675,1.0919115966303927,0.2855189174293829,-0.44607805056374317,8.891500821450425,0.09452698233517744
83.74758047608108,1.523569400284148,0.04675110359257001,0.003058216967198614,62.23968919323568,0.019344182016859078,0.09968225595663016,3.809534862933001,0.551012794762453,-0.0027290111276065954,25.54559461913623,0.22221187353843744
92.11307551605125,1.7608027341102748,0.03251102690121451,0.0269820461939639,87.33590242146104,0.030123318775051047,0.04335240473918772,0.6152363352173924,0.2591022227366604,-0.026834573942163376,10.78515170329962,0.12818809080140975
95.66180200750681,1.7725125473864127,0.01780913806302454,0.008430869913579424,80.65970095294786,0.044271398665807184,0.05923586041717045,0.968778580082549,0.2189837442113901,-0.8748712188267306,13.162471748835884,0.12816722147064777
92.4198119550474,1.6658941761428936,0.07426017264168566,0.04608674926708788,91.79881481305789,0.04625667206195327,0.04841490322254062,0.9204769815398659,0.40844766099347896,-0.45993996630326506,9.914963684346754,0.11855066474018908
83.67334401205311,0.30050620692662733,0.054163516370958946,0.03770356002265534,92.01423434599523,0.15294017085493528,0.14931027868940241,2.8741609325709514,0.20360541104992938,-0.12365368821427591,11.988264060616364,0.13891638486043836
92.49464827487515,1.9342330490746706,0.00910803599273737,0.02743279825806829,87.86573235917845,0.09056076523058465,0.04065451847449217,4.68952284771206,0.46607670290108427,-0.4147513557085292,9.343326137140563,0.1335163762480446
99.40857935982866,1.8916457743161665,0.015252183054236416,0.047952734644582766,80.60817218603076,0.14205953046622327,0.11179620322714548,4.790317218572021,0.6833271076449893,-0.7959123618000716,11.122816236183874,0.1745295334885376
89.84702570204183,0.721937046159496,0.028833604275489255,0.007219387545979632,92.06905390723915,0.1026810195087141,0.14307722239146184,0.5779033348930657,0.7824786464463166,-0.7149020380644916,10.11043990626192,0.1085636430880856
110.77199732464561,0.3316189193918231,0.04058825831117916,0.037607559222929694,81.97914035117815,0.10958603842579712,0.11166005498234131,2.629310133804639,0.5819313537430439,-0.20738204810162197,3.363057210221881,0.05906581172925606
72.66027022336249,1.4005523565194313,0.04598684860732444,0.05686664259817055,85.15721171736533,0.05236000712310815,0.014280756345071598,2.163255867218476,0.22001035257898277,-0.6659731042072043,19.474248529436203,0.13560083539753726
126.80114839263665,1.8275896579911415,0.0625519629984356,0.030497001418095252,82.1994398406206,0.11924063939178806,0.07371977206300918,2.3339790808863747,0.2205321777162796,-0.5484433771534866,7.224016050625475,0.13585741722400055
70.9609446929626,1.1663616232018637,0.023450233317265805,0.05745152846431184,75.48982176691358,0.12102315529475205,0.0437267087143678,2.292945508821137,0.4131669788958512,-0.024166099177262423,23.98163903434131,0.1861870798199056
101.64344799040444,0.9168199643913714,0.06081278322877392,0.04167907560309883,83.66490327441483,0.13930622832788597,0.12951142042286132,4.421254060370011,0.7214027372613605,-0.833984610551174,10.68350938588675,0.13136808789544133
75.75438143172718,1.141215170961729,0.024458018017140468,0.030804761569279415,60.62909481591168,0.05819568378171845,0.05687560129687971,3.5031863704654045,0.6478790324193366,-0.5059312381560793,24.786572517902993,0.14364608503974657
127.87387426348023,1.4418480365377488,0.07577722059733463,0.04285944965927789,83.7982554759588,0.15194228503220997,0.09321423442197976,4.592968173228968,0.5876425728295838,-0.6706015563089855,5.6723981904496155,0.10635516410060669
75.6192650828493,1.376387281322987,0.07914778943609703,0.0195616589080236,73.87854938671212,0.07541283607665511,0.028830766351215613,1.8090160551460628,0.6367388929733069,-0.44946676590845186,29.345978219125055,0.15086702462469045
97.46047787362178,1.1007347987468181,0.022832135439780344,0.053365301492884876,69.22280696570672,0.01804040940725664,0.0331581711340252,4.495439267755501,0.15868622676824817,-0.10557280471805708,6.651097381191484,0.07789119316326597
129.62972892301232,1.3845650772417066,0.011197523167859377,0.0074903893504999946,78.02840871616755,0.04330036852776669,0.06092686142832578,1.2357708346714023,0.2576586208664338,-0.6507325706198586,1.7362155165164452,0.04473198670719262
128.83437871108595,1.228075301206824,0.07615990736173435,0.024180970689532268,76.87862283517188,0.03910224311864721,0.1222380927061494,1.5097635046768705,0.21777204541695094,-0.3560931825056739,5.393478197729065,0.10254054850382974
75.31215603820588,0.5329880439154908,0.08324798219406657,0.03460449039156591,92.60296632787453,0.02647807968911184,0.0567151907351545,1.8668962233913455,0.3895944743272409,-0.8230491253276042,17.78328047910257,0.12702903722330702
81.8702484248187,0.6298158352036372,0.09595530556846071,0.021698863246222395,86.94897811882176,0.022623511845533163,0.10530612491270402,1.393626176803214,0.7172281270404631,-0.4353706236768079,19.82137204927277,0.11420094782796501
101.7432715254555,1.4725835830151088,0.056086512393162084,0.021113448315163635,73.29977733096831,0.10033840668388422,0.02185279069211475,0.5090323201126089,0.75675106192196,-0.05054596540046652,11.099009329666282,0.18213018116485066
124.78133743264522,1.5549263264747466,0.05336663803905076,0.013398759782826453,71.40828327845239,0.031026134540513867,0.11320040540852683,0.9915121859985954,0.7224528264561548,-0.3855512823035099,4.801119203928907,0.10472811819769808
75.21604471665906,1.9653628319900898,0.07554028419130954,0.004865439678652675,67.59094129849416,0.14105423154053587,0.08374590157694148,4.681925241311549,0.3633485783858278,-0.341964918367726,34.78911333528601,0.2807255712383513
129.74227557050057,1.7191361362850124,0.08229710390699187,0.04498482072731346,72.06190987721581,0.1288609290690212,0.10577937317596012,2.6853598622310035,0.7386631454234296,-0.44804575410940534,7.71935423844034,0.13983536644764213
95.18549913202091,1.1243999672112943,0.0511295076350313,0.04807332356407449,92.6611111094893,0.12621860031716545,0.03481910995581334,0.6219499500566362,0.22222563468143597,-0.8868868947811994,7.537927892842054,0.12160228963841084
115.72091062336597,0.7678021578694432,0.08082943980105384,0.0066689889523775464,60.55472222691781,0.13394283201459892,0.05972953926669843,3.2861619910189646,0.4094647833782149,-0.5542852364128392,6.0575705856316,0.08618504400580365
117.45613689174525,1.639925503265574,0.08970784724250142,0.04106271909355974,86.12396933788325,0.05949324919189028,0.04572159504666911,4.837791183976269,0.35598054327553075,-0.5579332767587586,6.272165039736899,0.09480360021866709
119.32301529143623,0.5545141740541671,0.04705235977143871,0.04678935422721713,60.052921942960985,0.060384653061237546,0.1111191195836545,1.6494775824503007,0.4994168458705833,-0.6381715776322328,1.5084852546314853,0.034231873238381644
129.555685559391,1.4262341646853174,0.09342965940675228,0.03671505266894934,91.98440324800958,0.06304115372639388,0.09293479373759711,1.5217968146360303,0.6707433955687584,-0.17828534070117352,3.651042229363067,0.10336215273814545
128.87271655225717,0.9161052896249992,0.03227551293554468,0.012385800903483618,78.68953197534078,0.08613019035098436,0.08307342925103572,1.139323740818065,0.5827602117069086,-0.35247819292934857,2.261742279270634,0.06457672034394954
112.22639059369787,0.40826962712577675,0.037674597227384685,8.571860948235283e-05,93.69898972589473,0.1492088151164859,0.06011696237853891,4.224483867877481,0.5516563359777525,-0.708385953717659,2.8484085302003113,0.04987996075645409
122.03557834547769,1.422005696523178,0.051586435823132416,0.03619930852692578,83.71355676137632,0.028220479059740435,0.0765219205323793,4.1402324840805225,0.47166403382563515,-0.3974410507535533,4.747294160876315,0.09062952825224935
78.84256812145867,1.2561674445260986,0.02536215606681122,0.027863228923226378,73.03201617704865,0.06957575863610851,0.021786890157460468,3.8050328399848388,0.49789500773707385,-0.22528084075497024,21.21321492672382,0.12278083916668737
113.3167704758535,0.26924260462914107,0.020416387458388148,0.058427986090648656,93.08794108675443,0.1401134428782034,0.11914005503848892,1.351249280110847,0.7673111188830147,-0.09002046731709523,2.1666804522099357,0.054554952568614604
95.9333983555986,1.633362752068497,0.02716529807109172,0.0163363869206093,66.24098770296239,0.03470341176431965,0.1532525441692753,0.5960808118097971,0.1408759542012823,-0.7326628923271337,16.04671067644345,0.1683528344512764
126.56324087317932,0.2702177954959287,0.011936937429569033,0.00020923418215617733,91.61329384732849,0.13176061484312981,0.14849467645070763,4.98732531328899,0.18206446501709195,-0.34449376192612924,1.0989652912087664,0.03456176657683976
101.08668957656427,0.5123526875506592,0.006530280842862589,0.046921879307933005,87.69992222725439,0.14436740255320235,0.13120018692913388,0.9852139521823033,0.7640651096118376,-0.7201548559695754,6.355748941322145,0.07815583246703027
90.252129227875,1.344766966983181,0.002750875910348943,0.04902432099599668,91.0632586464958,0.07502280605106795,0.014516997684112229,1.8103200890269333,0.7501321945781422,-0.46711163335970596,6.4217299118202655,0.07561624882986623
129.90223002446788,1.8042715128082842,0.02454471498873896,0.026567329384799228,62.284052571826365,0.05894956910760831,0.05131524511938872,0.7391149872169056,0.1309510303529427,-0.20130115688228045,3.6840172933028508,0.08782600870907634
88.50011447985861,0.8455911453899779,0.04884748352550835,0.043052164701321366,70.54516398391755,0.15900842582777946,0.07817650291565491,4.1714300239074005,0.6791086498479428,-0.04558139871352018,16.748717253136235,0.16310745710206948
100.0394650944416,0.7726264344591236,0.09877532776158648,0.016742285084618096,87.3748929522996,0.05041584264558817,0.09543975202801622,2.157184286313366,0.2963305902767118,-0.2825782659305236,10.726984506191759,0.12023860367336843
96.93669264316468,0.33918999996540644,0.07244313889820267,0.044687803246638666,62.463849354275744,0.06103278654571792,0.03997928353582227,1.8255172629911471,0.7645179330415856,-0.7054504772136057,7.326146239258785,0.05068590588812045
121.33021935459783,1.8526392312229145,0.08464142007444145,0.017072728975876496,60.322982610054844,0.07606666359036955,0.09650808657325442,0.5821052318612546,0.16543757709092666,-0.6490597918970505,11.687037051955691,0.1544899754790379
115.44621566061147,1.4313404398952698,0.06792944837390623,0.04252207179831252,73.13511943886475,0.09935760905334967,0.0687185966743688,3.886130319062956,0.45612682638476176,-0.31531309307989186,7.685126159638317,0.11748341024215357
129.34346911271285,1.313561452561273,0.04071989729563691,0.023359957765199273,93.58135798036159,0.04237937276958023,0.11586931438709404,1.871694600693843,0.1289892440187184,-0.20427604487704665,3.015813887540257,0.09083084462652398
101.5073656442335,0.4844558092048732,0.05187262733755377,0.02927056455246378,76.94085127553357,0.06336465846481033,0.019419803022244178,1.7077060611788797,0.24871066939149766,-0.21350326633540306,5.682692280813324,0.06514023308504206
104.21977810812777,0.6855802373802343,0.03159806309339691,0.018055055112557616,93.79722961209086,0.10840374755081876,0.0868679129501786,0.6271037325364304,0.4875749529734379,-0.778247405158935,4.892798827880423,0.07198179956281657
81.10202912811266,0.5171239184420064,0.0967000940565265,0.0038016954029380995,61.02379930056374,0.03936217491417278,0.09420353638462342,1.8027004718684192,0.40453051814816576,-0.5435142075430106,23.439956370642864,0.10865562700109711
88.3961996440645,1.2405929779348082,0.046311518744725,0.04376457696897785,65.31712587319237,0.07657588146390105,0.06668846886329893,4.113014030984079,0.501816133337925,-0.3772909505692945,16.921499440619318,0.14870555678917036
116.57854872505956,1.1851360755490552,0.0532368855135147,0.03652759776002424,91.37472286919655,0.04545616924756225,0.07501443920250322,1.2056622688972596,0.7070938575820478,-0.6534659188457249,1.9045982340763532,0.041849517047421764
93.72452799929081,0.5992365461682977,0.0795749713406867,0.0016915566606584317,77.07384376016648,0.014360052736015306,0.013917315245751821,1.9563773560377706,0.766186392948399,-0.517623738015077,11.415788852400746,0.045342762019188604
98.20502033104395,1.8676518192470593,0.08399682164178568,0.044249340035126296,74.69699703682598,0.02776393739725707,0.06332365574225188,4.243627192795238,0.7399288975848183,-0.32873608545944966,15.110582806630896,0.15303043338619005
96.78751093814999,1.0206316819658965,0.042503769546642485,0.02493037129842721,68.54289394796993,0.010396771398797845,0.09837138441975249,1.6239387819787185,0.40400476416629527,-0.5400797507943795,11.469281582726392,0.10507270673056299
86.38083697859898,1.1723306113002407,0.06935577863614827,0.019648563886920583,67.95907787981886,0.14795874436604656,0.011998829284719226,4.17335647124028,0.6295324464553723,-0.7309329666232367,20.326580914154565,0.11008067703848244
126.5848488433665,1.842298671105895,0.09703708278312895,0.01781381468420341,72.59488647518035,0.14469691925289568,0.1278454953874215,2.274621878460101,0.385234919046187,-0.07170708523612357,14.578493285178522,0.24022037355036344
94.01949886834774,0.3022546959480101,0.08919426625965783,0.03824247851157392,60.50213714932587,0.04951649443972875,0.11256313563005138,3.61935155652358,0.5409470197891527,-0.4379690806103892,10.282423093210562,0.07774833569167872
108.03277530784723,0.8088547164962419,0.07995822742121765,0.035956913816673736,69.55317327291331,0.08926673755172794,0.05662826831516799,0.8929292826577528,0.3687160310580818,-0.8811662249906568,7.06672190594724,0.07185543482761403
83.27721263210898,0.2971388191145055,0.043677546918206855,0.02725051588817246,67.53166090922672,0.029521881136332882,0.09530108501656169,3.7421237838706243,0.5929586568531757,-0.36012328696351004,17.562534826814545,0.08039364883228355
108.89653654724705,0.4685793988885594,0.015408674939137314,0.048501761389049304,62.957734314055855,0.011577290611799925,0.11212279569282327,2.2489433718239544,0.43479101343427806,-0.764586849258769,1.7459733858478543,0.029188640311507086
71.76824162775398,1.1929083196845454,0.05673096376880463,0.05535647796593631,81.13360363315465,0.13990843228726055,0.024173980187970158,0.7946238350861943,0.3177130396628497,-0.8904297655234534,21.992319690778093,0.18938407918487277
78.28341875892626,1.626033880618013,0.05643669043672553,0.016845934901883453,67.66318855146643,0.1282843324242572,0.08049847435570064,3.780180488701533,0.6462832712710139,-0.05015202464976576,28.271440807121216,0.24154218696503013
104.96992310008454,1.562968124277821,0.009805027417340524,0.007755409435156429,94.27253496731487,0.059994893112959746,0.023016289383931788,4.701375995260299,0.5704355131260612,-0.8393950895210731,3.66885460559473,0.054855175227106534
105.89265851596396,0.6035547844170218,0.08777685630794874,0.034000698799960406,93.29743194215078,0.1097463463789324,0.08926431713839994,0.9958609022921848,0.11427268963832311,-0.08396585395550649,5.666139522046455,0.10173189461015389
77.51655375499983,0.3354944446568101,0.02111052265307215,0.05579394509813757,94.23477781031832,0.13787532858583956,0.08388570294947682,3.1167470220774107,0.633959855587835,-0.824811917021603,10.82574878882572,0.12711701144692147
108.94901681104608,0.6265983283261172,0.04298369514655087,0.013279594741312257,85.69501069572621,0.14127703486170717,0.14508615513350542,3.816283582218442,0.18054818140391837,-0.40625629660426327,7.82835181262251,0.12408062729368322
109.21834140176462,0.4954208488471621,0.0990736027784508,0.016089915124609964,82.95733819537132,0.06748889331989257,0.016905131576433773,2.7275190404140663,0.3961533369479552,-0.23568368616486568,3.655975093093876,0.05218164907558436
71.24326718653253,1.167058365365398,0.03950721034061857,0.006327937649578489,94.53092728209623,0.13313360991196627,0.09616140488832622,1.36084754323165,0.737417202391773,-0.8481654266045675,12.187747173933422,0.17462511546730833
83.34560131655714,1.7339513778321625,0.07200421341036133,0.05092260565757419,71.5450688198381,0.04929917674057982,0.08787146626879214,2.1116155668089016,0.6935332853768376,-0.5914370171726,21.814583553941468,0.1756655586238139
81.31312586612454,1.5954250176971339,0.06842641788631633,0.05975651761525765,76.74576017336649,0.13099258126523292,0.10803025802744615,3.63458859297037,0.11529278857222575,-0.6436982533367777,20.59668693463179,0.24134090666683278
90.99611153806538,1.5727982502432267,0.01380221051775811,0.024703212791299365,92.32925410612312,0.09263093405043518,0.11443672536932548,3.983341357354157,0.6916471746240533,-0.8132513542464908,8.329482344575101,0.1560463943644409
113.69120602506337,1.1347925970923676,0.00681405026449193,0.021192088869021707,77.74493963745103,0.15122683087976238,0.12381030751358811,3.415611951876345,0.25620766277007656,-0.857707154715871,8.385709536989832,0.13885255775533026
128.27619018987667,0.6927706637882549,0.08145179802332939,0.021757725568203514,94.10379584659339,0.02082929532585285,0.14901396220093371,3.005371843568809,0.2472749753901392,-0.7586458918387688,1.9756114829607512,0.05204658021147968
122.12209360145447,1.0088406793393492,0.07760066666985398,0.03946942667008761,88.20730611410687,0.11656153671416791,0.04299635995173676,3.154188050459263,0.6511644535735167,-0.015893561160622238,3.4598432280708247,0.08247975883082165
75.54937448502115,1.2905784409190986,0.02094238024155782,0.036441396854818,75.3368781283798,0.021881087375768524,0.08805027988517275,3.470475953375472,0.7357133823224833,-0.3754199214073962,22.683410576014523,0.18123069045401707
103.3025992335206,1.2949394509709438,0.027267907282049204,0.01901878893488358,69.77886084186346,0.039484237363470044,0.011537565000612081,3.4496393010597117,0.5108464566953244,-0.6770202186782293,4.150351268944305,0.0427473479310209
116.92704857463241,1.1634340430324988,0.09422633303306016,0.0005824833895229141,61.979157606893516,0.012920349185213259,0.02541248779640392,1.6580661780065105,0.6105145904473315,-0.22237655353170382,3.100837667267151,0.056763241348145296
93.55756437544892,1.3144473397228889,0.010727836244015888,0.016587323799365686,76.91278138270462,0.04853385326604403,0.07763226830982332,3.5435412981486665,0.11841466629247342,-0.07003307416978899,13.863395659114692,0.16058425277835287
124.8891377873336,1.4880956495959956,0.040333916870286445,0.046426578025570264,80.03690752470422,0.1191042332463414,0.08226783257327834,1.9968099646538742,0.6017485628329051,-0.4796126486139857,4.232798144950467,0.09079008991810206
123.9257920670842,1.6445385394045249,0.023596484468847285,0.008217302791655319,80.18829448177615,0.13920876872330396,0.02739735251882333,3.2617096523385927,0.5899592831760738,-0.48636329289326924,3.34094412433713,0.06802248990998944
98.3770853957302,1.7924368018909136,0.0975311575734481,0.005656119747021374,61.14714798104738,0.013319724975705738,0.13619645677490036,0.7382450740131508,0.34119146330390904,-0.6972909808440353,22.655705529949156,0.17147219261151386
85.76134636439679,1.3553322721456622,0.03783703961727035,0.04559667114719305,78.72615727358223,0.10087382784840854,0.10329599920005306,1.7419760465808183,0.3769203119375004,-0.8521958280289279,17.20920052154787,0.1723737083689887
93.05081427524692,0.9746539198530629,0.02924662176806711,0.050133075225967494,84.48649486583626,0.0465930372886313,0.010313571811554227,1.577767207584719,0.6876814527982641,-0.5233636507383128,7.6326895922300375,0.06075334693242195
107.09235072891315,1.3118571755995305,0.043229009932100514,0.044057353815548754,88.60026565262096,0.11529869746023041,0.13012444066851472,1.8478802891657986,0.40600462172877705,-0.18536860517546516,7.593486186702764,0.15170900912129073
91.20430788311924,1.6636287655430098,0.01918154153041754,0.03206163336276082,61.60264757985292,0.15106703688641185,0.1039247782106284,3.9902458115819206,0.2558350694671807,-0.27903252630320197,18.664407985131668,0.22853164452602673
91.64475492529452,1.9375281649456664,0.02216396087548678,0.0502705020649626,86.31629812931838,0.03248574199327739,0.047701129985032314,3.0712432033454293,0.47203703529607854,-0.46935029380334325,8.914480342484248,0.1174869944405732
82.41081178883873,0.6393739426066698,0.06729400622233997,0.006964448492483838,92.82796903560991,0.03888647047076591,0.13119991434153952,4.199962323025476,0.18458368086802507,-0.5642324244160395,12.491046248318497,0.1594881403011057
77.01736133512837,0.36406362216451227,0.028534336218718443,0.04540501585686685,93.06791531367693,0.050296348309993445,0.044525739567523696,2.0396211955324905,0.12507730023433297,-0.2505181032357159,13.609813509062054,0.12179068592412626
96.56575051696586,1.6970353750166336,0.04713535506124711,0.013899247738605867,79.55711155843284,0.1105201003339747,0.06073775231036447,4.114518074830866,0.5150725628761718,-0.635323617404308,15.601505323971905,0.16244927598110737
87.42551569732154,1.3533683450918021,0.08709894146539722,0.007806140267373953,73.73596383353299,0.01392622698064892,0.03015167335588926,4.370914878739201,0.14361494777600955,-0.8972288675121023,22.526871089481823,0.12138831676424017
103.76647094881963,0.7361463248167175,0.03062874584380549,0.016409916311964992,77.12902935903827,0.11969371862962132,0.11806788577044998,1.535955379485502,0.607276792850845,-0.8350730913992397,9.052669025877114,0.09257992533990851
74.85353941882447,1.269140493040318,0.07231098674924732,0.0321448383523259,72.90356078637767,0.04895418373322608,0.11746536044323372,3.8011420768299566,0.14822442850050357,-0.6767021584995808,28.583764296308015,0.23476346532623046
123.50771940225047,0.78281535998077,0.04854051951040628,0.029877554889381146,70.9516500685321,0.06730424654343556,0.10950032314897759,1.6788489567032912,0.6230440605455428,-0.6520576885283498,1.969234723781837,0.04459821985381421
124.53548802567528,0.3293086838284164,0.04925006481941316,0.03136770481193334,62.55928042047689,0.12980629302125496,0.014457316504682004,2.091772518881935,0.14706278095603767,-0.44253550680334247,1.0387766257010878,0.0305721651965839
105.58581125887179,1.5848486563657274,0.07972136354044572,0.033505617265408315,85.99419621366215,0.021244681880138838,0.07272715786752233,4.82791517882819,0.3375577798746496,-0.23809398114245384,10.685313587266151,0.14921437737056373
111.45973302768118,0.7522598986476055,0.03201856706441999,0.0139508117237618,74.01118805204152,0.011728510864511384,0.07438831205930818,2.735895521543815,0.6218875543033362,-0.5871019834593656,2.8203080194596906,0.04468509649145808
93.85242068539036,1.4462116728574943,0.09128569060502209,0.030901410685757455,88.97945777500242,0.12129848905827739,0.06949398380221995,3.1972083064279397,0.23637424274122956,-0.36947987460351384,13.023993732668181,0.17857482685922196
109.3166336819222,1.6795853939341796,0.010601557759198408,0.013779797961135641,73.76751546051744,0.096833392021272,0.0812935770416918,4.496717946438219,0.5318263004003686,-0.5464132768389331,9.903894668986304,0.14387313712516014
128.72313715513678,1.8757291123230933,0.08890139487056628,0.01022409695550284,91.89873436925127,0.10135615567455225,0.04512519561185209,0.7888359068106424,0.3930623483410689,-0.08760137705411819,5.842778011294154,0.14610818260607722
129.80249572241124,1.2293932824168914,0.027763049123864014,0.009351599778661164,86.02754182480543,0.1527329879447133,0.087203597899188,3.0507559386432908,0.5204386127212751,-0.2848328169958948,4.333052086897831,0.10328020451947974
