K,T,r,q,sigma,am_put,am_call
86.24904175805776,0.8961774206429806,0.07407609347200592,0.015612105278837626,0.4563019408840375,8.264656202414157,25.873567336520345
82.12097510593453,1.103502556377479,0.031280929046314875,0.004994875454692978,0.32951653802070147,4.798239511086062,24.82853937215043
77.5051680790307,1.685959431014125,0.00815707565866129,0.054647089535469165,0.3521855286003909,8.875856805853601,25.960357914001435
73.91091045112861,1.27983085926978,0.023062412182926387,0.014086894753120296,0.409122778533626,5.715988627133702,32.19977510525706
75.04967649039658,0.6492842671070355,0.04406862013170701,0.02660427515514711,0.4954072055009754,4.434105148621648,29.806662214229288
88.23221445168592,0.9620088200619458,0.07686374641561418,0.0010738284203172979,0.5244389836822525,11.282856267691214,28.747602264898287
70.57020951376369,1.4895744876722503,0.06017827830945746,0.030625181611758603,0.11317681472957473,0.007438537913378076,31.028973400919785
74.71242114563663,0.19230209942657506,0.004634953004918271,0.05899092362603796,0.4494433953351058,0.5840683151670218,25.39113556427454
87.7025139232451,1.0603452742849933,0.0034866489931998502,0.01602750533434472,0.2247225800662016,4.16322447560455,15.37268165903218
87.04780942570012,1.2141758607198951,0.06758077812640466,0.024212700179840996,0.5572867491721303,14.392069870287377,30.858929473232234
92.47200367190099,1.1551240077916487,0.03494753837483319,0.04917340596573632,0.2870982782071245,8.63817125365956,14.702260858276087
73.20877083875912,0.7669520400176514,0.04789541725360315,0.0013544081200748937,0.41562848997548796,2.796320118703984,32.07363027264586
111.97326388152838,1.1140032781388856,0.0025623175929012543,0.01604940004570336,0.34112176055999976,22.630201176614325,9.28206794553182
78.13785682397368,1.0226916709297225,0.03057973666012916,0.05707876728661728,0.27085442753692257,2.759466878504481,22.743416502308108
110.67141661308722,0.1704158637179488,0.09294310646178214,0.05511064242056538,0.2893138990861036,11.606198557463065,1.5036378264003734
84.14874464431912,1.4739614479068288,0.08728920556568487,0.042857718713906354,0.1334053672636312,0.4756098931735737,20.311173827064078
98.4934274583869,0.5364852433088425,0.026345731974355597,0.019313321083203692,0.46665909597562205,12.445443078279848,14.26559176262953
93.79639808556898,1.3632183448225779,0.0629692081846499,0.016393549128838655,0.3091663184082989,8.646658146462908,19.826456446790356
85.59390751589147,1.6824513275249018,0.009170256248295065,0.02546475915095614,0.5768994959702841,20.883705091641797,32.94430913744357
86.45478869627524,0.6720750373599657,0.043060823338712265,0.01879527976391518,0.4160127007784835,6.417449935356977,21.102244424018902
115.1236567723717,1.4582470376305063,0.04504894200256937,0.04404123294490609,0.5630737496986781,35.03966979801044,20.62205382156513
109.85132439243364,1.6650308087639512,0.06964851722921032,0.022076144361513863,0.555365799201152,29.636159566071026,26.48426237645556
121.86176894840665,0.3872770064045927,0.01624626955838996,0.05149683121724233,0.4529410757390203,27.076963631374284,4.039356003395023
111.4057354286363,0.6943725419288753,0.07368536913626993,0.05766271627840899,0.2621242303864325,14.964264397569556,4.744019448328002
86.1366360812435,1.3126435276380304,0.031194370378590675,0.0065033677039131755,0.40731946194204605,9.94381546667498,26.23401882614937
97.70024036723021,1.9945155091310451,0.0643903650540756,0.0547558638812911,0.23147078514260744,10.109920489723612,13.611246082217079
103.79317628125852,1.7986948478500562,0.09549459592401999,0.022506125207818604,0.1258030281695062,5.058984937204488,11.40812040925163
81.79908784515881,1.185585824996561,0.040634513104203816,0.023288690590909985,0.3133057566666925,4.662028763488812,23.93723410899829
96.70053366676647,1.094978437807151,0.004270811569668335,0.007857130877904957,0.484175503532981,18.12318186215014,21.063078468773156
127.42932097347632,1.324446679270033,0.03329862183983523,0.027422443541587797,0.5993261293067066,44.47112849088349,18.417595746294197
70.52694832303223,1.5580648630223364,0.08105731672740009,0.032057838554258436,0.45663047475295493,5.927560818564614,38.724575400936736
127.57311039627841,1.9198437705404705,0.06868937182435388,0.037210920215428524,0.3267437841693608,32.30410489567935,10.461557608048972
122.07569036216177,1.889906384996159,0.05685131906727368,0.031958503497752956,0.47314838251020286,36.316911936852655,18.99370047703239
82.7851631086455,0.4840155996586989,0.0904794499018624,0.055347314444287095,0.22401570020164344,0.6060293094313887,18.71388107903562
129.5483632864744,0.6579475943029731,0.04438293566062883,0.054402558257198044,0.21094513072747267,30.026754905123823,0.49216543526397305
73.7982035752243,1.6713822103906628,0.03786717496239628,0.025564332909349806,0.42875046399351435,7.764680384050562,34.47416354832276
104.24436830036485,0.2888683009230494,0.024632076109307573,0.0031473628379267682,0.5797426625226296,14.526731213268723,10.873475770109163
122.2935335494733,1.5891267002100933,0.0830603688887959,0.04989012841554604,0.5402458464946924,36.96830502997067,19.951717816578434
72.88252747397866,1.0965614372716594,0.003991816137839234,0.020006755493115,0.21961557189445852,0.8796852879515255,27.203658610742515
80.83282926767369,0.7984407817974069,0.06674169586394417,0.05431214261337141,0.5548965587757,9.057921094694443,28.34499343670815
119.60890380647035,1.5820356865269893,0.03276661725425318,0.044154244099897946,0.16566202123743062,22.38176844328569,2.02027952891892
90.43081375880004,0.7546996918574704,0.015754822755092476,0.05211512669981486,0.24183122335612645,4.834056479272816,12.237883967817366
110.49222950257428,0.9795972522949867,0.010853348289889332,0.00624783501895271,0.4404281976234614,23.477905315787986,13.465368591803003
106.41044063984339,0.9687673268480272,0.009058416413089977,0.04716289749795974,0.1958674739353917,13.683640175734316,3.94528184601645
120.18796205232877,1.3293144602092215,0.025689142385815763,0.05592177506971812,0.3149045179243727,29.453571217495135,6.336106881954125
89.76300766282752,0.8903685113109108,0.05449632013051155,0.05701464099553275,0.4652980341987497,11.458231560492496,21.21244059153271
84.51438641611745,0.22866912186219934,0.024935584539190453,0.04509615829787063,0.40068899225946664,1.9019900533359715,16.98677838735551
76.00782556337548,1.4433413166380302,0.07274768243671652,0.042719286528640925,0.29863028533441144,3.053458604079265,28.660590495502305
72.36682285540469,0.45492403168812146,0.07011782395053558,0.042138769216376035,0.2877979947264333,0.27382634343707163,28.29000961412283
128.64529044184894,0.4209693976007043,0.08857249522871509,0.005345032638263712,0.32052470597120886,28.64947794173982,1.7679286096239712
110.0139227589768,0.12043451186644706,0.046969740207861585,0.016790086417481948,0.2442544458790008,10.366255811917188,0.6279835135951198
119.65015942879026,1.4530323462329966,0.07765964812800974,0.007357337645721793,0.3298018554454145,23.651895836885686,12.541427414887961
110.71415307023229,0.25222209202542195,0.0041126443550717285,0.04543424512268115,0.3356930098425042,14.403827887269358,2.6919446113724104
71.91337873109059,0.456839354562372,0.008656425773653864,0.056235380397453384,0.32665961732788784,0.6812246235124287,28.086621268911756
122.59778418363342,1.623578787470148,0.006596441204491522,0.016976354247355562,0.5981064284910669,45.75958763533984,21.870886472819677
98.42425478172672,1.7525972112771941,0.06523303158419852,0.007084999802310615,0.18704962279105924,5.7073687171303185,15.69075448957275
88.87826099751949,1.5691034353478444,0.0005842170085930404,0.050350024496966704,0.2804762557827524,10.912266567935836,16.058009228446426
84.98334950297188,0.9017376114480917,0.03384175905743603,0.007259049882051295,0.3109661093656988,4.324638946024698,21.170106247754266
111.32666165784846,0.1632675149691442,0.05347167720873213,0.057356035474336806,0.37738547501613406,13.557833453830634,2.2471325137889977
91.36389387424289,1.4224258771379235,0.004413198274648427,0.0058088208983691466,0.13745250557466815,2.8903259245301083,11.32145121677102
86.36884014581688,0.9586295672026766,0.06949759546427016,0.005419431085192382,0.12871414261862582,0.26454016344456743,18.912453139465068
110.34148802537626,1.4295122199716064,0.04349069578191753,0.026389341467299963,0.40962007719634874,23.903692799438424,15.895530679264338
89.06088490903905,0.8746719401331131,0.09491782867063141,0.046905299527595395,0.5355445358500579,11.831258412004699,25.497333676663512
110.2669001774235,0.6454526788323458,0.06382095044363627,0.0028281249410171483,0.5170170473577615,20.726225081697137,14.08302826860082
91.64334607921847,0.4945908467908199,0.07577810925299969,0.0287385826084068,0.2663838131704088,3.0815514310520364,13.306632646397349
76.9338965063776,0.15218110368460036,0.019297818514928955,0.055014683294829295,0.3545706147952725,0.14848928610626444,23.066103493612673
78.69060427350759,0.7888102875153741,0.0924203467914121,0.05376557123726697,0.16162263238756616,0.1443364001751915,22.82984007365939
99.45542481037832,0.34941287871890875,0.07208495229144857,0.05099662027124705,0.4260213533924331,9.259047028377958,10.425956732675823
105.35450368279848,1.3945854183551818,0.06007994105492766,0.03789625271982135,0.5597391252984568,26.69201050934417,23.971701011902375
102.84819540644068,0.3331350323870981,0.0037164411097440546,0.051056396964185666,0.28530165026747856,9.032669204092578,4.725782772452828
111.53535337199904,1.9060496976814825,0.029829003292568504,0.023817102779438645,0.5645113382823396,36.21664320572153,25.98691630904723
98.25909472897948,0.6512990303726582,0.04801338368556587,0.01990031387137698,0.22346680218615916,5.51950819979792,8.845291824371008
117.9227505505724,0.3455816707878986,0.07332552642894,0.0022364916395235693,0.5974473789049864,24.209786526971005,8.620989741072473
106.46325566796838,0.23455252620622033,0.05915525123911276,0.05610665448966687,0.14903387781754615,7.149560541199969,0.7969524815683061
114.36949871411717,1.5651906557415138,0.06910905386548187,0.002987422400791829,0.5669474627837916,31.7027763622341,26.479449425224267
101.5540886650983,1.5554809052130574,0.025970806397520085,0.0009446672070889037,0.4137567714304409,19.391652573028335,21.279544763518654
87.17788027738989,0.14821422268333795,0.08181464656707271,0.0021008252174350185,0.1502078801755064,0.008622140282444856,13.850160988551153
77.80053473820303,1.7774241703677287,0.06300325368933309,0.047235260856911314,0.5507164887736031,13.921678146895017,36.68009125666812
80.13451704464035,0.10871223254077553,0.09149411613333538,0.03157255614539578,0.47266256577137045,0.4430421906243031,20.75692956972598
83.66182728152633,0.9286211606191512,0.0479803093983104,0.007901658076728059,0.2465192286243107,2.160846219688307,21.340394879051825
86.1879229043423,1.4554366402656802,0.08494791373097124,0.018075576463560155,0.5006676551140542,12.376161983469487,32.843049167455675
125.12483199902769,0.4289737159787055,0.0018108735613559376,0.004115743218725145,0.45733363175650854,29.55286683537462,4.350390620952623
105.13337261055574,1.3645765083136256,0.0681273039515344,0.016244118664044137,0.1916570001655985,8.959287727600367,9.670575558372398
107.79036687767835,1.0662855056247889,0.06601488213728718,0.05295207183091148,0.4783631205909564,22.69826803406623,16.31473852259774
125.2137492384269,1.2994875272333732,0.046532971344391424,0.015557933683319425,0.21146469160745074,25.633333027860004,3.2927448202801193
122.64794072756561,0.8102978330938719,0.09327670607713846,0.03699771072239386,0.4283996787154528,27.48298953846983,9.101752818477229
119.44288818279311,1.6595553293611345,0.03995345861440142,0.008726480791253785,0.585653282900151,39.17412378407051,24.725231880863834
72.43192871557123,1.2626417633395464,0.04843303126732047,0.05581019247486684,0.5117899960518079,8.332989206205033,34.34203748421914
77.44595475600953,0.9573367302095745,0.06355102526053766,0.05123227834036525,0.26490974708289405,1.7077613910933995,24.298934324382316
123.97160381210875,1.6200250739391284,0.0879592304262682,0.006797819987400348,0.3487945636766908,27.364278621830486,14.14444504216309
112.51830597793679,0.7296800820989353,0.05008602811432662,0.0527130748861431,0.37396942633139196,20.192113241388927,7.812691960117828
126.47265867084478,1.5199586322392316,0.04003609595716944,0.022008636762066342,0.22578786388596409,27.903980382437744,3.92841528633184
89.93710347400165,0.5507495016774243,0.04373693170309614,0.006147946294699411,0.3468073275947308,4.880861793653968,16.664996236438146
100.05200896221643,0.5754443046700225,0.08327062703935365,0.0017940624404031975,0.13583054908718437,2.6331504060257775,6.67302190401167
99.30383862437037,0.6757327196093219,0.020792052164920152,0.056594636215605086,0.3065739748180729,10.59493692774417,9.193746756041403
76.98781181584957,0.6162579892626702,0.012559267496864228,0.006014614835303269,0.3865293963678048,2.7687899968819725,26.000115806779682
91.30364867562285,0.9559910038661837,0.022827446250106066,0.01250731836354731,0.5123213133885742,14.32060529355101,23.726459589083344
81.62326399823372,1.1418660986115525,0.002918293808786386,0.03333710168267512,0.27747807603318936,4.6358254923745985,20.541128315505894
121.17191991275558,1.348112598589212,0.08115650446289861,0.04602735143392704,0.203404189259338,21.626703966266316,3.92722663790079
86.85803422465601,0.9835868702861055,0.055158265834603926,0.020385573706621987,0.19516242025179775,1.8021655111633432,17.47041150418877
89.4505317724607,0.45987722301015,0.03153859618684699,0.050299854682992674,0.11015990829508648,0.26737354062847085,10.549468227541752
121.00800518356945,0.1515350291237907,0.05661084117584367,0.033940234334139306,0.14196138109188824,21.00800518356435,0.0005410301833247519
94.63711763411709,1.3706668085993499,0.009729628805539542,0.011028775542554653,0.30022195665316614,10.998561505076461,16.15802318410258
83.79308022219234,1.3143357350649176,0.05308382049555166,0.017639412686257596,0.20905760885849312,2.075615330781878,21.536557218971478
88.40573807905702,1.9779951353406242,0.03812309247339596,0.0541359663836822,0.1642934424813784,4.5855162516298025,13.69341845735738
115.90540322555687,1.8480526563708586,0.06733363570182775,0.007169115804345817,0.21122967949669308,17.213197981378855,9.735267881394336
111.21249339803336,0.8616398186037202,0.08004081055365576,0.023494364454616553,0.1996630907850081,12.355553169094767,4.900826915416503
71.9916376936559,1.471134888149575,0.041522416579716115,0.012953363725284939,0.22872123190314994,0.9754457506314453,31.333737515042074
93.04043467989266,1.1936957720578307,0.01214406201794122,0.014960387133426949,0.17495280137047708,4.42834820485368,11.03915409159353
87.86207017546982,1.0026360745599336,0.06259466338109025,0.015209786793088211,0.5868554069908924,14.2198402615418,29.816869808569432
77.58122692263238,0.8876758142331699,0.01552127155651794,0.04724371585511375,0.10565178363700858,0.03418337089694845,22.418773077365486
117.31068590860225,0.19463005818160162,0.09923398683050656,0.021216542193079408,0.1511689033413831,17.310685908611987,0.03821142819013474
103.39663538661773,0.11995802122486277,0.06441042744101583,0.023934496451980862,0.5647836169832885,9.459721950924044,6.522579456188632
87.93319186978594,0.16110032284254994,0.05099612610121858,0.023425335664602694,0.10382015752157944,0.0007394467781377358,12.41032493795536
96.7864617406681,1.2604636600938364,0.08816782849942752,0.009209254896421624,0.4687159948277062,14.81182259204012,25.948887732316614
128.53980834068386,1.1742479004910964,0.04782752507063087,0.052445989028046654,0.15188646973480283,28.704772808586934,0.4531674178054192
100.42004732165874,0.4869268793480609,0.0515930013522736,0.058704057899731946,0.16269422077581613,4.8056929021096995,4.100062202837455
97.37476671038542,1.2321751583289131,0.03264407629095936,0.007592335879613492,0.11432505895606715,2.8029875290614976,8.13001223989889
120.08290158165983,0.9404989373842079,0.007046164328505281,0.05045606091233768,0.15399756184790234,24.39173746070927,0.494044606733994
101.94887911573596,0.8717761576101146,0.05362441534846205,0.0404407277620983,0.45879321409678064,17.083023158382417,16.1242397095668
82.38089976505489,1.9901688520866336,0.08913977814186906,0.040491172162131266,0.12034559625881688,0.2890766414086377,23.50822603342815
81.44871979317047,1.7341687181782015,0.037125726395254424,0.008490703459880249,0.4778533037668242,12.500788007675107,34.36400993901477
114.97787584790356,0.567838136947989,0.053935345658886295,0.011640616876742735,0.26323725725150404,16.592731446116474,3.6124088894845046
126.05064986010248,0.8438500208519486,0.007376900475912464,0.04119504520900543,0.10631968434657144,28.69777101667827,0.013325116904462976
116.12890627489884,0.1500463803270319,0.010000963988700338,0.047821401061752256,0.5580073610069753,19.87141514928076,3.2132434809175443
81.14353695991224,1.8431946692759573,0.0009276787151792112,0.048737781531594485,0.4873993134043382,17.499182697020565,29.69567965278
117.44301193331121,0.24715806141855126,0.06866420195151993,0.022145091906347728,0.4953171005092287,20.722434942960064,4.38921952733338
112.63562870835543,1.9117446128703546,0.06821911612024588,0.026289051172689933,0.49371151448398143,29.88350728556694,24.103369081680555
76.21042274126094,1.7139855626499982,0.008863402419345115,0.054390618593982344,0.5247927007422083,15.158775300782045,33.148739485357915
125.325674987815,1.9987276331750765,0.018299024710525576,0.04913290850402543,0.15765679757029047,31.25887578112267,1.1609641026643531
114.06394577769785,0.8195988624835807,0.07542189247940961,0.005590493665465576,0.38938240629012266,19.937998543033256,10.938168000237805
113.82607874306362,0.8563857634165507,0.06584673708992542,0.0025363871899646744,0.45253435331075076,22.465497649771788,13.567333217973111
73.1090069979698,0.16727702708791564,0.06338749375453738,0.03171660753635057,0.4712193576871515,0.3349732889596956,27.46716017868126
119.13129443409434,1.8254439199657635,0.08466675044199556,0.014068145517719554,0.5451973526829562,34.39622408564715,26.42273197763897
112.91452714887882,1.2924718288891444,0.08566682799751581,0.026211964759595176,0.19180159571986222,13.79850262261193,6.556842242486021
78.18430523628312,1.694840621570305,0.05050020556025797,0.04103462532346747,0.531211540512267,13.35409381669876,35.24045734307561
114.2773133332461,1.3613441598855942,0.03313215541460001,0.0037418688033399932,0.3841218199116827,24.55604468173988,14.028808008011628
91.98626830150485,0.79106751642276,0.09746938604847703,0.028649921475137,0.276153047787685,4.30696782650039,16.605210841940963
122.10861836499552,1.4516638040548877,0.025584326858874625,0.019826986290779332,0.5996969783951924,42.04366271384321,21.146191506963703
76.13881831778859,0.6817263972640706,0.08242728368038908,0.01053386243163962,0.1892335389028284,0.10086090665388586,27.401651969320532
83.31034511753494,1.3915915096935865,0.016589637229061104,0.029285027425388365,0.3782389176889166,9.407148133408114,24.485877902465983
71.77754042422342,0.7715968323948209,0.052014411726041626,0.04774246454965663,0.11984124756380443,0.0016912365325180412,28.222459575781514
79.7202119300426,1.5760788431958266,0.0007456907704588079,0.03580389784123123,0.1424041367212569,1.3920261923460506,20.279788069955956
100.51259282620185,1.5369545837372658,0.018793207056179033,0.00381388311493744,0.5886815501906041,27.463077568501117,28.95351236635104
126.779490717428,0.36418490150903415,0.027930943816572126,0.00760160901910683,0.4246323324386233,28.929583426958818,2.8811958935198643
114.03835683626781,1.0737549822920938,0.028128964637738774,0.02654179528630353,0.5071613040662476,29.13039367102435,15.51358513280793
75.82749720203886,0.8523354500554051,0.024192559975450053,0.0249846198248804,0.5879798238497245,8.887345155078956,32.67754592677089
82.9720724109756,1.8122711073140687,0.0592465285620811,0.029224234968912875,0.5328611301223103,15.397082100674805,35.35845300044372
104.239933571693,0.48872471086340163,0.009809149029083941,0.03487995067749952,0.3634972775480624,13.158992636247563,7.808658604038975
88.4604199197397,0.6543780807293864,0.05843791153199024,0.021728776754498934,0.14538626543126168,0.5715290140222077,13.99508434265157
126.3895860582634,1.4929248454414408,0.06365050114313145,0.0060608054639779575,0.2794389138807804,27.67056094963169,7.918634341912752
106.07086988498146,1.9742477347267304,0.04287130769216072,0.05963805722840612,0.3808464101315868,24.55232509794631,16.346160304468537
91.81153767833612,1.5045427582520272,0.0015301750653329681,0.02391447178513446,0.43802705893548977,17.577668807158318,22.889369066994906
76.59962960872716,0.6406281254985723,0.062131247765806565,0.054475574821297515,0.2607932835711239,0.8019152222790019,24.04188539451188
97.35033444365044,0.1778123314027878,0.07042732030781561,0.04652602258667641,0.3396650862023627,4.213484676785909,7.223784293798748
101.8458652216263,1.3000157824905259,0.08958915043425968,0.0018890825044745884,0.2160481694860698,6.949270233336606,14.57658233438398
123.50982946064983,0.5155695280041899,0.09323636950464677,0.04569586302182667,0.4643384501554608,27.440588889441056,6.383955090191925
127.22553855685445,1.801369998161961,0.04317877339214477,0.05916803145911034,0.41313308869371246,39.80159831697987,11.648051493678432
71.83134577219099,0.5922089002812002,0.05651215762437576,0.05991687566427678,0.4746567217433001,2.98217410094812,30.500926755255033
101.42614085378372,1.1449758900794311,0.01598896748282788,0.030210992667165964,0.4830973029214388,21.555585013346533,18.7744302865716
100.77045678454171,0.300998272649902,0.05567399870285882,0.030536246778078858,0.48862465788608445,10.654113627259711,10.563143195075154
122.39425125354177,1.4379887457925558,0.0381884704042372,0.014539708291936716,0.2220027418413571,24.02262902611825,4.519070269116243
91.71983969581066,1.7871789989175964,0.009333794361204633,0.038576614446634634,0.10895769667482717,3.9066582172154276,8.733306724019672
120.92410791200984,0.4180848516198382,0.020430919972459244,0.01849512831880557,0.5882422709361663,28.894603755385425,8.168507193975971
96.15797921214512,0.2018468810287382,0.019513682987119817,0.02181345515813359,0.5197212516077192,7.3152982862913225,11.104193751215389
100.35927357824343,1.5901120958853983,5.124796402087652e-05,0.045725044460083845,0.2945821118311461,18.22085158842759,11.646517343172839
70.69556919467058,0.3728988482692198,0.005506922233329384,0.04977289516945601,0.3570914101217615,0.511563587389792,29.304430805329915
112.69732248818723,0.7501059984995659,0.059534438861600474,0.03926322910448397,0.41949513898270485,21.15466441266122,10.035043309032435
129.87950120488236,1.6329250304953402,0.0288986513288636,0.026463681542785573,0.3346353093456369,36.53389748394061,7.776019014771744
127.84441374313298,1.9703663241626155,0.05442116122678606,0.028354025033745275,0.45334615012348634,39.7195916631192,17.208841177161542
94.11286232952713,1.099147246808994,0.09014273447596283,0.004203496690234322,0.5802626175308255,16.57252773944432,29.92819161679674
102.14120796447301,1.5050709064542205,0.09067477561774595,0.058184837892198506,0.14749432683771685,6.201894462158914,7.843070989537447
78.93033134357921,0.32454056109623974,0.007947802657998262,0.03313720264725434,0.5419651283010651,3.611435891571821,24.012506906590946
91.88384106836489,0.8627036081168599,0.07148012683761211,0.0037160055009135707,0.5629318675443062,13.708476193279964,26.5337460434501
85.8102559853957,0.38243735588019623,0.049001385024419516,0.04906491421278577,0.5204268958221031,5.990774941495668,19.998592165715024
123.40449715646048,1.1901001354750098,0.08724539116742669,0.05773565035484407,0.23813967020875065,24.328737344148927,3.9326527237994657
77.34363440089501,0.7161044186425675,0.09527097457536224,0.025101294389734935,0.3226010859397498,1.5555649785756085,27.467056781193936
100.62491176068468,0.7556341311553819,0.07692459275379826,0.014793485139977818,0.1694384793088688,4.480417895876386,7.878941163285069
91.06642088983165,0.8397904620369825,0.0365837602169761,0.05887604301979581,0.14408216514566657,2.1512481519694022,9.71007500906937
94.20475855792328,1.9046477230812962,0.0375865274598903,0.006832569354605157,0.11949266256621116,2.4080159878920924,13.136144729896687
93.02126333435012,0.9141380428695176,0.025930321792200707,0.0030607403463869484,0.2393468892174548,5.04668206565593,13.823926227899012
117.0538992319699,1.6573723583616038,0.05865928719506469,0.027829902548378017,0.44656840868347514,30.114846170300613,17.86378294747539
107.44940785789572,0.8538228329901314,0.02653989054309557,0.05004061725566997,0.5136725444389652,23.824451399320505,14.799793326854102
122.12188003468928,1.9226423586220296,0.017057480430938146,0.058307821338940954,0.39348236724864516,39.48468689458858,11.27671397416187
93.55612088445179,0.26359532385345064,0.035625549588061516,0.009858305423907912,0.5039448962255442,6.797961667620731,13.824888549885262
84.069869781024,1.0421969381016891,0.0032098711228136807,0.03717663088559755,0.32542162352416015,6.668936518353352,19.880612883977197
118.3881586854836,0.35159641332635483,0.010706343002371565,0.05392959940113023,0.1700758823374418,19.96710516248579,0.14842430842102705
86.31172745889944,1.8810073841147983,0.0935919563108371,0.006404155116703054,0.4352998681181167,10.642590253946011,35.86175458771434
74.94941840755395,0.7018611271876473,0.023654700528510264,0.058023457282747604,0.270183380233352,1.1363061851991405,25.092383886624283
127.63018964107907,0.880633689411641,0.09707657769003986,0.04336501699440577,0.4468868926180878,32.21717339308044,9.143520058936824
104.01876598422848,0.11488535188843685,0.06245034689989666,0.035393549837485924,0.1263533269963975,4.2642861745168235,0.4800036386398952
109.40448044685579,0.824815345629785,0.08283215589858083,0.04618037568337952,0.3981567514446058,18.109518815257953,11.471723191034712
115.01853727945692,0.7973828867593828,0.0797245496778072,0.05679497344588526,0.34368258342805147,20.287373102720498,7.1918522889505905
86.10071876961655,1.3781259396684533,0.091855761541486,0.049217823337918395,0.1429307609155495,0.807950207456319,18.30392287620546
106.82987261575494,0.5306285975335692,0.05412540311261732,0.05152332606369483,0.2032261556695059,9.837859338359484,3.246526413858686
121.77567483152342,1.6814776487661471,0.03410663658365031,0.005058724556346156,0.10827092035179489,21.775674831530125,1.1202624470225482
125.68045584405922,0.6436301433663084,0.0034172256911512325,0.008621249628119441,0.46028237429262464,32.54093303809706,6.591890560334263
92.68317336566906,0.3313675763813165,0.006463326220686872,0.03874630385292757,0.1534018476565014,1.1270808942849058,7.719083075250638
97.21509165020046,0.9743156044593231,0.04014709097440918,0.03895152181555678,0.3973587388946356,13.511030095277139,16.319107898288983
99.98248041588319,0.703390582710932,0.09886651274849423,0.04196026526006355,0.1329063678713453,3.029217986385532,6.4141799978022895
114.5575174757384,1.3736862014140538,0.0401247313295212,0.020313906931593694,0.55845590572899,33.04623412295946,21.181859693922206
114.34428290433719,1.2882323202298038,0.0020453895670261286,0.039130952794864636,0.20984630018994838,22.124407475812987,3.3307598964618115
120.97360194795483,0.26770705254815974,0.09996848106848273,0.04520199755621501,0.4605524287857483,23.019726115812606,3.432202349972115
89.99291057995003,0.3993410808562189,0.015010266162579472,0.021038389850402402,0.5361834557705257,8.409813526547175,18.16437317487183
109.6843004924125,1.1491171497493644,0.05626721281890016,0.0478587434475361,0.288446668093733,17.0939296521879,8.52586746370374
120.38790078875448,1.272999788240423,0.018508910967429563,0.030850459571492534,0.28186561993196035,26.829426230294683,5.4378845645536344
104.41752724279749,1.4417549421223061,0.06396607105654992,0.03492371654692362,0.40819356633735737,19.347408029482466,18.39921327431809
110.05411712807427,0.25409967425115326,0.07417278955545127,0.020262397995670655,0.12095806432722925,10.054117128074012,0.26006542054330684
101.23633105283764,1.6660211794306807,0.0663562988174438,0.006893483611431596,0.31532674451821907,12.794312413698512,19.732032528827702
122.74693812629313,0.579816107526805,0.09394812323849708,0.03956557478394415,0.3535844398742579,24.48156582421776,4.477660672533993
72.61328603364608,0.23283614044895284,0.02918165649829322,0.002154453820150663,0.3562388264111336,0.16205275784400794,27.989800132146595
129.97301053810602,0.8170469192470986,0.055253165172805055,0.020098316838601967,0.44609953629958554,34.74796630475883,7.69805210833498
78.48188310126058,1.4646939233883431,0.07344965953793152,0.045854980873723444,0.5942265029461073,13.61635016875011,36.6820207894795
80.84095486437234,1.0469604102287928,0.0202209714852826,0.02479907089670613,0.1421999795179551,0.43832872458491956,19.24695587944781
77.8849956954671,0.6350270452370512,0.08170373714090695,0.01144256250002257,0.36204867187461764,2.032273186838768,27.295285034496647
123.34711137304708,1.2165102386907478,0.04990067838292717,0.027134711899995407,0.34022196291101375,28.476008177099928,7.97719936355367
118.07023179996936,0.7777772823420096,0.06527174170003343,0.02228626708456952,0.11600726518974515,18.070231799975417,0.491796257896136
121.93020033896882,0.5081647548438214,0.026482493993869156,0.017500775694762306,0.5921811826018286,30.951076251782165,9.615621955978467
94.95039094895404,0.2752498956871449,0.033714045324259846,0.0563496876636119,0.320804679541968,4.497024073545145,8.980871020954305
93.983600704471,1.37272278162886,0.06747892959888316,0.026125577203228226,0.16827743349344076,3.336990795645796,13.809480182033381
126.919699718688,1.9527075687065294,0.0798134992776213,0.012046433045350627,0.577620556976628,42.15179483239957,27.13759688173306
86.52902656395268,0.5406534413880747,0.0247739958273229,0.054800055619399525,0.11793580305892304,0.24115942013151037,13.470973436036218
111.03384145669689,1.107731119578774,0.09649202209826868,0.00620268396870347,0.14433972628482233,11.033841456707364,5.797030041447433
112.03721437453635,1.1587585364780262,0.04161395080174027,0.023229174713909166,0.47170505031349785,26.03156012360125,16.09533402844263
109.21346186971084,1.3817249965836513,0.01614449804767173,0.009032945744799677,0.3681921682017735,22.10357561711818,13.875016209843372
106.93791260285762,0.23616569621116498,0.09715425580562566,0.027013892530605228,0.31933598599815727,9.542584812453601,4.060997198718374
99.40002312363103,0.7250791514233281,0.040793653394202614,0.030690886268041246,0.5503411119739278,17.50197273050104,18.70219613096297
97.78726694449483,0.1437491354112724,0.02197168153834564,0.03987794323381772,0.1311092451895922,1.1302151189059895,3.119090301944637
97.10586649219726,1.4188692124254667,0.0426111919949812,0.024607150768536083,0.32619444466732006,12.36580494934488,17.22034040770656
91.58713817271037,0.8058514936790883,0.07074657403774381,0.025700349702144343,0.1297023229934879,0.8541492532348709,12.222742623082306
100.55424365215686,0.5054865128790986,0.01359359365113521,0.016593858979117814,0.2638220533289087,7.795824347063876,7.109304564404196
125.1172992607925,0.7294664443382265,0.03319996541705562,0.044982547333612226,0.5657417920395693,36.04145893881989,10.614597626447914
85.31860646598881,0.4272404736984765,0.07094512484550558,0.010713279966056885,0.12228437875505954,0.027194797100991278,16.79788267635192
121.80556796105517,0.24209070882739653,0.012897403882249057,0.009727232004828239,0.5456357479741919,25.669250893622674,3.9797090561532826
85.14422073928245,0.4891987897622653,0.04171616986937841,0.016329906843422656,0.1611652737985364,0.2802446916947296,16.056032863991526
127.72998936048208,1.5700114057920476,0.05084213971065188,0.03271123243134085,0.305263873552855,31.791688147960013,7.1578652276493795
77.40994036757715,0.40764938022582364,0.022060934509992604,0.002912948345399115,0.571274884496182,4.354462145390629,27.505663397586986
83.84707569508772,0.9177618916102659,0.0678006407695093,0.02643451154968838,0.41711548672476884,6.664197295899627,25.298610403005405
73.14205081971195,0.17170230364285038,0.0070749943867297275,0.04448097617416686,0.2323757136804086,0.0016099928477059913,26.857949180292806
98.55230797283859,0.19852032263313535,0.09262292840806033,0.03634843665673447,0.2800884249564065,3.7986582503680073,6.24232321673583
77.17734317396761,1.7396355155599121,0.05481143020501075,0.05101157868913029,0.2629911407450009,3.5776273405545282,25.734823966643344
81.43802163451416,1.6141713592935558,0.09163425386162519,0.03002959261378628,0.3311937813042284,5.095089110512106,29.693515874043786
89.24968358725069,0.4814862921194333,0.02509591846214066,0.004544585220765716,0.5852431010795016,10.053929640743151,21.611405396848564
124.37912326116924,1.3548679838164852,0.0767623936575302,0.04849293390469961,0.21331130692969355,24.861501486701833,3.470676001990119
101.31995730139909,1.4955977822908015,0.028007032566818746,0.011614148369470858,0.226276013216021,10.507436096464414,11.321305081830008
98.64438944152705,1.1976047224756359,0.09563492721622142,0.03412257832224629,0.18098017110260556,4.677278608965629,11.95953434851344
84.59139286901485,0.4678580229881373,0.018386967566027868,0.041292818919631644,0.2559286359035544,1.605788568262755,16.234965668888062
73.87603372117604,1.1738711521311216,0.07797181773104854,0.030472954468033078,0.25895510265835886,1.1232966983518535,30.144441745089715
115.16558872455124,1.2193274968754435,0.02424261608756545,0.051157789183619955,0.44221421012549933,30.02826667902801,12.428055691647847
76.34940771290714,1.3456267189147004,0.08071964064682184,0.0008044653818774864,0.5633567777930268,9.704598922032133,40.59661661997528
98.87600675771293,0.12393062292203447,0.0012589782374592675,0.027775217229747583,0.40062601034526346,5.192037786939356,6.011025392598486
124.04590470728279,0.28777792274774533,0.008212012742784132,0.02941895757892456,0.5043344409294936,28.062242641803536,3.4768047356763594
126.99823299588223,1.9804917310453645,0.01971173755540416,0.0028420541800514942,0.5838077130138342,48.50709704389667,25.00980944077603
123.8477523613822,1.1384509011546993,0.0030680910570733046,0.01646005441812495,0.4555021093079098,36.16557924858263,10.96196413860466
122.68116461085816,1.958984405675792,0.09097349833169632,0.0356166098918878,0.4199573157964841,31.568857802214154,18.261695140658905
73.42715657494352,0.44048860279156954,0.019659781101392864,0.03628535421574676,0.3278035562779575,0.6935037843408293,26.804808541190567
70.30565308833889,1.8221490187886686,0.053704565399754184,0.00017467403271421162,0.136024410202837,0.03795312700788881,36.250702584090206
105.36268881521372,0.7619707768259278,0.02137804916936015,0.04062195813999259,0.5754773552565238,23.439745640231536,16.884839316244182
126.18152728354201,1.6609655790142324,0.09362970673177468,0.023347171378132237,0.4272180897314125,32.769656631810335,16.719933282858136
117.74485628849762,0.9232134562935507,0.029055595824505738,0.058451075447914176,0.4372036344294926,29.107738041192928,9.390494521620164
96.43141844109759,0.28295394827993847,0.007149630697168438,0.011789703105506184,0.15905773670602544,1.86927726230353,5.316446309242353
113.04289980561501,1.8649766335965063,0.009955403489400562,0.006677896960387077,0.4216848267029927,30.50393726232214,18.155084207784483
117.1443006106294,1.623896392825976,0.023161401498349984,0.059239815248046265,0.4943204860002256,37.644087840224074,16.205982264167424
75.8527832477732,0.6363539538491462,0.09979823117085294,0.03249026160155111,0.16838261822097694,0.03436483123255465,26.80100555933836
95.82014330070243,0.5440100405755475,0.09026630179274436,0.052488534011500255,0.4538897613110846,9.978783862835693,15.728481777474686
94.04484945520869,1.4371274565890932,0.08882899480595796,0.005109186328472026,0.1599464705624717,2.1485760671927063,18.087213831705608
110.56900368386475,0.4958376520601281,0.04703090080508318,0.00656138336186073,0.5286788066959259,20.174345499844556,11.515641770672806
105.68577431513191,0.23909569489583096,0.06109371515371323,0.05332487410301378,0.3892085120211837,10.754037489102203,5.28640067784566
71.43595575336258,1.9508394469904962,0.019434549096575854,0.004897424292785633,0.41867261856789406,7.738846908296946,37.92390343967497
100.89571154278023,1.6004616927781563,0.08504200104214353,0.040183295228293836,0.18396053363894044,6.878347515609738,11.584876267292325
126.6482099776633,1.207272225312963,0.0778477068576951,0.0368278481352636,0.25204188858122173,27.22347253607147,4.317625820781993
127.83904118577888,0.6832740872378947,0.04423575495235457,0.04161239492921686,0.5472788694332835,36.31753404154272,9.154208051141277
71.01326677036819,0.13498947025669183,0.07835875234812203,0.003198396199605089,0.31284609093427185,0.0028939179874984265,29.693634243011115
70.09910996424071,0.316328519889717,0.006924025089721392,0.05095246102787951,0.4672186196406456,0.9890520579106294,30.165535654709302
90.1961275940278,1.1298667282587425,0.022906333729233615,0.02304764121589973,0.18267519429229706,3.392071205163608,13.018778662784738
75.91677058879989,0.9326412186739489,0.05640857272755059,0.02981463062264133,0.15552365795954753,0.10896457708677687,25.33813096187195
115.62275694569448,0.13668786141105735,0.09589769328324739,0.003960258280128526,0.26101376415800936,15.622756945686234,0.3994855138730457
70.23838403084632,0.9591726571287358,0.003779882342220205,0.0026438804338637543,0.2729849617514303,0.9569540844868714,30.72921729284533
71.12256503591956,0.3193391973912022,0.04945883304118316,0.034597607026507306,0.573721764111891,1.969663933387603,30.910130179703113
85.95376969316101,1.4761891290062303,0.07033895034280808,0.04353730207545803,0.5422009222328424,15.362784927287336,31.45345799268765
91.14219935780584,1.9087200515837752,0.0790020831785759,0.05314757383259675,0.4122702121694424,14.32015832781538,25.882014355588232
86.94855810792639,1.2058451272864708,0.012327047596434132,0.0007653078783799527,0.49009738536853287,13.40826137562157,27.58086324092082
109.76679923283365,1.8670305297822005,0.014010523022965541,0.05368226470594888,0.5406243549144031,37.375021359574276,21.816720021548942
111.68816845739332,0.2817088107874973,0.06729710029366134,0.01920404313694718,0.19700939872711776,11.86449002321641,1.041311627202575
78.09180646707827,0.4540549447066691,0.05623623974280655,0.05790454634171108,0.1255461336568091,0.003730299010492,21.90819353291255
124.46433972633261,0.3570196459020152,0.07286150426098265,0.01092880520624511,0.5131846423690266,27.681475805799973,5.27648773246047
113.56277262045822,1.509024520055781,0.025197654934521044,0.0007536990663473007,0.443931393402329,28.12125632902879,18.062485572954696
112.80097055902442,1.774256307980208,0.0027656162882474635,0.00948255292273439,0.5146742690900286,35.7098273660501,21.890171086582352
76.11054558258466,0.37733778431791665,0.07945642654449749,0.012677466860851899,0.5952682919196359,3.6784767716612694,29.29136683543125
93.17725721141186,1.4858442315246922,0.05343085207442038,0.022774960417732037,0.4629327109161302,15.938683628978696,26.043211056831012
114.48797665517304,1.4266841340492262,0.0038757242113871522,0.01660204627571977,0.5442173664080812,35.77388453591694,19.719562785323614
108.47637683765859,1.6678471566533055,0.09557081056228828,0.04536217225392702,0.49987389672587557,25.439969851522637,23.6436814397372
124.40916907145339,1.7839820628565837,0.0662544794153046,0.053027170635241865,0.4204489360383258,35.22280478557115,13.960959550862919
108.0130858642126,1.2255159709873753,0.04891809029315586,0.003091123728819493,0.36094370898612904,17.929757744517886,14.908052491764531
122.4825332123254,1.2283619887998871,0.051059512509144506,0.013820094091905384,0.2024934834672968,22.782262245169033,3.3995288762363547
126.57967228340888,1.3876468878468375,0.08040034567381137,0.044540548775493176,0.53317401780642,38.47369675763445,17.064439789265556
88.54312935749141,1.4793153540440447,0.06889380289125668,0.03431088128911107,0.17212079700659033,2.263100462176598,17.177434921881147
95.43796666152205,0.5230902430050796,0.04043539966139916,0.024564129785136373,0.476508146275589,10.745227504330803,15.957584175582298
109.91758676725703,1.9128251961749478,0.047156787751355525,0.016728729718097045,0.26985727671216375,17.741452770280635,12.87463444973045
108.25448253023013,1.8393154432618577,0.07382459563714187,0.002346093054606564,0.5227791568018779,26.732338687196904,29.485236270343307
70.93312583245543,1.0031832565141583,0.023775272511897223,0.03882299672929944,0.10706262567960433,0.0026568922564808835,29.06687416755007
90.29976950741029,0.5702670074153867,0.0016360193690364271,0.013911380194327493,0.5264182653857397,10.841482734731523,19.912989028237618
85.67475379323261,0.3505484606928603,0.04109154500114772,0.044210109207992315,0.2737017707043774,1.3572201335935847,15.478703281361131
100.18909654010336,0.4481930826057726,0.011402930222698492,0.012313823076479113,0.27493411100591514,7.419736505672607,7.194826370959435
95.38834682185765,1.5167294376182332,0.05934114496226439,0.019449578159090805,0.27909728081538576,8.787523412460745,18.135828048351883
83.23299277728576,1.7272136020000672,0.02576810633826089,0.010794102961860575,0.20957552343262442,3.189936215827093,21.66525935314796
126.7476666718419,0.6508387834821165,0.03602998402053945,0.03329179887213903,0.5176433561228411,34.344601715766835,8.147793569110119
87.30075507592947,0.5651425324859941,0.0036168006580698368,0.03968739707615125,0.20051725312227647,1.7730465276833345,13.184067676949457
89.60717771669441,1.7640950461097955,0.07337594596257217,0.05459294577694329,0.3858441718201905,12.286083863738368,24.266785834172943
125.46431759910337,1.923694825652542,0.061616547952717954,0.014267446129115532,0.3335757318899514,30.33474437010859,12.820697784060513
85.71476438676598,1.3572441591777176,0.09117980235807752,0.05974522908634636,0.3852546675791265,8.445870767719601,24.778893886734252
95.4494737804072,1.407288662426684,0.04556680454314741,0.03889428006306636,0.47004427590779774,18.060248327691262,23.156676515009895
91.52004681450666,1.3924895457860087,0.08787401470223068,0.02824365567013777,0.31373618283739746,7.41723056809394,21.94280753177693
124.54156274435708,1.115763871599463,0.064198946296304,0.02794091197466868,0.1098352284888218,24.54156274436525,0.32538983549883255
125.02370550448548,1.3368136546883644,0.07929652248644636,0.03760653547835869,0.4306304476322459,32.48084872361743,12.850463920346876
70.27099289335578,0.21299552702665114,0.05667681087551843,0.05084020703145516,0.2450423626612043,0.0022216526575739646,29.729007106650002
101.04440403971711,1.8058018259393354,0.044306555891066045,0.037149276595807176,0.17579790020060243,8.964282169125052,8.959774656350639
92.20244778583171,0.8076301215437519,0.08009619988120792,0.021468148014781856,0.10494340000874244,0.40371266693599483,12.199913392973464
110.55219257880725,1.323526602563585,0.03927004709846605,0.04486388481565969,0.22238862636933265,16.539408418907065,5.746828663811942
97.49274682109241,0.4493568998622126,0.0332549691835614,0.0024475204719395785,0.5545784294297935,12.703049609294336,16.44602540789127
91.84346859265192,0.40888926315405993,0.03535481942570304,0.004367421044958762,0.1282549145371948,0.4564059170810591,9.740900918982842
103.14895170546174,1.2223116094108903,0.06331569349297693,0.048222801718004,0.13052249480225256,6.470009596358189,4.884483306751041
91.10987861000281,1.892617331290513,0.034615210043784726,0.0018248672794310484,0.5557216247363064,21.500209959244014,35.23343983272098
83.11147700262404,1.0575945460174876,0.09316192217586294,0.025640236889101907,0.3086537852300577,3.427656689591135,25.210387333239364
89.35168007705167,1.6915427081195165,0.029479337284237014,0.036796438319796995,0.5185349217820804,19.555920009893796,28.936280355485355
124.9701169679748,0.8227960452693519,0.07365407757196829,0.028392180166904136,0.4191966504043617,29.524005354668567,8.13739642345234
84.42082331700776,1.917841701737433,0.04295718317209547,0.04633238392181938,0.14767233760948803,2.09404516888657,16.710180690548412
84.34352626238797,1.6840890844225513,0.08533844353548495,0.0409901649765198,0.32342339491789907,6.389054073321777,26.26347844278221
91.72981707447127,0.8560761352032357,0.014702117906287095,0.0012319775011471379,0.1932715415757325,3.153409053406157,12.430153447451083
122.18144687558149,0.6671000557038231,0.009280262636824943,0.05516369580434438,0.2690657597982372,26.83065100607954,1.8389739035396497
86.42935876509513,1.029386096434661,0.07804968477665886,0.00391459847615775,0.3716854005439655,6.079748584648483,25.555827589690605
98.30391808807371,0.4429820599989086,0.09847688859663278,0.02142403218789369,0.12165496106296345,1.4707372185491367,6.197197500889509
72.75352233719002,0.6793236162355488,0.09788113964838856,0.05723156262446044,0.11069420147024463,0.00013336663282726278,28.113969665766096
107.56596011519791,1.7075920510448561,0.09271815592354672,0.032917978560453996,0.4760441921535058,23.603572472624272,24.161981517457356
90.66776799085045,1.2873493725838467,0.011749335541086618,0.018274868269659555,0.381073053881827,12.165907760296887,20.700225638101294
117.36245954164156,1.1326773917100545,0.014237251816767963,0.004924932874449932,0.34615751412330914,25.209949678722722,8.943401825758945
99.85020916288732,1.6468273591377791,0.09101670980922007,0.05374848580495807,0.434960718699698,18.084816598503874,22.593175786774413
111.19046645882551,1.1025630250798248,0.0396329815385138,0.019936694226027417,0.44820163272081737,24.08959164590436,15.003540407096292
92.648524344742,1.275576671916227,0.05145021832976804,0.02733053907129192,0.11544067604915166,1.4769972908421316,11.189891348587345
120.49907638002884,0.17576119503709275,0.0059469845160944855,0.04332157494857484,0.2040927212225888,21.170567241418876,0.03911272234860041
121.52328560013497,0.5142200319977326,0.07217652995505072,0.013294471057882945,0.28250868908745397,21.958427795810774,2.5595713332619945
92.48053485012548,0.8307478434229235,0.009105841672380184,0.0022849784382189104,0.5445719828964911,15.062723460212984,23.05577532100724
94.24848828597445,1.2914484746604784,0.07826800143067399,0.008244658806543051,0.27789955988077913,6.623098389068307,19.685714973438834
98.20919227545849,1.6069066483778114,0.013492909143985633,0.036693660769264266,0.3527234681969714,17.773171071887024,16.455197899358254
124.51902196636472,0.3847211333378737,0.0950192054792941,0.010457459070521218,0.5521681316405996,28.36590894240015,6.843820092236988
107.15779160173167,0.3908921838809488,0.06094232665120596,0.04427876428651856,0.3288678545882117,12.013516300879514,5.515338713516487
103.68219406849317,0.9777355510695762,0.007616686283263691,0.05506969549535272,0.38004446372261547,19.16110098110055,11.436163776942298
89.73015728084162,1.7303447734502462,0.07318560501397126,0.0033387482898072558,0.24774024335214176,4.711542594472726,24.441514395282784
98.3901720102802,1.5462410546799947,0.0664648545244335,0.02192165938824098,0.3237633277066485,12.014679483874776,19.06373927723223
125.8145775858396,0.712124273351253,0.07663122580542031,0.048260954647156386,0.4508501559196255,30.918928468752696,7.393633096604243
75.69438243151585,0.4759447223645029,0.07987412942033234,0.05840752990515123,0.2758834787961827,0.45414025017502646,24.918080945499064
119.69685562812751,1.9010213654200632,0.09720184358347111,0.031843884292494795,0.19969270083116694,19.81912223966016,8.12669351956678
92.18671347809186,0.34171909603731504,0.04125254852243558,0.03227639994435819,0.5846266297899662,9.290165848841559,17.287992526279712
81.99714781863261,0.8372128907790072,0.02439506282110873,0.05651469831676194,0.47472424846813643,8.729938081501722,24.47092540386824
96.37679039133027,1.166819071540879,0.01862460586614849,0.01976471299718684,0.2574538441574118,9.024187337847932,12.481593242768627
70.13911499628388,1.9813638503879023,0.038970173816547195,0.03338615744708381,0.44884411584918327,8.49971971080693,37.83459408721398
106.67321143579605,1.4568576758089167,0.05851595308124428,0.04475385873814652,0.37158454925273887,19.889132008313933,15.068385241184185
102.1663171939291,1.718381745025576,0.02942093000869961,0.04588574361477377,0.11364075177769166,8.293818660025908,3.8530061939129396
104.56939902379287,0.46567695707591983,0.007718891842387731,0.028052443941901876,0.44169673445908897,15.095299357982102,9.665451050182499
105.90819923165151,1.9840794771798465,0.08638067772574337,0.015697828576570944,0.49879271265644853,24.44264100188754,29.5917001919823
97.05558658444839,1.0897435079317859,0.08719099468051883,0.0006122583812165312,0.24077508321453994,5.486150971501645,16.3663926327195
109.45269647511132,0.23797284396653098,0.06723687741050573,0.0009036385947181708,0.13497109617211894,9.452696475106947,0.43968463457363033
88.11110528288413,1.0849081139997223,0.03248380624600946,0.015790517516920614,0.42972341669662506,10.569603984760178,23.69582215160601
84.93816806857042,1.6633701325320995,0.07196849626777754,0.03254003223098311,0.5524600935368734,15.849970999188596,34.68776721997655
91.92288117567337,0.589577037396877,0.0020980894974594474,0.005775920121458898,0.45808749495423406,9.798501843782352,17.671371749261528
104.07712598658055,1.306480129244539,0.07170122722738625,0.019123132600630498,0.3351688311398545,14.344191958990276,16.030434053665243
77.54126717861223,1.7150478800145228,0.00870329490242661,0.04347276462278711,0.5062610279590648,14.663494564593742,32.516298967638946
119.83619249846652,1.1171326137029387,0.07697120362259996,0.04068923029674806,0.35408884451906675,25.080009228791177,9.10216188663214
71.23871403648789,1.7560780216554475,0.04678971445830577,0.03208235694860941,0.5022775450001186,9.521392998707567,38.74032129181855
92.0949344312921,1.1471200980745921,0.04522389591160238,0.032583509656141436,0.48641345231589783,14.981708188678724,23.776372599910747
90.11077283498689,0.3281193303196419,0.0006333193567124432,0.018449756274091483,0.3530500899361996,3.8584205209152502,13.248862832776965
119.0800468555618,1.3283830021569143,0.09824754050576244,0.009709982676530724,0.43024570955594676,26.138394649868793,17.134661494820676
89.13670221033843,1.5275415381373487,0.02860064812752715,0.0010189290707455076,0.48245365759657843,15.464533622934058,29.683571136225748
80.04560117825193,0.29261828428595893,0.06898640929151137,0.032658858330842304,0.33738905431511285,0.772077581037031,21.36861292298694
96.50787191693462,1.210309575212858,0.016734291926565868,0.013400598132131165,0.45903129772974494,17.461976438517098,21.246898677633304
74.04806206620688,1.2903257680324178,0.05197860999506219,0.03997810868635181,0.41147974087514605,5.638053570489104,31.677553133200167
94.53977988722572,0.9275935509787726,0.0695727784651578,0.05561003303370738,0.2272221500245072,5.352309206490347,11.610299158601997
121.70677292012215,1.954238847114937,0.014987419185998073,0.013085979164843144,0.3078512392204732,30.812071884593,9.818155628774765
124.75088528853789,1.214971501273305,0.08589640125827888,0.05727915375954307,0.543227879514221,36.715220283241266,15.871605937302391
89.23291994355515,1.8851692277094219,0.08911499793062466,0.002037402128831602,0.4856483550036008,14.101473964121515,36.82615501517305
86.81673090808165,0.8131058169561081,0.04594341385912426,0.02891378411522971,0.41479781122160153,7.638614825144696,21.62626282269023
79.54221247887958,1.1507723880731064,0.031728546857176,0.051367889909991506,0.18636898250508227,1.3274537011418552,20.551315169440066
90.87955933330463,0.29737376804411697,0.031006406387413633,0.025258020255487998,0.18561665347391726,0.8581194610814961,10.06378530622798
81.67188838189563,0.670430684090633,0.08415167887851688,0.030736022927656804,0.37201561720669585,3.359859281498467,24.033409625019374
125.06023745585352,0.9520863222446194,0.011901517806001615,0.021265613348253335,0.2142585280357751,27.191574295556073,1.5451672699085073
77.99816147002639,0.2211538641748175,0.03735257271015269,0.028439262487884993,0.1968536071622647,0.00842800969636406,22.032669367970545
76.654239623942,1.1290268214617127,0.07868155677094076,0.015727579211373608,0.34709609805969355,3.1276597423606622,31.070620767143115
96.0758880921542,1.3166649715709278,0.0393597729361675,0.05643017735844761,0.3863191493941177,15.421297243684426,17.490119771745448
102.35105638716496,0.22609046709113864,0.07250573797872971,0.025312933320746914,0.3573918614857722,7.542187048170465,6.165062894975099
95.00297253325053,1.6159449587958667,0.03520469513896219,0.03843928556163299,0.13669167917576436,4.4949026485221575,8.924629814066048
122.76192284839676,1.38311806764018,0.04454913204688155,0.052401191937097205,0.33769803259372744,30.409878180580073,7.64576851662297
89.56117159355216,1.8599695902261162,0.059528122924007644,0.053806008432087805,0.33612872391473037,11.16912962680322,21.71822927503225
99.81541053023247,0.7087381454275122,0.05609521053489859,0.027513856808836553,0.33075340999114466,9.932090878059956,11.845337935287949
94.59699930770594,1.9560089443617443,0.05827673477182502,0.05234110125289742,0.5024967232113143,21.8720679991287,27.75593320611693
115.26751142908311,1.5440386857939477,0.055751125035029374,0.001425240457867986,0.4799417308712557,28.912188784245966,21.21658834174647
118.59121681631191,0.21214569843759395,0.09080382877331239,0.04133063414616956,0.10526158541727362,18.591216816322586,0.0006528338463509452
82.56561755466325,1.9387209460041879,0.0716098851878165,0.0014703320160807548,0.4331271131293546,10.031156901969858,37.06255699442755
126.80293318047674,0.6012733342550793,0.02868713822729428,0.019040507495201715,0.27261646723758565,27.791442863352493,1.6173857972884726
79.47646390837197,0.9440126860895698,0.029377350936816732,0.04343715022090533,0.17917489812737214,0.7668420826422366,20.5756094477187
106.76984917281425,1.1788388449594742,0.045110996874833,0.030086172023974123,0.29282664269591285,15.398815515423397,10.277636971471914
102.44629072124775,1.6853012399766178,0.054869801655896,0.00521396821641129,0.34262803371156025,15.355951026616864,19.953891051112326
128.88459628047093,0.9379135974249476,0.07552389073546847,0.02935389239464634,0.24710415535496338,28.938973118547974,2.6853699369545043
105.67810509973083,0.5455036478977758,0.005124014160635342,0.05406235690281531,0.5718618820760019,21.38783475788894,13.30828164504359
103.21912494261244,0.4340457939831368,0.04819786376070812,0.04437542455573859,0.1782087606657059,6.356519235180986,3.323208462903722
83.1339466000504,0.9725956885036479,0.05559908150964707,0.021910068230084588,0.4368478175590019,7.501639346771826,26.4787297704581
95.86423712103326,0.704440283429987,0.08897481082372048,0.03921878235281588,0.23113549480251927,4.442646792741497,11.420833059288153
106.91912674433416,1.1266141643893282,0.08264367791604008,0.0059431487948926704,0.14663323753383492,7.530400210835708,7.108932731634214
109.00868717737406,0.41167295461564246,0.0038651820786246936,0.021095945089487544,0.4684120519775705,17.863192835378772,8.195987639587997
113.468607696454,1.6924690962591733,0.08809117632994891,0.057562833494709156,0.3853396650628821,24.297652444223512,15.449365541978361
105.43830615544005,1.5713030788360325,0.08383020081416145,0.033874130270671696,0.35188790472319087,16.67577034551384,17.567889177152242
95.96049410208974,1.8771127747552994,0.09030316613789838,0.02632629381513127,0.5972253662457602,23.255882151412468,35.63975124404752
95.22080805988979,1.3337611420553352,0.04136834154423496,0.030154763147514137,0.4623160928361112,17.040851297006153,22.838553026535966
74.2421833371024,1.8197966414098516,0.0838997290728957,0.007956371929356401,0.12919211495981647,0.03388625429736425,34.86008405791358
117.00279577922998,0.6655636102080675,0.003001924323213178,0.0505096465745105,0.1894984849200987,20.956682691713404,0.9178981010929719
120.44561876832762,1.3204988803508988,0.07238136750842865,0.012205780985463285,0.4758700368437092,30.478187725462856,17.278798818604265
82.7387710683576,1.4059630657158741,0.047587567780349616,0.04562794397453119,0.15632297679997673,1.233657192127751,18.118336937706996
102.7443264916036,0.9040797676545924,0.027421331004306146,0.03675274714164936,0.5637750624158647,22.67935628340802,19.280103003570982
122.94946098287242,0.10335005741011315,0.030910075956530243,0.017331329929993453,0.2765111635789539,22.94946098287295,0.03501054868646077
90.5055480440459,0.5713866778892167,0.008028536624957254,0.050431446767148884,0.15803330290728546,1.786288365790759,9.78308787496798
83.18629398815865,1.828950626121786,0.009567026651735037,0.05175504247782236,0.5259205111854282,19.64115586088947,30.493638238895837
73.9301155650925,0.30883438103639,0.043612870385043065,0.04372252370847476,0.3797978226331974,0.6113434999276578,26.50580114544022
105.57158563231908,0.23336279029411724,0.005600479469515304,0.024666338469511932,0.2309457144829191,8.176102898768361,2.1814220607380927
88.57923331060343,1.0455245502408799,0.019121472500780258,0.004655475623240235,0.1566619584221744,1.6568752866889076,14.317537308672257
95.68289326390183,1.9426648725814264,0.025864029319440658,0.051835670022341004,0.3419199170172401,17.39760610089111,17.747365010726064
77.02904375325576,1.832758440667303,0.06124804301252043,0.02071228233054026,0.15220712635752182,0.3977727009621496,27.78883099074706
128.18459329050577,0.5201039235285697,0.008511471741097953,0.00047641074889034993,0.19832493168429127,28.24599924979745,0.29000080717378146
98.83191542799375,0.43217491072527225,0.03180061268229659,0.034002858952997705,0.3844985935481541,9.35603748536544,10.430396434251449
115.8187270457689,0.4036015300125546,0.07534840403742415,0.0343294097324827,0.3547185758808059,18.408476593861995,4.131777152993354
100.96417981691212,1.4851831576189147,0.010348874962126187,0.032847744050848164,0.5162305134591674,26.185865854343575,22.430603913213993
109.08283031023976,0.5812138340966564,0.06460038205472245,0.026849196371273646,0.5159689096982253,19.791342682141376,12.777815547167409
109.0537508140758,0.8928900394128242,0.09761532087003705,0.013368031083133636,0.3901325299156362,16.553316759391283,13.973689742502758
78.84572558432333,0.5634760145117278,0.08051493841053062,0.0547834328991363,0.13565251401572398,0.01898603769388977,21.633735184118063
113.98207135649716,1.118064062955591,0.042307150999193216,0.04982299589472031,0.5517068627555042,31.364407087248313,17.128832170965026
95.14918636117889,1.431401258703626,0.014504935269012476,0.031626887691172244,0.5134991626502217,21.62332287783764,24.40275315583031
116.7832902685455,0.7102073284034635,0.06189982137834693,0.003393927930676847,0.40288269001899235,22.062497170520988,9.038976479011916
107.81736839122505,1.2420096828904397,0.05581173917592994,0.004829731129538593,0.18134340947372302,10.114548735325947,7.464569198479906
82.24861111916594,0.10004104883373655,0.07934412422967799,0.022554315842965935,0.11649117996978833,1.2940023530772513e-08,18.176285542423674
96.75320085915217,0.4992302453533388,0.05316105585672112,0.05078946202742572,0.17969013367599762,3.4074990101122116,6.694023840485726
93.47539255786742,0.6122857742889364,0.05281859729635555,0.0199976460585067,0.2918007146555979,5.197030394993893,13.36669389080593
72.20736395138148,1.8415811320684037,0.09009918380192623,0.01650965771287405,0.4504456918494877,6.4854057807053564,41.81095121203049
112.23525290531686,0.6181464015211506,0.020140351427885686,0.01755256102320497,0.48789224470521164,22.67863812312256,10.690890017675553
108.49649460101388,0.5601571210402633,0.055103822932322646,0.01891374834712156,0.1332986161687324,8.780334511388514,1.6757444532173553
121.24000938652343,1.282489887312838,0.06540849788339011,0.018180704959814834,0.3910258807871513,27.90904301140503,12.225500365522107
84.31648962468914,0.5026555756909763,0.05600469118748506,0.040882100278198205,0.4862284275175115,5.9464522338480785,21.94909918074007
97.86579340452025,1.9766268963692095,0.03197225588799551,0.04443239819136162,0.2320338748720202,12.071772059863711,12.251660025639115
97.30986769597177,0.2004399882813283,0.020595522954817674,0.05575844994673887,0.4594487565091411,7.067719059720256,9.11859598032101
123.54643936569707,0.3436364181025547,0.06032706525318874,0.04004200594480336,0.3397504951777023,24.54384661605367,1.717108942083683
89.64494931067897,1.6185604706315435,0.09277865593540714,0.017065266233431745,0.1594876091172244,1.4322895301956668,21.23515168574132
125.3881252605797,1.3311232010598932,0.044842074774617505,0.011509818027414907,0.4838713595695122,36.166046007670694,15.209956062767567
98.5921216182952,0.10980159792555134,0.09875820317730451,0.02274447384661688,0.22155153886894352,1.9611319633987985,4.133614600753242
76.61864377469111,0.9388223099815977,0.06664140880291014,0.005976499220297767,0.17634459912487727,0.17343837594633874,27.63129923979975
128.09912079543528,1.2629142564030778,0.06114708849171624,0.018957651252733992,0.24619030037617692,28.517359439258872,4.21176644565022
116.17206726368525,1.5630168315775654,0.05456944158058924,0.05319628858183493,0.4668126636084291,31.688663358405126,16.460504933692626
128.07493744831504,0.8185147418903127,0.021899488200169216,0.05709106274526491,0.2403768793910405,31.514386218993252,1.1783914414698928
115.93484207931348,0.7958909101829459,0.08394969531363737,0.03124630179994189,0.583376982071241,28.076844048599778,16.129225986958
81.51854279217268,1.4115621589573897,0.0893855820460135,0.050085586164368735,0.2061172007715989,1.5845276882828263,22.81524552037332
106.3031911008387,1.3195617346443795,0.006710731758272012,0.03217184889221839,0.4452652134849294,25.406675264542958,16.198509348814927
124.11625668218647,0.603008496906245,0.09034905264336134,0.007512008202773675,0.40323589615219,26.285366112788125,6.344595946204788
91.32111719291477,1.1795696329834384,0.05355929853305241,0.04082769486058303,0.5622336249519445,17.55040266099206,27.05026594606496
89.8784190552524,0.3929439229685908,0.056797121651662875,0.0005198057064889089,0.2840901683040463,2.3453729026596735,14.372917299688458
129.00204504971404,1.194708429472879,0.05783522398729171,0.017100558190017566,0.5751879545257836,41.14767728416686,17.12146767780189
75.54701425331558,1.751072495328698,0.04763792326952393,0.03945607328479837,0.32570062663983296,5.124690753269678,29.431614843181627
86.48019962330704,0.6610335918328148,0.047774354435155916,0.054952771752169324,0.41788262650869146,6.870893704185285,19.751430128651023
80.18850107925806,1.8528455862999396,0.05541572826310525,0.024300148450286826,0.3056935848059276,5.393401769040493,28.406007464084773
104.79869630227012,0.6787818278500327,0.0023064484278046437,0.029596788907183837,0.3985790901345284,16.786657516780284,10.290756798299686
94.96055881027694,1.7831353178305196,0.02032012548390586,0.048777054373248176,0.29050066723640233,14.04725170000025,15.002395135269138
96.09678246811188,1.397856135314269,0.046678215842673676,0.015354456777942302,0.40885720245138624,14.760219821227672,22.135051787158464
126.13240952606225,1.9292335671756415,0.031442028559576216,0.02221729017603625,0.5553102866849976,45.832580152616316,22.04269418052524
75.67318723647553,1.341245758327543,0.023884807940533437,0.05310847760125111,0.2650920849032694,3.1354053690958636,25.005749905602215
78.03734406883827,1.0400407727861494,0.003544297986792594,0.017676442850277987,0.2769920811645143,2.8164787471452364,23.703925314066478
93.83774844748072,0.923518735114014,0.05191768643406321,0.018218069067285673,0.45785791859894,12.556809576695075,21.166474656228292
99.88817897895086,0.7213140621514704,0.006633289277289249,0.022160436322420006,0.3729499568144169,12.949959808249506,12.053638757068374
107.00677184245016,0.9473344503222351,0.026901490082028467,0.056524546607042675,0.40177826201146527,20.6583928094142,11.39851185848538
107.21259141522536,1.8185331314424749,0.012238761680575902,0.005665336757460038,0.143826185596614,11.378576674793447,5.280345733003803
125.86151088279425,0.3073192620876225,0.04537963462584192,0.010229965884333794,0.12254498425103842,25.86151088280286,0.0012531783265350858
118.19400234088263,0.2660953345507955,0.05242652537387778,0.04871464854297625,0.16776871355526368,18.199289945718405,0.09728262176037965
106.00609334128008,0.7380991214820671,0.03858995996037752,0.015919655309714648,0.5299842498870478,20.600353479653876,16.149787160136576
121.36950994606786,0.5762828973127472,0.037530341311834914,0.0027700771616368043,0.169309379278053,21.369509946077798,0.5699602453516138
112.85631468700385,1.883775637975591,0.08250938637351549,0.03751956261115557,0.20113493688262485,15.081177278295469,8.787652609191227
70.6003502148744,1.6462736845977382,0.07585403391485418,0.02523504296428986,0.45514824812669996,6.193076435425703,39.56348760220912
111.49614219602559,0.34219645693958417,0.048683128448425296,0.0432042983402082,0.32806474243388595,14.811696412349606,3.5974457314606707
129.51010931667682,0.478029221953824,0.0588468392027271,0.04114680858481793,0.18302268521025666,29.510109316667453,0.1267058248112912
113.25272416379732,0.5370321854765485,0.01137220583088542,0.005738502497065841,0.1378376281933612,13.608140899308667,0.5974465302026225
98.15570851769905,0.9648335108069329,0.032831490909293035,0.04495730502779468,0.5573561793568971,20.340222604543516,21.198351893498284
103.47504625272227,0.6330158910545385,0.0002156452517374242,0.03611612261832843,0.5756999073001282,21.22257630184355,15.683971188422333
125.5709719611711,0.9308464135809954,0.013753876862580958,0.025414734858313144,0.5250808835224201,37.69778779364242,11.416329952614428
99.56687208590043,1.8458234226199808,0.0468942549136486,0.052587101467256724,0.22743424211272337,11.636762491991576,11.271548765677432
98.08172113661476,1.1113224724113302,0.08768904367543773,0.025142514878312008,0.210081293063419,5.393855506605539,12.995340066833844
123.28009330430646,1.3765968401895141,0.010519839648033083,0.04009842248965343,0.22383954153424612,29.434586881138582,2.64831739972972
103.97713720861974,1.036004506206216,0.039506381569577975,0.008216680869517377,0.5824716028828983,23.95271357237599,22.858698387852197
85.25370664152926,1.2048877263632634,0.023690563519777278,0.008968390273784422,0.3164584131217718,6.145335698781886,22.145743950686484
74.41849969349852,0.9187654845234088,0.024926587108883114,0.039429073738370984,0.21515753340644728,0.6767575492973271,25.608019975676736
108.64508051138392,1.1606065346953687,0.07059397279476855,0.04897630900198222,0.19625942067078764,12.089809297996904,5.684203728161391
70.17063933760845,1.2338852415868222,0.031093769581827337,0.011296345495609933,0.2428871361855964,0.8076733685399338,31.882533702538662
83.54214999915355,0.19643879608516723,0.0801517786446022,0.029459209853612164,0.5435439225379173,2.682450016252787,19.85017676816633
120.63798481046845,0.39748552395831993,0.059787131654030705,0.05486506465826966,0.48468528545097456,25.611211423353748,5.4438204049105625
70.41979386420564,1.813502535793205,0.06652628332416924,0.047626467779015885,0.472061423121483,8.075131287901328,38.00893844275733
119.22466628826358,0.48028815931237157,0.07221315300159153,0.028195567169212052,0.3641304467491244,21.706643016095796,4.420134521903717
121.96163615746515,0.49342395843845543,0.006063270394066466,0.03640306789238968,0.32103877790614255,25.63756758559971,2.283957849048779
123.77911434211165,1.6877004793808976,0.09431921725981493,0.04324722196977821,0.5085004666538693,35.79958255096013,19.903296620079686
122.6386448881943,0.434801514388498,0.03400330024867982,0.05696683398038617,0.29024093395326317,24.657346493247978,1.3820748681299997
108.11786699660266,1.2122088882107849,0.054937529151674686,0.029618703387211485,0.3197858941961095,16.948660907510355,11.598583589084368
93.90149599757157,0.5998016305350082,0.06885870343760475,0.018356129884065556,0.21225575595110793,2.8957849631899344,11.557572045105408
123.92653437014374,1.622348612419068,0.08531822008987237,0.005378055437627112,0.16659495626064058,23.926534370144395,5.041438841145379
79.3534717326113,1.954953132760516,0.062375460448600234,0.037654953628566384,0.39236259821986375,8.83424633549166,31.462768772982052
77.1539602747426,1.9671763173642367,0.04560650066883848,0.03140683649666656,0.5601229046942313,15.325696688219011,38.98557708405717
100.37519413370138,1.6293236639640807,0.07028730029658549,0.04531934071197616,0.5283473024736132,23.43866453572442,26.06298454159828
115.29657584954137,0.20287680993675694,0.018574847877395908,0.009119504111443369,0.2924967551133745,16.147981321831,1.0331017718530795
90.21971239522736,0.5187131469014722,0.004910685529722528,0.05227000695648761,0.4541574850418343,8.841352169095265,16.55441876194195
104.66498887441226,1.2552380862814703,0.08165513817948221,0.048947213377294914,0.3429020131763585,15.446641741352039,14.17077920043655
78.65826763295055,0.33750091167449936,0.04729041730230505,0.02696199992917703,0.1322382596381687,0.0011816214494220826,21.682528228192908
103.0922891372298,0.8055016157428599,0.0729825074351511,0.025381451210880136,0.5979896684038396,20.84347270505997,21.035696654589252
121.57529322157785,0.2625408065626912,0.07301688455234413,0.01669933701980628,0.5087986851116738,24.280626335495707,4.08969638175766
82.02415738994885,1.8314810794921583,0.03219333654294836,0.03133380016303194,0.33633481490013806,8.43481557211714,25.898743350853287
99.75936787043346,0.8884270609040199,0.0180165994164745,0.015246929006879443,0.44115159836625917,16.027222368237048,16.477036844974517
123.69520336079265,1.3581841484026522,0.0008094022500204379,0.05827510841851189,0.5216912726012417,44.16200709482195,13.50821114851081
107.07895930385794,1.4023408136487867,0.024528217304896023,0.0335522148715358,0.3659987019512063,21.47131236907591,13.517565487605475
123.02218973177857,0.5327764783128246,0.0963222671392342,0.05238195639356784,0.3171992097056092,24.004095997831215,2.987275032301193
74.96929355869204,1.9456687016123113,0.05375649551654887,0.04731502358445094,0.5995682030684301,15.809295839772881,40.26825361693756
96.64346726812671,1.4894209363088566,0.06990620961070729,0.0037622998152306605,0.5080164450528435,18.139252805168116,29.380571633489
100.26355187291804,1.6900879639417414,0.09656955029344307,0.039049861578422544,0.152989472889769,4.819951766000619,12.087861113641715
112.35423371404315,1.8294886815155114,0.09991782984917047,0.048533357908029234,0.15521625902417957,12.741593748589729,6.740730214238483
128.9645341776749,0.39156227144495737,0.09670047747999541,0.0352090841965162,0.14724295403792165,28.964534177665627,0.020353647255154796
90.94022960892752,0.3239498560676398,0.002342607588765267,0.02104707729533726,0.5703659501105304,8.492433616396927,17.008471251345977
90.00490092075103,0.9081845114013912,0.029651444251224537,0.04364272702836819,0.20380959560288267,3.6477563864177633,12.529050095354174
73.34310019664328,0.8706901930651073,0.08644382650955665,0.027308457879721564,0.3932528952206742,2.625199525676558,32.162775342124014
88.27670288042171,1.957571017796947,0.0032741492216190743,0.034894793921229024,0.1698263414557481,6.018200690652517,13.369723623570797
127.06285628326997,0.2108784246066649,0.0556527148434952,0.055527082564912275,0.5819338723455728,29.854219058826402,2.997635435627
126.49133508973091,1.3695040189854384,0.017095008730531488,0.016645482945001806,0.25656964988251646,30.151029323660897,4.087904099257776
93.40473531115029,1.2745427467511743,0.009880083344815884,0.013453416811618909,0.46771788566100336,16.9640999964783,23.11306391915688
105.7602760454913,0.6302011270509355,0.0554790722877527,0.04281021680961928,0.5321823766114293,19.401637738705375,14.434744388659212
90.7629220400107,0.7328337271558747,0.026962302272248252,0.023635762305720363,0.24325807493531124,3.9983547441543936,13.31158495523126
114.08637215317866,1.90703103321775,0.08037372772737233,0.032430160759272374,0.13416946322190085,14.086372153180818,5.312262521447578
126.00776732154597,0.8233994587841531,0.004528659037863722,0.008017007170750394,0.20517757554403587,27.23058019172158,1.035414446703048
117.65542872598114,1.562433450796583,0.06877342367860977,0.00434112477150282,0.2868060002904146,20.996253450617825,11.622898181423151
73.73996067155873,1.0633352836953738,0.0883454776460028,0.024690174080350482,0.5592195405019396,7.407352164753769,37.4277049878303
118.60797691529939,1.4631187091525943,0.02525643385297506,0.007456692701530769,0.4962382293354669,34.136197673706526,18.165608578731838
124.17043310712293,1.415764205249479,0.022688573098388464,0.0045897950137576944,0.36316295207885674,31.694392752324955,10.10133840956936
121.48205414128336,1.0596503437846219,0.026408284100935788,0.010320522216751844,0.16337504971706496,21.697800503249642,1.3575887415970052
79.83336535881106,1.2465617662552555,0.028264523373659964,0.03650426792465203,0.40370975554222743,7.85051185272244,26.826201710120937
71.6524499114896,0.320991862125372,0.048307475731661165,0.014447508122141189,0.3324301471986839,0.21020029602381884,29.19623846861528
96.34126378721537,1.3503361865062011,0.07671800346547875,0.02403318433963365,0.18045239874522215,4.253150964310425,13.63958502255331
125.40112022629194,1.7856201416738116,0.016450021974737748,0.025914420046081514,0.21237981214824214,29.644603805893944,3.3519631853100376
126.95094409838353,0.904962640532815,0.03353394183479985,0.05903951436396311,0.25514783796982976,30.242244183789296,1.909243734765826
92.29950843829181,1.3099105666565471,0.020376314564029815,0.03862358634564404,0.4969440206731337,18.225941281872736,23.88049190269372
129.5703673907346,1.4087393687150283,0.08139088911194808,0.01742426171704047,0.4173690316682125,34.58047269206983,13.03975321760389
126.23989170905297,1.5258882385105446,0.03302966384766317,0.05338663624561359,0.2849093182702741,32.801562449517895,4.949161731533752
107.38159850060387,0.8610367373963944,0.07769802498393605,0.04881173216314747,0.4658082350157905,19.766649038560644,14.649708322739297
72.99627562676565,1.5669970824220572,0.046255001477500834,0.010289407519975554,0.2232131449630747,1.015115264470502,31.48028905828337
110.36868954607776,1.0396053876556866,0.04452088919308697,0.0040201189661513,0.43165568799510057,21.602698505870425,15.101370357217036
127.9909881064487,1.1833495844805664,0.08887750776811298,0.03351676858544249,0.20437264076352063,27.990988106442714,2.7271443154610435
119.16809931183786,0.23063173322543784,0.06555343809636141,0.0052530338773082415,0.44982496892221835,21.025079934526886,3.0712049705652484
76.29388851102034,0.7891691277582157,0.05839329853323888,0.03510736942088616,0.3629758483421347,2.761656025663055,27.18112969623918
104.08220779312224,1.7714359970764006,0.01628831036862159,0.040126355197419826,0.5016696665839745,29.609620721023507,22.200602383247112
119.51352870168832,1.1237206173660903,0.07994083847345756,0.05147804498492596,0.10574863647993815,19.513528701680215,0.5117192496711813
101.82581098715214,0.22964511073080413,0.01129906345359741,0.0016296103099165344,0.47828825954599874,10.03109459136164,8.416775857553134
124.63532211067644,0.5292691243802359,0.07455748066399102,0.026105943565944017,0.31159445552059806,25.311174818504327,2.6598975622246313
93.69232459629177,1.672329990550029,0.023297388780509534,0.05928260168732537,0.2948715285895195,13.438912324078435,14.982585448953559
86.76656548114923,1.0980381567499524,0.023817344593730767,0.0006404621034467228,0.21371780059457074,2.761789283072278,18.103121509044584
129.2568134112276,1.8358060963185192,0.04030978069670421,0.030292820591269674,0.2617432015389396,32.560949678667285,5.628631786061493
125.76007086075529,0.836576213638466,0.02359591306228177,0.02881616568197076,0.23429365861667262,27.426704223366983,1.64586312668724
129.11020939825775,0.659450212112346,0.0017512646751234396,0.010512647675044859,0.5112780823510525,37.12004117975551,7.4829224506735414
109.55820143030004,0.7436272294139518,0.0964204329717096,0.0347984021413753,0.21465723589812064,11.202401413345514,5.306858908186993
80.537653028141,0.4454421230917035,0.02629355157663787,0.03918261583297276,0.13902556247922992,0.032561665132975794,19.462346971867746
95.10848763940155,1.202406415866644,0.0880630630458921,0.05612176557863244,0.3650064141773639,11.099137020188094,18.580744573800615
102.25043701483935,1.8828773975360196,0.06498533377071151,0.05276749934639007,0.3997545486342844,20.418035602840536,19.963202002648963
128.95112183841758,1.5598951272940675,0.06843581340414555,0.005686943578001091,0.5911053851052219,42.9222760843189,23.23517435730659
129.3742732982584,0.3347768852647532,0.05998196866137451,0.037705131549606814,0.522318112571521,32.308134581115475,3.8473845374752176
128.5685223545675,0.3021182022607849,0.08623745077619416,0.019870185749402657,0.46393019090618015,29.69638165383558,2.8091180398035442
78.29648712281724,1.775505432847409,0.027129052743228972,0.019609299703360762,0.39920784352186456,9.082846370327053,31.149552038255088
122.90479057664402,1.1697869968434134,0.004545663678439461,0.0455471665241624,0.3567473212629141,33.73964968192672,6.492721466037175
72.44241820636881,1.9332962336184951,0.00010455459458819837,0.055650088411074126,0.5108473675434162,14.801101247021847,34.92799597465439
107.18342290915567,0.693401307992808,0.060245485177679386,0.059115829991348796,0.3938617159981579,16.820183434889287,9.892658375050983
113.11504572475482,0.9544801074668297,0.024696204418585773,0.015362771552751774,0.5956545925563183,30.573961399049583,18.42771978866714
120.69514166373992,0.5642868687635765,0.09339864925811973,0.05127001807296245,0.23729383824921507,20.88431230740295,1.8094846035121075
118.71132823417074,0.8343188776916161,0.04243991291097452,0.011218838424260443,0.5743330033353579,31.26367986610799,15.170438345342971
116.27352522557484,0.4393481492448955,0.007230021773382484,0.03558683700518395,0.27548386742132175,19.430849453422923,1.9962764009479557
129.91112706791301,1.6415026428181558,0.03573724220658198,0.03815566767515244,0.11895771375067943,29.921603009596012,0.27009867993711284
84.71413812693959,0.8752237164029417,0.09449215598398868,0.017895588401931846,0.5013377672661605,8.435593463605725,28.51742693150471
121.75646244922902,0.7726322988694463,0.017453065790229733,0.006375077139857518,0.12785997214489908,21.756462449227953,0.23814860311256733
123.22464192746091,1.3110204251172595,0.01699005148477065,0.053280117239556946,0.24587362497963616,30.178425708043797,3.048954498843735
79.57404900384446,0.7194406514734544,0.04612949326330807,0.02860308542548299,0.4631440628715485,5.61757913392086,26.60248290552111
115.5718241248409,1.072611033367077,0.06669777417127794,0.02041305945141099,0.46184791756420407,25.878323012086323,14.91190873962248
118.31380059287577,0.3960907825048916,0.0015430404806004334,0.0077986211602866905,0.48809704597385306,24.5580512225358,6.014129003897408
114.68002439853942,1.7884571882049314,0.03845593028781201,0.032333034227964276,0.531646669721805,35.512354367943225,22.27677808915916
104.49640840064576,1.3468002665354892,0.018694123576792395,0.04842539261187916,0.24143423923467114,15.486849582349032,7.6337679243306376
108.77622822287944,0.6900036595820144,0.04282912429709433,0.006964723711314443,0.28977772223810316,13.621747146202024,7.07941386429174
116.38112833970425,1.9413259934696987,0.059127607586037495,0.03935021491468964,0.3736629377489711,27.769359887178517,15.174383399060305
97.440534963299,1.5107848558139705,0.04461234160382098,0.011273254204727799,0.5515721329501315,22.317363284546996,28.903946165126982
114.58326890723086,0.8583224194920872,0.029213443279149345,0.01780169226367938,0.5240415685054497,27.716749647308283,14.208434518312563
88.35385688532209,0.6411495276766243,0.04552347020577969,0.043963464755737515,0.4944940404747771,9.400992360337884,20.902331550490334
97.02654475647773,0.5418677677033767,0.07753254606078808,0.024270082120333564,0.39402865997890624,8.704943579662915,14.112219004301211
71.08810951230912,1.5288382613035156,0.02779328256525858,0.02085631285025977,0.19858094984198976,0.680952735950907,29.61356731840413
76.7382823317691,0.446660757144953,0.043381102296650445,0.019377046187919016,0.4572722272793769,2.6418814694263326,26.499794131392427
83.90123466252112,1.0365089711309443,0.07359145452845449,0.011882776229164923,0.10183142510018196,0.03721340920803418,21.068750887043716
74.64721888112463,1.79017171978788,0.0829526666039185,0.004691354762360286,0.16004163336764618,0.16563720263149234,34.95494998671188
90.05545578259813,0.6962475916078195,0.0795266993571423,0.03345574997522199,0.22131121573207646,2.3440485576324424,14.731276535505433
86.71034826193241,0.6344564375661708,0.026163407494066232,0.05387358647500228,0.18479653089352216,1.469246725548884,13.643231618046517
77.60836539476547,0.8348922844203556,0.0937126970994575,0.02397804181869222,0.13014566307997122,0.01484933432809968,26.2638560212837
126.86108451271383,1.6888368557375288,0.0473859941917451,0.029120830270416523,0.13396730672430301,26.861084512722414,1.0512772114630256
118.72683115435187,0.27151414508319516,0.06451700968352042,0.05529017299997358,0.390971839701441,20.816226115739973,2.482386899905283
79.00902328662205,0.9694526853851587,0.0940592833121069,0.026516819777476303,0.2874163878888545,1.8464628202280449,27.075026908833873
81.94828256373985,1.0856068843223614,0.096015861798598,0.031372072390211295,0.22457379798245553,1.3300097552730636,24.03612106351909
106.85164221923912,1.5871323462662812,0.09179389601104196,0.05914695349431986,0.3955884425781795,20.178151456481135,17.526646310857764
71.26426999462397,1.924326378637185,0.03976838382790498,0.04889717077575519,0.15456194837064055,0.4865831388560138,28.735730005379708
101.1943484293165,0.907795217378012,0.039809354646583875,0.03153590332151387,0.2435406704422676,9.340940830680907,8.79888296427448
80.64840376073057,0.8700516872522237,0.027583073927471842,0.014830795873837704,0.4973382118126106,8.190066211081733,28.143167062873587
109.65175605670429,0.5096174711472412,0.013866334335647035,0.040312627599916405,0.5681214862356756,22.63211799169712,11.811386245535887
113.66481122694074,0.43702924484733985,0.07101568505205723,0.014382104637087834,0.12475016167415391,13.66481122693854,0.4335109427211809
109.48098382704694,1.996882757622045,0.05989049827414077,0.015443253415397547,0.5192504417793213,29.71804550127588,27.70107288417627
74.80453768345335,0.6382097767047542,0.036290103455294154,0.05340868647379777,0.5957951312602492,6.798248990917455,30.8303655447876
107.8601786078339,1.5406846936734278,0.08225655575274804,0.03095137717158679,0.3772433668853479,19.108603537852883,17.788227483693802
106.2160888263748,0.5225069253065896,0.051850368277167616,0.056164687626714206,0.15420869271990226,8.306992677507528,2.0186626080426677
74.78215873123081,0.9962810453030377,0.016854537136314886,0.03305073491938278,0.3945171805792437,4.720294359405792,28.547752527466475
89.5593497156043,1.6960455826436776,0.057945615759226965,0.02505105762583633,0.2963769693764938,7.844870141513542,22.10198944600698
114.92372770985577,1.5841058463719129,0.02309260275477222,0.04417564768763177,0.22657756677706314,22.38502350810331,4.998648402782616
99.51112190994212,1.6983890508105626,0.03762271238693891,0.027608763240358766,0.16474634900682766,7.321264698073052,9.156868043530157
75.0273489849126,1.0269400041894108,0.052103092388103026,0.02345812746159038,0.26536030429067714,1.3360029836487164,27.810235558705337
102.64500707382903,0.11530632611368435,0.019209982507657604,0.057401416751822545,0.4821781666676104,8.2361062905009,5.182560027640672
118.55810106010267,1.1068941547592785,0.021307314923881843,0.015109692516349079,0.388943353136213,27.68106948082746,9.985463274953643
109.56187184901965,0.3049524685213465,0.03860270804851232,0.05932956644638715,0.47411968477595823,16.530745302521158,6.491468181660743
104.85295924159642,1.9261134658566983,0.03689023819746278,0.041552532315268745,0.145687431522488,10.740177176175175,5.407988733145323
72.82792826640157,0.20734343041776152,0.06195258914678706,0.022933742051277354,0.13851623369388558,1.1711829153353746e-07,27.62721009986716
103.89470215061237,1.1283313087757696,0.03662177811283988,0.0347491755721922,0.15724238800777451,8.549461211667273,4.928302321855912
118.03351280260225,0.8469123222956207,0.08737791659597925,0.0592618328395319,0.5002698601651112,27.74106119564674,12.284194469063996
107.99227969855366,1.5939804644758933,0.09539140817302198,0.05229244411968045,0.31201868429137913,16.522013705113046,14.069623612160882
88.94292817513343,0.8018585999366757,0.09612677889392494,0.05323828169490497,0.23742621037416206,2.763043237057057,16.109587318214416
113.20955913708073,0.2483987928947767,0.008929545488106668,0.052528923717801726,0.4912078204224011,18.952287320516035,4.732757760999376
76.90786649469271,1.0713141696996318,0.04306693228299316,0.041717453456427245,0.10305766399513067,0.0192921021329975,23.09213350531344
103.57442022258039,0.7628022314372683,0.05768588552533854,0.0034856626205970725,0.420272069310048,14.689978302680993,14.792954660347124
108.4399670153266,1.389975197247212,0.0737764094240451,0.004635048506755314,0.39793795374863195,19.247531655253876,19.044328959327146
102.90673002750162,0.18604437106354352,0.017929539119858104,0.014123358949806701,0.5378959657502155,10.82974088458841,7.994882011291635
72.56071077210106,1.7011118017894482,0.05745716191451153,0.05713140302788415,0.26146639837029095,2.457984673187038,28.794234641933887
95.53237411707579,1.7820114913999816,0.07618742932809103,0.027876934453541963,0.576465288598261,22.57940467669241,33.07727213293043
70.48053635696604,0.41961548625229994,0.0026192825643318717,0.009600616598338267,0.2671073294819427,0.12063807230810189,29.53398159668152
124.79839273709487,0.5131017929055817,0.011975688113974746,0.012479825455139412,0.33149758860747974,27.19368260497311,2.477473252938578
95.64251939996495,0.315007381129553,0.09870056578846315,0.0535530489244887,0.2916474357761112,3.9077880013322335,9.43440915872723
116.11677820213147,0.7577457861857821,0.06274239503528387,0.0287142680464299,0.37557056047739645,21.68111152218348,8.050467201071193
90.99219882129421,1.6123659826825598,0.0514964379086742,0.023372003113194494,0.47045070750637163,15.937714675820155,28.03455953370703
75.98447785810791,1.7218969870218095,0.08339372671289091,0.027913827851251093,0.34468940179348234,4.4229302622296505,33.607303606905745
105.7295396900872,1.585897863811955,0.007405554647700043,0.03977402429531569,0.3080239204506293,21.129485712630057,10.980088381622464
87.2633318358767,0.5699287527566057,0.09759582859227693,0.02015562050697197,0.5029682155156057,7.219727471774954,23.306880469232627
121.66593190436599,1.513978390310995,0.032947290079559974,0.05525639146902621,0.18595118794181434,25.731627068263897,2.020072952818585
120.65008393591407,1.4333505842357592,0.06859913377675521,0.03066877645517869,0.591556466481953,37.46398573165709,22.0725733292046
95.26903017859127,0.758904964472629,0.06341600490682707,0.04217217791878349,0.5396203316404959,14.801286269066454,20.690136795892318
108.72768664361175,0.8426755771152264,0.02165367748756791,0.01473407624278874,0.3321721627863321,16.976752031951104,8.859978385583572
126.30242599752575,1.7655246439929349,0.07709877971494367,0.0421160027276411,0.13994524887091525,26.302425997531984,1.8028210640447488
111.91469814742901,1.7112581295131781,0.08671434235397042,0.058105791827056164,0.20689263979790135,15.199886183572717,7.379400730269035
123.36406998219289,1.9828202431789756,0.03920538934007112,0.03850800300376688,0.5099617217751894,41.93462188356776,19.714270380895634
73.45775126189103,1.3801623198103994,0.03421320621110062,0.03260482306364353,0.523509142163031,9.715335057667641,35.66594793105058
94.84114563903658,1.4140995168586303,0.07511527197377425,0.05942044097938623,0.564320896569199,20.779625220803155,27.234185814654232
79.04783995358947,0.286071515602251,0.0126460834340998,0.038697387338119796,0.49231900829145103,2.4756576730139326,22.83181995114711
116.87682732403273,1.2707849192803569,0.04252854819379595,0.0461409166853501,0.3422204347888598,25.578273895507365,8.89686394925595
116.31087682368175,1.4170942133960394,0.01554910591375116,0.012841938312273989,0.13261994008593223,17.414666337060506,1.574391403714958
116.48161275123303,0.6983799674955982,0.062023889306309116,0.0338116029448743,0.16509862703654848,16.56279044949187,1.2853604879133576
95.60720755567257,1.2089876063749596,0.09736444276083236,0.022867046919901463,0.11729824746873896,1.2618580159626176,13.175621199847308
112.09341439236294,1.7364907607056974,0.06591495766326111,0.04179623080542215,0.12626975761422576,12.581494599613135,3.504112103224616
95.05445076348411,1.2544039296017406,0.013105263005800286,0.038316393120940415,0.5278555420278469,21.06350222761563,23.343868383776535
71.62589020512567,0.9110207517397158,0.018828064892786732,0.004140337369306519,0.318171005972565,1.6003774950631429,30.806306269073875
93.28134812450958,1.3315086939858423,0.009633534695969326,0.04358083109548443,0.5309911736328984,21.32087175719242,24.278464911446516
119.9222996294672,1.268729046302428,0.0010496040612079506,0.023080023642984494,0.21042710344283183,25.277984504308908,2.6893840509870044
117.43810544906802,1.7212549450624344,0.07406496656240266,0.05169601524401948,0.40864281183331264,28.853999016311118,15.301715121607288
107.6426644657262,0.10134658504930462,0.012030263062216795,0.036215334442744156,0.38190270186615827,9.911069945451947,2.0383878255611134
111.07744109830367,1.841999216769424,0.007793214267416733,0.035196577694359264,0.3162295922969319,26.25190263636648,10.872218418746264
84.23950137360649,0.12985022155337533,0.03908615460599466,0.021647946042743123,0.558798564232067,1.9753783044026396,17.878866745677065
79.68612503187545,1.386418430541895,0.03901008186099597,0.003659741067580065,0.15059232129066724,0.4163257626916404,24.396938003455308
72.16223417413359,1.3333850368931397,0.021131586567720816,0.03295029303828179,0.5318777708129142,9.654369382964774,35.86693599932066
71.06594601266843,1.5965354211547047,0.029074458207864275,0.01154830647091561,0.5654930764640136,11.004632361827271,41.26325692785317
101.10639444185247,0.6993590874581272,0.08152282656578078,0.0391158595892676,0.4354990015822542,13.464966652588624,14.852364724014407
127.17312449656939,0.8108590014119517,0.08142735834313966,0.035769046009547244,0.46420242998047967,32.44870046145561,8.978967826214742
118.51868529318934,1.9719862742099914,0.0747974184932514,0.05434684225398094,0.37516816955291044,28.891554025853726,14.497178882760315
115.78574730065372,1.1518899073315827,0.04743462605676715,0.05937288228792544,0.4791110126121456,30.023653636311344,13.69141949405653
80.78727743411565,1.0280281283565427,0.05022765681189059,0.024336142701284365,0.46756176669545424,8.054476771568577,28.75711630413384
117.62678728456899,1.1618542096499642,0.08695683927847493,0.00979459796781281,0.44351965270677485,25.608389283441568,15.877701942940321
89.08429175685157,1.079087346143601,0.022276322403567722,0.031233472873717433,0.10449758378917944,0.8672749595107244,11.136713972674933
108.38302654284308,0.8169205028393675,0.030672306870860696,0.004461802990906628,0.5806819105744132,24.713968578312585,18.35644897783612
118.10853024396083,0.11283605068700645,0.024271840695066958,0.02821772670334517,0.5302657740707107,19.91772756716533,1.8073017822350939
124.33259010271577,0.9606379611157293,0.06367036468894316,0.02242242911752758,0.4069104954507867,29.5993937845218,9.075859321339959
73.67446851994023,1.0313817308129969,0.007268392692067961,0.021358866249177145,0.573086518215074,9.532085189918119,34.58186924384045
114.28292278549762,1.7731719433899786,0.023259321996992925,0.020452321716062007,0.29378401220803474,23.769972443443386,10.258681275947207
107.43724690338735,0.11667639784727521,0.09256510507681034,0.018803712105066536,0.18104066970633576,7.4791275354992575,0.5097459304029763
98.887499689238,1.4939465280647573,0.07311655262388338,0.027459760979843553,0.4119663962073994,15.871323457777764,22.24809504257249
95.93364615406107,0.2594302955223099,0.08656592180249996,0.03867782472103332,0.5475668291699085,8.38500509682138,13.490864702871285
71.9507167815732,1.833281293379232,0.05474754755253184,0.03379770788181838,0.5607165721049482,11.930811747375587,41.063476911472925
99.36556929220181,0.1793664591725685,0.049556066395601985,0.02062389547873186,0.5359486030392702,8.431385672794889,9.536800975136218
96.21885350325748,1.6312906110789647,0.0061414351896402685,0.04948302840962361,0.5293927956209962,26.347992814685743,24.346931170113837
119.53749887516976,0.27029370845124107,0.05820102617489327,0.04791008393240675,0.1269746838780316,19.537498875174293,0.008512286152058597
96.89752236305596,0.1819168715761072,0.012778510748479464,0.010879716585833202,0.4768012535301507,6.493317334559971,9.621552510649133
96.82943865190897,0.3784287125056226,0.09773063787124048,0.0047854255369409755,0.1507070103758712,1.3874991271082953,7.726387110189204
82.34653316769611,0.9946731726671818,0.01208289686910654,0.0549068759676324,0.4983927864216626,11.39584699692164,25.644501666687237
92.41232481361332,1.0556249598436456,0.0829332671690633,0.0011185963693630876,0.596669711385298,16.17160183985713,30.598356098403208
97.12870864305987,1.1476124173388875,0.02713984645300546,0.03575918228067429,0.4754027175700696,18.275635452624535,20.28544495960581
112.46195417023955,1.2529332262749326,0.041066218947722444,0.01954847202795198,0.40241622540806954,23.823943731596625,13.953369236226909
100.92827916845593,1.6584816948384615,0.00791324958737025,0.02910758549634848,0.26034441201211933,15.251755935317664,11.298085862211916
127.26243151283063,0.8683003076363577,0.033496511149983955,0.043823619906525425,0.3968157761451342,33.46914672990442,5.992621463842866
113.7827065830893,1.854552827768504,0.058006063265346776,0.016282715589607383,0.49814523459805693,30.90417766816506,23.94515291308596
75.10231405770142,1.4240400292588637,0.09934411176058028,0.020737480710317346,0.10143333965939258,0.0015522509197070417,31.89643731687883
81.81001082597115,0.5247432345494915,0.07135025776295138,0.01263165418669776,0.1295005418176594,0.01917319675494564,20.553990126084756
110.4164692578158,1.1006635279542478,0.08107626916607909,0.0545355990196622,0.4502902878894339,22.7522333684123,15.080573493060678
105.08734571709697,0.9857583945091752,0.017749446697102426,0.037104318301525524,0.586048599164435,26.460776077021794,19.821235539740627
100.1034388967147,1.7497440217396023,0.001133290513086675,0.021294205075412888,0.567093941402624,30.497900928343448,27.33352602160168
90.45731562538045,1.837237692165078,0.031212670901752556,0.01701274509131339,0.5305739753200933,20.588069260026543,31.848260177747914
80.6816370664768,0.9705707948873525,0.034134137404739175,0.027721149547349243,0.23002703009239664,1.7302762968717444,21.11457157997196
85.48978513835098,0.9934947227999037,0.03238852195575447,0.02857826594330305,0.3597448744925352,6.883252264928414,21.388645195142487
122.53916571365178,0.6106335637706861,0.01825935627338722,0.017464762386078057,0.3098313451938021,25.30719961924695,2.9714015051200926
82.42270698816523,0.3633291237060927,0.05392309811373036,0.00616649530828578,0.4228385385802662,2.6407611361859678,21.563116476505503
99.67805110292989,0.40524577773862835,0.08603510163986705,0.02271342485096302,0.1750982913513336,3.3219082785550063,5.897464250119389
111.84818706149889,1.3435774908359543,0.034760521537007885,0.04123382221426058,0.26856547244946855,19.60012541555727,7.409649708768065
92.56444818023274,0.2918441424174557,0.04627427408699039,0.00395099008783282,0.33188999188558377,3.4241990423342705,11.94331152108552
95.58116191446173,1.8993252319047536,0.09280015680218777,0.057555422187241155,0.19038267832146613,5.595600849383195,14.431963633547051
70.32545271842312,1.8232326150667189,0.030443730855449394,0.054019230955828466,0.5935691774317312,14.169008776668619,40.086904119567585
81.8480357020624,1.8005021797323002,0.09827161052140818,0.05177509234622575,0.21916189355562846,2.286756106432757,24.61435312969504
119.9715572258409,1.2266950182450551,0.014406366243305373,0.015832622161564527,0.1090088837720847,20.26711610467174,0.3614397807571031
117.84751237792594,1.2515764044083046,0.0805678061445086,0.0339665119380265,0.25189774197214093,19.852058884026572,6.771380380412927
84.52952207285743,1.5070887631327072,0.04417952987226917,0.00554217069346561,0.26822589342728553,4.432591437981498,24.307318275330406
77.78451931537504,1.118627867323274,0.058182888273857196,0.057450188753113814,0.23397542931029613,1.649244099165304,23.250376189250357
121.0893704356994,1.6316634372257488,0.010773220081633167,0.056931100887073295,0.20202828719875163,29.940010991572898,2.272234047591832
79.28797148105782,1.7626387677534971,0.005234385765714663,0.038168825698208564,0.5779024684700503,18.859374526768324,35.00148077066578
71.44784469038764,0.6467844432194227,0.0994129339611743,0.0043165279822659705,0.5429852009010299,3.5772551314479055,36.18629217994294
129.9200929821052,0.5738986876439027,0.09507447683310227,0.029881948802095732,0.19418722789686185,29.92009298210425,0.446121801734256
111.26852657781279,0.2252353016729773,0.06796658605776411,0.030591198067180938,0.14835481638108688,11.268526577812224,0.27052440293494406
118.87983987350228,1.176485284132192,0.039716901609794436,0.04943204173153627,0.21659140718780676,22.254843427724023,3.0368982613945437
90.33375809579755,0.5125184847008033,0.07862566504120644,0.055124389682654144,0.3711324810781581,5.443203514124962,15.838220268320311
105.49221868834854,0.20467036248891962,0.06325601743549182,0.017307176637502003,0.2580119057837653,7.493706311459902,2.831481918015246
77.73512754462188,1.0762484859153836,0.06943660564885586,0.007646579478502761,0.5164438521430981,7.844052798896833,34.61517996555036
128.69757388637083,0.37374546035626377,0.05722183736185221,0.04025429081076835,0.3762700772875964,29.82032610459395,1.8606628989204577
100.1557444526795,1.4123108199850607,0.09442674277532664,0.02690337266363414,0.21580365972636328,6.8492079229843235,14.309252029353006
111.75752752155714,0.4358919721197214,0.08691889029762906,0.04252781815974728,0.3511552071855788,15.465853650936086,5.507655976696638
71.38893711945373,0.6268950673988933,0.08847894444297824,0.018872941594341226,0.4753160649614534,2.5392780541886713,33.764477382311426
129.76976489076696,0.10715661191832757,0.00044071106629389007,0.04631011729650877,0.43871360717376773,30.46399579076991,0.20595159580985553
102.30810681895574,1.8502670894116489,0.07111271668491091,0.028951874016993305,0.5848941149263983,27.635279495718695,31.251191276406903
127.39668255108526,1.496932528629782,0.03230552980777359,0.0588048213257764,0.44864756975109266,41.013336240743136,11.31331814113712
101.3514930117296,0.9500494288109806,0.054140665688389336,0.041052821966668165,0.20491984214863493,7.909466599108078,7.6131445018285335
83.46320757755777,1.434799120073712,0.07879142743272499,0.05982480006421944,0.3018080594649766,5.394863893343634,22.784520345144315
87.9056026929814,1.7585596222360762,0.09684691635097471,0.004266165978889568,0.5040697754694518,13.556070381099428,37.28070225654183
82.64486741076425,1.7373920901633941,0.05236189894657698,0.01110887350864431,0.25064888845276423,3.653530866988236,26.05570325125864
77.85048571274558,1.9212500622545676,0.027238285831750204,0.0005805181802648337,0.5989385094719403,16.979184635880397,42.683322243450185
83.59621778597347,1.0875591835147498,0.034403180939496646,0.058375394576400466,0.21987286325719904,2.9970674787006035,17.49546861988347
129.43844356716903,1.5229729871769047,0.061393849490604314,0.0158582982371581,0.3957493498305761,35.14290781299547,12.151279375156705
116.7430565860682,1.342220745439899,0.03946350771774549,0.05571900888499354,0.5531899911434515,35.821418372298915,17.91928365022268
115.08466618917188,0.7279575204801952,0.04616172963294787,1.2627767212809528e-05,0.4636463900441662,23.447518415542994,11.518212441354752
122.99387598496787,0.7949803827283353,0.08088866045505677,0.03554243859551087,0.5144219349772606,30.88337477302194,11.514158441077132
107.72529608537707,1.7533060617829752,0.09860051685284578,0.058889825557250725,0.5617159402683308,28.637862821194144,26.364852975618724
77.0867053456614,1.4835416633677787,0.07347987987888961,0.0528826126708853,0.1835082642071579,0.8384765686064426,24.3695031315004
112.1344685190435,0.9809477430193411,0.05260993086752053,0.04294274561588514,0.1630600910762851,13.669202152769072,2.5306314152428455
106.32802581699772,0.8207816109382664,0.08371673862004951,0.02117161521960456,0.10774769350078417,6.3742990794257794,3.3691169352320482
75.76254886028781,1.9646512569371297,0.07262843160921943,0.001856833872565441,0.3029442362571986,3.2587675674485284,36.87395413521994
128.32100149190305,1.6348769778805758,0.0009516842521032472,0.016128168199807787,0.3555195948317962,39.13024517771379,8.496936153205425
78.59155225119883,0.38096065017998837,0.09414290026660656,0.05861956974053006,0.2543032876726539,0.30201446201798543,22.270069472126654
129.45131922108948,1.5031497833331138,0.04847490701661661,0.043947617128558804,0.5485999097233033,44.554307595394036,16.839886376330824
76.19660566225781,1.9854187272269257,0.014569950827478782,0.03756994751421587,0.323178465804269,7.408879272205602,27.763746775779744
73.06624736124303,0.22253523710686493,0.09351479021696868,0.003602886083926887,0.4609449737993041,0.5008042459603231,28.85319101597941
103.84047294301772,1.36625256869009,0.06659410731763885,0.034070052384768484,0.19798052854014847,9.244196025639553,9.08977649978136
97.72839880923344,1.7966840996441145,0.06037753422540888,0.03837351801581474,0.20078978449134988,7.623913681908488,12.792002572127423
82.2024051164309,0.740982403345452,0.036821287748288974,0.011367287362910232,0.16740252496655494,0.3911711316614819,19.554751660491927
120.22034785869201,0.517107686168491,0.09066144939948778,0.013969679156673987,0.19267938899760256,20.22034785869363,1.1312837405841945
123.67660100987496,1.4466742533395172,0.05460446799822338,0.03411095244440791,0.14949172960413026,23.676601009869685,1.5088930995230256
76.84288567098147,1.6390503803942709,0.040524807841043176,0.03898603983097779,0.2127672851196164,1.9567921722890764,24.530895079682917
120.27113766002455,0.8798552905370629,0.07726511392933302,0.04939385913276275,0.5271458901685274,30.656204134549505,13.07052022353629
113.29387639734783,1.8585780450139453,0.033414775968614786,0.05162338874345045,0.3779088364279196,29.01397181297461,13.618652004794411
75.9593767719983,0.6748049355536669,0.03391250747918653,0.012552871725740782,0.5626599518428345,6.361049327449547,31.238542981281757
107.1137020956534,1.4722229405654812,0.09615802763890184,0.042962572654424075,0.10740061056953423,7.22579187024417,5.314893619043907
115.53728975532636,1.065025761959842,0.017229061878738326,0.006957536197563432,0.2771897050341964,20.72362279047117,6.287731807063667
88.66438965484211,0.41105810250814034,0.09704801160544035,0.005292566782095046,0.3440530185109004,2.9346273173905715,17.403261301486847
75.44925932029604,0.1929381806786649,0.04269744368004447,0.04527875663279968,0.5214256886671027,1.041259872188539,25.43986042798493
118.33820068241687,1.895790394669159,0.07271147719740977,0.01900257572854121,0.1317918792516276,18.338200682417153,4.372218933481475
79.1409635026137,1.6356801657963695,0.019039083845000956,0.0051411927090718795,0.36256989691443076,7.326909477763333,29.694595771711555
127.14240586797632,1.643198249838912,0.04099733720499424,0.04740819890370815,0.4805723401530462,41.532815185828774,14.65175775225483
98.7326976082627,1.5723192146014051,0.014623158130057247,0.028855674843349763,0.46234696605397685,22.39725620826293,21.805225698465193
71.85966623349218,0.8856723957870138,0.06701963671125104,0.030070549296908864,0.4442388980536044,3.633969434448659,33.245270979514856
123.90303931607372,1.5740482492880798,0.08457555046007136,0.035704361575442864,0.2811320451463539,25.92692049402314,8.299961466854691
96.3112043982906,1.417581230303223,0.07157083090954856,0.00153175023553267,0.13663951917291972,2.2664956440291446,14.454512650670361
122.22120138423503,1.8036309219259088,0.0854882726672123,0.006546251596920117,0.5463502490619647,36.00664829043131,26.268147493648268
123.10703503141593,1.539485845862511,0.0870495074949537,0.03545519549484211,0.41351098588328894,30.559709650821958,14.628539785011954
125.94517486953978,1.0814086601578319,0.01939256524373524,0.010755204834641733,0.3020003199941648,29.762436091707258,4.882178992388155
113.9435075709257,0.48633088903669375,0.0742698047472916,0.01935920080303081,0.42952713795814845,19.21781704251935,7.752450837925638
109.61130089656118,1.1641081742904626,0.024085807580571196,0.045021454969804,0.304341852653672,19.79529850810332,8.29515969994755
126.55842722467867,0.39388326987678524,0.023343373896552774,0.04828284279931495,0.2352484091919675,27.611581014033398,0.33034066802115025
128.83430167710864,0.46649313397946124,0.0500322760374676,0.034659073281570224,0.21669179360717228,28.83430167711184,0.32781857925236124
70.45519676373387,1.5512059858088676,0.0815733288962388,0.008194660166596326,0.20160256198657478,0.2757869016351196,36.902473618505056
118.67426599719161,0.3523069643011323,0.010153008435468527,0.009138786199295567,0.2942085440554575,20.241863091631526,1.6426901597574521
87.77326022838703,1.3263703198929189,0.011074584452288554,0.007218119350871747,0.3480600382927268,9.31443505111003,21.850914826542528
118.2195477618635,1.0797989285536953,0.06740897120962519,0.057984545042549414,0.5482013624403198,32.5265914659209,15.85598424570179
92.9078035461886,1.3356096444774934,0.05716367666442071,0.04037358155418758,0.4145231658966302,13.460158768433713,21.944554782544564
128.15128650832466,1.302235333387609,0.037310266608850805,0.02560308226320639,0.22926421555565785,29.43820124200393,2.8918213468576517
124.25759770095056,1.4495869542148627,0.006278090143471533,0.05875444594452997,0.5366966876090276,45.52455383268086,14.782676723372493
79.89874287311312,0.25505759478037515,0.05323265558044682,0.02239855900372655,0.24950096977939779,0.14321746830563856,20.75134227090949
72.78945801349292,0.49096592830485475,0.07522339322672086,0.025020092114821035,0.40363559392911086,1.3046227074572554,29.914056561326568
119.79707834900952,1.7337648335855511,0.05538727432356186,0.041655667969721144,0.3726073951786515,29.746347642004647,12.722230424658795
88.284731223069,0.160534303163223,0.016660591236971577,0.016804970159345612,0.25723489080797446,0.5314817151467834,12.224157793441771
127.54298309480666,1.9721852332469176,0.017803708718722815,0.044891403324429396,0.49164368701608907,47.42315613209882,16.182398757489445
92.85626639498355,1.2944805012822798,0.057603538918105074,0.022355759900299203,0.5735346775656366,18.893800030299147,29.34015090256291
98.02737853016389,1.9757690110645871,0.06502034677925009,0.00966904606542559,0.34755171139895824,13.73470254488051,24.3423143091543
72.31638564493194,1.1811025744255472,0.045189455475756535,0.00586271638305682,0.3876188859259656,3.661613099930399,34.32635644739137
115.441846004402,1.4209496887912836,0.012965207523076625,0.04319212080698724,0.5893078793988424,39.0900031511483,20.22768885182923
77.07190765524632,1.864397286130639,0.06539070684112527,0.00930026063368947,0.30744939482631417,3.8971044561837616,33.65689042265101
86.67650640739713,0.5579747097430546,0.04236125019847645,0.03663063097295156,0.4002093071961613,5.474425951949248,18.845001853083577
90.75712660521066,0.2770545006317047,0.022568883138272072,0.02604038231284298,0.454667911645687,5.194924279175268,14.312534685517784
118.24081513275502,1.9475307572440195,0.08359462130810569,0.005627057062510027,0.2662540952082097,20.38773236302233,13.921629107598555
128.87943493700362,0.45074603742696806,0.00783645387099673,0.028546413501447827,0.42593988209278855,32.799614673470074,3.1108542537035055
94.69135600117365,1.5270809869118642,0.050409875476283575,0.03659036091358947,0.23548720216997113,7.690753852345794,14.390947286236992
119.35263443131404,1.2786392858859112,0.0024565022327347743,0.03607353685502514,0.447795925540986,35.11848332184423,11.888001066715216
76.78944855831297,1.1105816681796854,0.07807134878332433,0.031758279869970395,0.36747828396243476,3.841778161875893,29.831249056637095
118.13806944632667,0.9065492287590894,0.004969815216992479,0.054116490488676686,0.5347595766180254,34.34834279336665,12.235469475142585
75.31113211406493,1.902221711877553,0.03097900810144817,0.05664390520318947,0.2750678444505722,4.908859931904662,26.192373625581386
74.00212430835465,1.5469741810283582,0.05275580523259787,0.05358079876002295,0.4800316045588777,9.242755300277782,34.00722663697054
93.21956491402919,1.082483590576993,0.08402397499933882,0.0022581544202639613,0.25462532672823,4.643659146320671,18.74498359441605
103.0242909834435,0.7709364544792802,0.03541021108166593,0.04610484629772108,0.5793928149224536,21.757328427405767,18.106790105041256
84.38230441624395,1.6545122326196355,0.07132431453809926,0.050163013991213666,0.40983981336973374,10.49491356311487,27.55202361543207
92.06960807017495,0.5734274464986047,0.07084899484742833,0.012025331033083283,0.45442749348910816,8.29870203438453,18.994915458197983
78.04201587828396,0.9262858859218435,0.04116352224860373,0.05894205608767931,0.4530572685109875,6.855351418746354,27.16341968470588
100.72601371190216,0.45936215227905175,0.032536438650089775,0.04754419538547175,0.36606664064360284,10.445154476976509,9.128532037263215
80.00132720487672,0.3549753664055829,0.04405589661823659,0.04329655452179303,0.37062707429230146,1.5794860949620713,21.409235382500185
126.68843431840524,0.40997700077975974,0.015353652345129332,0.009883596413034792,0.5116063300497766,31.45118355874705,5.069939944274181
116.34428568645595,0.12198031620177349,0.08063868942714603,0.033913007242335015,0.20799030946194375,16.34428568646294,0.06483735146713086
112.94373607425192,0.3132443352329962,0.0756950677194565,0.03707375035040957,0.37418310218537754,15.947430004182035,4.157480024462171
121.62522115815275,1.243452676957095,0.0818847152504093,0.05834761391879891,0.20548661934922233,22.2908340179461,3.1529920238392513
126.4030710585892,0.5274502504224787,0.05429219847265596,0.002517070160553298,0.2512739552854194,26.40429431981272,1.2918623820580941
124.59596195202808,1.7241645702654158,0.07181093859460554,0.056272541788272214,0.591926909416359,43.059076330831026,21.953406783154932
99.18707170842029,0.1562513016851918,0.07589188025374667,0.006692529841658341,0.12003160241459551,1.1542278936655797,2.9597829781289176
123.26819839438014,1.6786989052803383,0.057362685143614825,0.0437877665103835,0.37303086160446874,31.958643410491533,11.52742436031138
76.71618066352163,0.5664981320326794,0.01021814175246516,0.012163386938892401,0.2401604731358829,0.502732859103031,23.649333524661806
100.66713510647124,1.649351528484844,0.045881945981211175,0.03369998737542322,0.5897440475414554,27.744708664908597,28.639813474036167
70.38928497591691,1.5001866253148222,0.07620898776968081,0.04946728061981534,0.4051721500058564,4.716025939729767,35.14862738008794
95.32195820583308,0.8387222650001691,0.009740864065311298,0.042504590117564384,0.5760011649134551,18.9150839284623,21.221211171411976
127.51389737581265,0.9657428905945926,0.04930138177451359,0.04644806271236799,0.5743637940758283,39.82554922357317,13.323926535041005
117.69075442492368,1.2696060327675684,0.013304838053943432,0.04737958696331697,0.2678302332289251,26.161311181374497,4.780902456155221
94.79918526105263,0.19056280864721828,0.09074293527998839,0.03853162903955431,0.16240143045929167,0.7112606486680503,6.7866149812861005
79.62438060040927,0.5527966338999102,0.02399776776206686,0.04302468008231322,0.46984186131836914,4.938455659162515,24.345951713087473
72.70979164401604,0.3178270947599452,0.07528730612608142,0.014942596489966046,0.4401947739356292,0.8369090182849507,29.36338512242457
74.11000052983886,1.9955187481612693,0.09343746488124861,0.05422104062107883,0.25547304288385453,2.1881021121457054,30.55018913562984
111.47974701411042,1.5567835851888512,0.08926192750687033,0.02154196301010736,0.17626420904158688,12.173246060226207,8.324262683026804
73.53904870522521,0.14017837519552362,0.018409332900129163,0.003864145606641503,0.11178708148141053,2.5961530324147546e-14,26.59632850420745
103.55004481087408,1.6757087522093743,0.03777305636429245,0.013338540540417668,0.14018015094957942,7.428806830550201,7.346168839928765
82.08151942544724,1.7191713370464619,0.050600288679958305,0.04278819759638744,0.11740364890679762,0.5142894493717549,18.478437000116475
114.61777766129813,1.9396917702176986,0.07893427645330385,0.016933840512009954,0.2530337277025544,17.927583343346075,12.869016781310016
115.05096999061124,0.5913053109124821,0.0014200384193118459,0.01018062737645258,0.2343604006690059,17.83807344874938,2.291835802717853
115.72772662211239,0.7370014293956975,0.04472440562375643,0.03199721555992805,0.4448355850417518,24.34968182995869,9.72128617674367
85.9167691296317,0.3752166741070053,0.01982984276123664,0.04712656459929787,0.4042400680704429,3.987186410538655,17.196760861032047
90.81923436863356,0.32785119239784666,0.06900769266648997,0.02051299980150841,0.5676325459162166,7.665608102707102,18.124695081765665
73.59179797605907,1.2858454401142843,0.09252627903148769,0.015655422900206474,0.37875127289979493,3.3599776331973934,35.807223342574815
123.4499567535807,0.7748925895436297,0.0795958917334415,0.0013820477446491112,0.3692658382182519,25.732662168696535,7.298985955554043
70.05202916763945,0.4263481891204365,0.03643670973726446,0.05547546060267593,0.11847748323781727,4.3171277494116575e-06,29.947970832351004
121.07257903241472,1.050406618162841,0.09439525541183015,0.035480964216308745,0.2347718243404714,21.408873138200487,4.595134293799796
79.95273081728752,1.5085154801157483,0.09897770247385299,0.01507388746943791,0.41659386288896016,6.6297070912816265,34.93086770905592
88.12508998966248,0.2563026074306023,0.05618823615646473,0.0370177336239725,0.3605814064488584,2.34577659806069,14.526059352274372
98.44095196542568,0.5939585075083326,0.011217845438522146,0.04032908011895234,0.5873109457453475,17.57583910190679,17.60879459865797
92.83312522543075,1.368713211565135,0.07254212301156474,0.044578520002463255,0.3897815643833309,12.02045386412784,21.66166802057107
108.20867948658173,0.4143510444681058,0.010568247697127754,0.045139648274449065,0.5697606647143041,20.25084774260532,10.753334288195084
109.26946630565058,0.12678431300060367,0.005065280878368278,0.027392169135911613,0.38239993335232114,11.671838315641859,2.1312034001130895
103.3063896715243,1.5438102117452563,0.017987549682952575,0.029018769743922555,0.35905127282355165,19.875679567574995,15.22208568871316
114.19717397136915,0.7928280575151087,0.0659689887909442,0.004481752503397855,0.4889069967321953,23.592405002991214,13.88341251559619
104.72163317843732,1.0526756038429859,0.08871445766157418,0.040527322077429755,0.5224380442324771,20.961720252258427,20.448380455792112
82.81952710444381,1.5244643062188126,0.00047896648293830295,0.0208082768226922,0.4234143545546858,12.278261257339768,26.921880264394773
100.44006976195139,0.7935272175494742,0.013212871801478674,0.02444550086532066,0.16459613247284877,6.452183102541161,5.217709248816981
119.03831734231788,1.5536206520238947,0.014876217554370883,0.04998843586875222,0.3094333299486442,30.54649631210669,7.049307439797612
92.55970607443743,1.6524832050523945,0.06762563222034945,0.0407948097123971,0.5103677976959509,18.424178277556756,28.640701608140382
119.87374904091531,1.716380928176328,0.07611890737942115,0.052040228853043366,0.19013175042890149,20.836356547057953,4.36920609205958
107.55662620422245,0.7763173155029937,0.07846167188691605,0.055776404290108356,0.34539680693255753,15.291952886606676,9.401672686020461
102.70388149032918,1.0253698747049096,0.011694047486422358,0.012338678375808544,0.2954373127556329,13.349907186534734,10.611973084597087
71.54112857119348,0.5259624431322522,0.05526684595049689,0.049585988086310054,0.33399592817902823,0.7372867204856888,28.979690153735593
100.59497499817793,0.8504322153656831,0.008777049480857025,0.0249224006962518,0.18779085130329753,7.840078848987418,6.014826660258102
83.25918579256138,0.5967891499650554,0.07091609400859673,0.023527210458388702,0.19466564629837863,0.4985814033807469,19.27818983147432
83.37521290551457,1.7429493076086755,0.04681414266986442,0.0402058546323141,0.3192010151016095,7.584565146716826,24.256011274594705
112.287030442156,0.3893689465576283,0.061825430650899786,0.038077643386426566,0.34859948276760855,15.879077188224349,4.52789859327995
112.17796142337946,0.7687255186600901,0.05088390354622749,0.0064463977196591235,0.31769321254623506,16.899477319861905,7.7790277646976245
87.43592926163281,0.656143021019171,0.04086215866615805,0.05558103775136289,0.46905324965979067,8.7642723616353,20.34880622284746
86.23718755445742,1.9328435739742138,0.017398336818752892,0.04625954919042256,0.4373961344184678,17.094353013865508,26.40941327226832
73.99490293315709,0.18470882701149927,0.07142876354299668,0.013950628175967521,0.5424232620882851,0.8370308896794835,27.549998097947995
86.88201458447293,1.5328963576849728,0.04654152164224141,0.02289921655769713,0.27438922689859413,5.906694735705464,21.368744638125623
76.27268387264053,1.2817134260054988,0.09968960312599169,0.017397921899849678,0.23036917286028677,0.7858257541875326,31.371438097350868
82.4923378341157,1.2641272124144822,0.034379074222912455,0.013580553667631935,0.4857527698783183,11.045975127256725,30.216272430530264
101.51028884058157,1.0746469914945251,0.02968936884833297,0.03532084765382212,0.2687517655685859,11.877300583387493,9.900401276355037
71.51527476598883,0.9873312442949144,0.05656074861446736,0.019674135074285424,0.12185601131433965,0.0030281683375362176,30.448149245462417
88.82863976734657,0.6141161517798015,0.09796586387110244,0.003033374676759506,0.4141364875304714,5.713611255187373,21.6024740463248
80.23321212271033,1.9446167797634364,0.06045365055846469,0.018644148595968954,0.19565793021448374,1.6707360564214628,26.633150579680144
110.89912010451818,1.157261200629877,0.0295849948982817,0.0507011358888334,0.5077193268212252,28.77237985871894,16.128316140077477
118.88338891177894,0.6886158850836793,0.03652305042519366,0.020771194382097343,0.165806000424848,19.0209587472908,0.8606832120183922
82.95195935405289,1.2301702920017559,0.0866320713043172,0.029173864192019706,0.2318802203220122,1.9592675697253694,23.71200832935744
93.94243609754791,1.325904900008725,0.028149565608823642,0.051673719547033925,0.12407389913508299,3.9213407180509168,7.594813151525672
98.32807968580462,0.9895209721121968,0.08879870514746274,0.001269074671495733,0.1488438874190694,2.6829215012019523,11.824724349177478
128.21617822485132,0.5586356520074659,0.07230829293519143,0.02676499906724904,0.2596121902372877,28.222269616829273,1.323466605372733
109.94514878049965,1.8479337761196264,0.06048383404726296,0.05419397388970268,0.37658099332811723,24.189830928498864,15.689124362240497
78.60899066991227,0.5540560254912645,0.07006573515203877,0.0506799105918101,0.30416311312275335,1.312139933166175,22.979935885529436
105.54780177945003,1.6704382721684061,0.012825760404152259,0.0431108625411313,0.32213593095010506,21.81805332935147,12.064685845815731
94.90482936197655,0.2606301214576182,0.03212412635080875,0.035150525575874905,0.42265672263066234,6.051436086528954,11.046671765656493
116.98767492151855,0.6637908573924364,0.09121124252494113,0.014505119849731213,0.4958080554604728,24.097166607481707,11.766591720622502
73.61730557763944,0.5954835991170213,0.011050913993232202,0.007148144500448279,0.5842327381887514,5.569745186799113,32.020690621317065
101.91836520040914,0.2845347287065004,0.06267480574822747,0.04360352049409714,0.33696345488474383,7.887442747435039,6.467967706171621
90.58167765833527,1.706916958057989,0.08783404272022512,0.05061781121903765,0.38365991374666075,11.531651817562828,24.69894487854191
97.16631031008316,0.6206333588406471,0.0896897730125331,0.045653581910460254,0.15315734004738976,2.566022825344107,7.681489999035936
76.42662906353142,1.1055446280893726,0.0494943957771536,0.032478202343859626,0.28539183247743605,2.278132098716283,26.446984387134854
89.90316353202118,0.8328746446493949,0.019911521942768275,0.052161225844452055,0.11827502768240977,1.3309048260327188,10.111472842208189
102.993947687141,0.1998569934313763,0.07962276483447661,0.009800324187250815,0.2789215082765327,6.008166198160062,4.2579914030793296
70.7237753041173,0.9533804190250029,0.026756806671991647,0.04607838004192266,0.2508347820084746,0.8287445637904088,29.28763581263911
119.05381720134883,1.091120661615518,0.011184144307674547,0.027566860122069284,0.26334328782958727,24.754338029468467,4.23844430681916
81.26163215617231,1.769927835597427,0.0699473057821103,0.050230340437575134,0.4210451832060237,10.149616993027264,30.020507903759622
110.62879196378759,0.10408394764888071,0.0929258600511716,0.051948464531863435,0.4714887933553533,12.732301296674988,2.5220098183570205
75.57900311617183,0.662589453832984,0.017666924849490763,0.026675711566165595,0.5239095372890583,5.679629145951937,29.452145516278893
121.90569607159108,1.638393370016774,0.09303373935045639,0.059045752197474065,0.38840981356573834,29.618569939547676,13.080198667772107
93.27924593683848,1.8106903057699282,0.04882546174411706,0.002941584176516279,0.4736231182479914,17.523966287577174,30.788451786009492
115.42410103665237,0.497211902786169,0.061520818938503356,0.008289747715421162,0.4278928664399525,20.416081628630053,7.439509886844217
129.61644050837725,0.7314134084374522,0.0748748381947189,0.05159511940272549,0.4159619123305822,33.2100286610139,5.6591864055559045
101.02798721323508,1.9095204610403738,0.07758009718341653,0.02656947251670419,0.17691824471896356,6.748317787545842,13.385004653818916
87.9966090102891,1.8778758535741469,0.0528817747141241,0.008805977522256531,0.22775555171721223,4.475555857668913,22.77440594023142
98.61768453286001,1.2454160238444512,0.030621240697646407,0.013030625334700199,0.31414974703593224,12.024556260259697,15.254124761681085
117.32917562669445,1.3396649804949583,0.012689735123552204,0.008700740782899247,0.25916561371635166,22.844290714789917,6.156747094818223
94.15639779848871,0.31195612492394653,0.07560895419764303,0.010074342748478965,0.5448779647792612,8.253488660690389,15.85253852791561
104.99805330180637,1.6288291329444298,0.08940068943355522,0.011140261139667745,0.3792148269937883,16.647044613658313,22.019931213229018
88.74900491693501,0.7447586506497363,0.07504984994763189,0.03145097166417049,0.2469054139680647,2.79973534525013,16.449965440165773
106.75718041978573,1.232801182954944,0.05733322461015801,0.004852970059537577,0.3305832078003367,15.564223741804177,14.445802123738245
126.61015583071713,0.27762498312135586,0.049818392850745505,0.030519020662341294,0.5057654211267855,29.12676207429303,3.152934241323455
85.84039417543777,0.5012260078665342,0.02144838409518498,0.057927458938016776,0.5462798677316479,8.674059748204549,21.255291014109083
120.81357665297982,0.7843102999218325,0.03833085595587871,0.05133784951622939,0.26414137424715467,23.96451905634717,2.7397704250249957
99.62786228410432,1.9912899634187633,0.08712248335204668,0.04734543221161976,0.4377171104376175,19.34771895860131,25.207971711077402
91.27237428973577,1.1338262594273183,0.08079472872150881,0.014660430837312402,0.42097488977918474,10.239588182491437,24.716063563067113
76.05288385659755,0.5461319047805296,0.03874334276345021,0.013720749509970239,0.34510932809256684,1.4289489551986347,26.21011005912594
86.9692375234464,0.7694260395141262,0.0877391508732546,0.007374249664712022,0.3300388161979162,3.956812275741787,21.866988030044382
92.35058191931944,0.7466374654777571,0.04035134540526242,0.0446318911298175,0.252929553402246,5.053754984918172,12.299461352091019
114.40087829038377,0.42244949354306627,0.08932121230313843,0.03878674144472074,0.21353420795057804,14.649263693660451,1.687587802648315
124.6550765897012,1.165364181431873,0.005667560661605194,0.005493932049643555,0.4871000258797341,37.38289975549479,12.865234559014441
96.58712683321214,0.6233142657790981,0.07025214677765199,0.02379574477402756,0.36000891466996743,8.265629756681403,14.097027670368051
95.88543445292719,1.593015382829585,0.0420216552855746,0.009261319265703472,0.3348922905979515,12.211931069509838,20.56774792925302
79.42852903156958,1.2182943652360536,0.03823004546118161,0.0498621361323953,0.11249593785990003,0.17319603935561786,20.57147096843248
100.03138571330082,0.24954442648368722,0.08209076058691131,0.05688401597370466,0.2362969096113224,4.400598550009049,4.92512264497739
100.81508596136575,0.8829906816963841,0.010977938614679036,0.00895219427323456,0.23791165956473145,9.203724144520722,8.552693157914396
79.38908265093,0.4617002146444301,0.021844935759814714,0.02034914903709168,0.47711716256719827,3.96655012156065,24.490004263029206
123.83787870513314,0.8937688725476897,0.015887349868937303,0.05959296601002876,0.4102596907125957,33.67659895627762,6.561598582410049
99.55197333498347,0.6104654935981402,0.04396841548321123,0.04751844164842336,0.3175756867294084,9.507210206765203,9.766470815201089
102.48020786301632,0.36103669813223893,0.09411899494612291,0.007067599902723442,0.5565120984725772,13.212695006499136,13.546012018007087
91.48622345813364,0.12811664847423543,0.08179158390422892,0.014435022046066065,0.3645277559153687,1.6476533570028957,10.913102842592622
74.20519618441546,0.8981493590011457,0.06005950894335424,0.03361702810848138,0.26028144160095834,0.9282292425616794,27.64543276070004
93.57255482759989,0.6042391845526234,0.030836348713834963,0.04599667668901232,0.5771402486013685,14.229241880882608,19.812297921682546
80.62365933319457,1.6088395282470438,0.05777731036907158,0.0375250041119811,0.3215754331974551,5.763079841528579,26.450866352223994
107.95369929456444,0.5353451248553964,0.017331005613878483,0.045588750161325034,0.44544662745537267,18.440273553382546,9.174884908321319
83.07430868085774,1.669258937701137,0.024457840980583043,0.004756897933029541,0.43970845486271903,11.877205001882826,31.153552805790678
129.68223539538013,1.8251410225411435,0.04641599521456377,0.02577051393013131,0.1896676968584633,29.88831375621602,2.895455973695013
111.38608517353114,0.32257168861052543,0.06923646119194603,0.02148573699291403,0.20642380211915407,11.783868855527171,1.495050778475032
105.94113504744129,0.40622355373183794,0.07015153228391545,0.044765818925278304,0.17253334958964417,7.463946861466813,2.430411668121601
93.85325658216716,0.146359731439843,0.013368100437457234,0.0425790035848018,0.3054080913953259,2.2066254224063315,7.986026130619281
107.88089976063483,1.2495704695273249,0.01304384566625016,0.016105056359741104,0.5346220369768749,28.31784557991466,20.200412797570554
115.3481224504873,0.3481571666098595,0.06077147371578805,0.016553305709227556,0.5275511977513418,21.297575204478743,7.453997750129105
92.72825689002434,0.5987551583092537,0.04662587369191053,0.018603952743230054,0.4908110236043235,10.412620966130532,19.009088794078536
87.39224829548911,1.010296629487643,0.06429397538618774,0.03357973555440961,0.4432837933879077,9.650721665014919,24.215429561136567
81.02212814621238,0.8086454488531136,0.0843155111523695,0.03797550217938641,0.4926432799668382,6.926881875344479,28.062837630634956
129.18653571865738,1.4353145826784819,0.07658271434660613,0.049935792925999874,0.3015299900954299,31.61414941337661,6.247245180776163
81.5873415943034,1.6416395665286472,0.0809771158854613,0.010390532963940519,0.4320302328947866,8.60028545168787,34.83583125755812
83.69016222576256,1.2480030536959823,0.02979669767052888,0.055394751801571364,0.22845388667873012,3.885557573983134,17.84455853890203
113.43162268653896,1.9148475252182018,0.07468139076564376,0.0011885630020465224,0.45864280423261605,26.839091471381884,25.39613087188263
88.79854272210761,0.5871053078828227,0.09782552476148769,0.029245244590664327,0.2979630652016558,3.1115336363794177,17.42298358101555
86.75213308694848,0.5489955858928506,0.06817572610918386,0.0015806985019501804,0.1556919584503386,0.29462522964859766,16.624050248152525
116.45820433384542,0.18687418055989136,0.07813403733955336,0.05971739137320401,0.2796892955172096,16.807486926828805,0.675467799717665
97.93993352631739,1.1595619086388282,0.03553853571105312,0.052619707040816276,0.3921871976364899,15.726967271273088,16.16246742252652
114.6691004563153,0.7426321654286978,0.09809535699393468,0.05687142618252209,0.5390968623616462,25.39050587255745,13.720383857271596
85.73423652570654,0.6808967104133383,0.03873303993853977,0.058142136753992955,0.25699798062762325,2.8786738909491016,16.01542765471592
80.99700006042804,0.1589878941235243,0.04386120534105431,0.037388973382648516,0.30711483621048036,0.18605344455813952,19.18226812345485
87.22765538629562,1.6529363117807796,0.022138913197739002,0.006096587603816579,0.24201101762045504,5.4787975886840625,20.273316101639118
105.0052793082227,0.5049293952094687,0.03588336025026764,0.010034526728639841,0.5577718161918738,17.945677675160454,14.163184704228351
112.54035672694022,1.9670453538102797,0.03378171801184064,0.03652178471130383,0.5495613895049706,36.88033952528861,24.4236429046495
104.91274182178793,1.222029126834342,0.055034719115690536,0.055486294030373175,0.2080806660782889,11.494075454472327,6.737610471061071
109.18252591969849,1.4778689459476464,0.0021969290066598543,0.01950149478722069,0.3837284082171606,25.37388807791537,13.890433447838088
84.25081272025622,1.9032157723610055,0.08482701982187217,0.04778255013916215,0.43580699463007,11.669998567012417,30.903063183565163
114.21929979022426,0.6476041089731748,0.014299486077097794,0.010402375560073297,0.45119065727280605,23.2587562552788,9.355556257789264
80.4793633478784,0.7140339268551485,0.027966626209459555,0.02905837712592445,0.492815871736896,6.961300139424589,26.16164245274183
100.6914179160692,0.9787187790193511,0.001689006421397235,0.03833183870907523,0.1251962397491264,7.249705910073743,3.3694457254125054
102.58391323603414,1.428506695271502,0.07650573417491631,0.027968527348331714,0.24803034233148336,10.19984518086751,13.261103198895793
93.33625547234728,1.3156207975650847,0.014087847352089353,0.05821039415165216,0.4892225957404065,19.854343078747547,21.79373127010742
77.20693808554041,1.809906651945958,0.0013326164188266652,0.02115508116909472,0.5689479972173909,17.24391603585205,37.13287545113201
85.60484283868209,1.9107950231771864,0.03451500455386864,0.027062836995360526,0.10353505303576646,0.7370771966271299,15.590837472192261
70.98794153328048,1.8630253271956114,0.049956272302535076,0.024434535823888815,0.29674152518244246,2.902026115988982,33.754804610419896
115.39193247946878,1.8268069296776313,0.04861296092628697,0.01911498695960902,0.23930441807723735,19.65866031026412,8.960315564871179
125.60201708917384,0.7479468073781134,0.030157984300335134,0.05347906958239513,0.2175737632731479,27.642747073629604,0.9344133328253064
97.65978409381762,0.63087745680304,0.08751523737216238,0.04220899234720565,0.5154459290239137,13.377112215843706,17.99840283879052
101.39538916928777,1.619628391447797,0.09518414239757077,0.019582298896497066,0.5414548885856508,22.01929904348029,30.057544653823328
94.42266320977967,0.14529025367071438,0.07642027474878478,0.03781662115621154,0.3331602286975281,2.4518061641426545,8.504850037987133
113.01782321610216,1.139652259181361,0.07728797126259385,0.02766449997857845,0.5035455107267567,26.01762112347874,18.097535715452018
85.11401063166933,1.8345773393762361,0.07422648903929689,0.003226387974253339,0.2330467166477115,3.018622206294201,27.720486934520537
129.64618168405138,0.5786618645451221,0.044753664107479336,0.029984246609752598,0.42133342838297905,32.94442569182615,4.387656270218391
105.99099905481262,1.3967113360064751,0.020903859580362952,0.037789251394052766,0.49943600221120454,27.278085041526506,19.47357471418927
84.90076367551274,0.2061202201425239,0.09569957506203423,0.035044448489345396,0.18840253478438335,0.057079557214166146,16.093880073797287
128.50004684302291,0.9153679093693534,0.05858800756901983,0.003284864684912524,0.3494299443531671,30.461801812207455,6.179924005755148
72.0971134678741,1.9874860494484587,0.0697252206475084,0.03597270042855991,0.17326109589586225,0.44676546576512216,30.78171169423597
76.51517690235936,1.3838102292206578,0.014374173804682375,0.03616235305562698,0.3868920068177494,7.251797270702121,28.304643804324552
74.16740390963793,1.7406514857994069,0.08962213840866277,0.024043183981081594,0.14519735846853957,0.09632816454370662,32.52919473104233
77.38441315256068,0.4797961332634634,0.08558161586163367,0.05272480894175756,0.5411752059556962,4.365694608648366,27.608710720704973
115.98634586711236,1.5183929247302292,0.05876766931665043,0.049091333385181415,0.27057110265818096,21.77621985053499,7.616178458237883
94.3696913391675,0.6692022688186817,0.09801416249583068,0.007829963614845004,0.1991229906184223,2.3722881157615676,13.182708025958762
103.51385058882045,1.5524058571559247,0.04188504266034382,0.0016547332645768026,0.2736040464248875,12.826672615132114,14.733851651257313
108.1656662931163,0.49259908875569614,0.08522698562076557,0.05852064717999073,0.35948949842271904,14.024488309894574,7.138831568031791
89.00797312720162,1.9929127707672938,0.09108112744567182,0.04929377623458578,0.43376962266182084,13.70369364932522,29.345221809482084
129.15088755395655,1.3517936935094743,0.07638413934088906,0.016200774388994296,0.34792407093634625,31.704390601780787,9.394276260262696
125.67053263985609,1.7443123473807205,0.015650467609202478,0.059465563888260346,0.32176178661294036,38.251830520869134,6.46946349358966
109.3536500567922,1.7692651757772186,0.040234242771782225,0.01299025212983069,0.5535881140148103,31.733854868485846,26.660957098129497
92.79963044314326,0.9215974305178158,0.005312116629692107,0.02811875376756693,0.18412625560726212,4.441522015310156,9.931826423677428
112.97493379271987,0.11891031940242004,0.0033788638958060363,0.020205087778720182,0.5128059443105851,15.83915792620821,2.6729723330135453
80.94352101103952,1.2115442042239455,0.022119448000370946,0.038007524739971675,0.2833619984315163,4.417438943055954,21.84453479507777
93.72357343831,1.4056496831038563,0.051179283982148244,0.03079357508900762,0.17356426628878924,4.171772108837934,12.52760743836358
123.62668778511511,1.9599313993997183,0.09692069024123012,0.022603224123025286,0.23696563350997157,23.868712222681577,10.006052226135424
124.71972487955863,1.9621837361704013,0.028953082012815597,0.006745785605185759,0.3678015000980299,34.115461106319266,13.694022455468442
92.15105823596643,1.2397867064450492,0.03290192339099075,0.026265872486811163,0.5614615899831549,18.979835627466418,27.28054621945398
108.15127403261755,1.1770936249126234,0.05708220923197982,0.05951333455427886,0.2716520472388607,16.035269570041518,7.992103101491443
112.66241650498796,0.9983529028244096,0.03202328134429506,0.02225192473118342,0.2711990535533355,18.00102364418284,6.384458755420715
99.95060217818988,1.8726597467985062,0.09131970895375006,0.039290950852120594,0.5469343445146801,23.604502085588877,30.541232202770118
113.74834946933143,0.22349170994745754,0.0991675526710571,0.010575966024943716,0.3458541851331667,14.786348877273674,2.598760034543467
127.3232210676596,0.11160275014735023,0.04580805910325089,0.054254819337143864,0.5064549973613798,27.95278975852469,0.6456882813624558
119.25563205265136,1.0380491467377329,0.047111859599928856,0.014856319884502044,0.22032482272095386,20.3619202819691,3.767023244321928
94.51970174274305,1.7050545870200242,0.06146357173034816,0.047939008193986665,0.22812833741235014,7.660109763737591,14.51221619926265
74.6320731508151,0.4699987409381975,0.019987326948550113,0.05460461940050533,0.3870790032435557,1.7246336391811459,26.03553756515392
105.83037028185903,1.1258090573893835,0.06697891781932092,0.004424081977349189,0.18691807177450037,8.526563944450418,8.506226663502197
98.76004433804982,1.0142424403740964,0.05121129101153448,0.03887363529011638,0.2226732517915747,7.514481183970341,9.730857843522346
124.87097906166868,0.47313252783060744,0.05436276239554882,0.027115188571393754,0.4247277266441737,27.94324791591552,4.422121796258684
110.74901257869277,0.8909709247913045,0.08683002441262046,0.010815894373906969,0.4329815046711586,19.430738287045106,14.639382604455001
70.87325524952674,0.11119582315896374,0.037246529916038947,0.05879420343372567,0.5166926928930752,0.12731274442793583,29.142114148684616
112.05948182197955,1.48747680481291,0.017176167454973457,0.042388950154358646,0.22683227427658925,20.465072441610463,5.3282981362126955
78.3882270810066,0.41369804849407565,0.03890314994171529,0.008899770652512625,0.16667189532940607,0.026754778922376446,22.522201947738377
78.99106709647353,1.2507818968578155,0.0003900325507007108,0.040746000030691676,0.17042756309376453,1.4451795833747492,21.008932903534586
72.03302151424958,0.36653028834377,0.08310555326509547,0.019437936818223818,0.11035564158617386,7.005396650492436e-08,29.41814636802236
120.14345587438828,0.9451403597213818,0.09383891243408456,0.018082505587136845,0.5399031765551904,29.787799025774902,16.21650530071839
114.82351077401249,1.874905438629005,0.038377088845647944,0.014585425717146591,0.21466839227552859,18.658230476336254,7.74973990263359
95.77777541897238,1.6558601180920178,0.03489043585105643,0.00020688303411373708,0.4810460583001861,19.20726731875523,28.210942108884076
118.8174697547012,1.8615602289717093,0.015198479983495003,0.007535423869957428,0.5267248437222448,39.565760355392946,22.30860963498645
106.14197840777953,1.8870580388887115,0.07498079452847096,0.03625960044281952,0.5073877729270074,26.41467639898977,26.041776963054073
119.31312987415727,1.3532246101574346,0.09481644209240331,0.04708255809918661,0.42762776543610703,27.883636219207094,14.467005187992383
72.48294433463342,0.7870381411221122,0.018148886560837848,0.025357849011617258,0.5051646172814531,5.240022518055499,32.08210968694471
88.49509481303677,0.46314467713616103,0.08510455665279326,0.014337828074588815,0.14114915068674233,0.2133123594044975,14.46176461202001
119.75832553898373,0.4161099897623334,0.09425241212301386,0.024843332196876584,0.4896744733366255,23.90917794523772,6.841021660475522
121.30801412414593,1.5361780984968154,0.07791869972327012,0.01970088990978588,0.36170849813362893,26.86859509163086,13.321212116241485
109.9799985514025,0.3988631700551606,0.06253067429315246,0.02771090436217509,0.10238574290746352,9.979998551396818,0.332206912862476
107.29514077769859,0.37922025338520404,0.020512068693827826,0.05364282298379815,0.358556273918346,13.84792375083418,5.436753083270322
103.32660222349388,1.5985985222105639,0.0025011109991189247,0.05396422842922076,0.327574398904203,22.160138594317914,11.808935575051686
87.81366266295267,0.2696219125852024,0.006501737719060508,0.022591306727913665,0.11597907890735648,0.037674237795066984,12.186337337046737
92.2798509796769,0.5074553139858416,0.0920273646270309,0.03282179078609395,0.28823274356716017,3.6959192028395993,13.83185104365895
104.68035199876894,1.2438766016160259,0.004858289779544167,0.03182339570293326,0.22178371768866878,14.314379135839397,6.627958732522493
90.6106603680988,1.240802595270448,0.09961691454581766,0.010675033999483573,0.2908893957915808,5.121115768959151,23.09026360072557
78.73134267296976,0.38294080179900347,0.03634418598567589,0.008878125719093313,0.35260853609405896,1.2096739106491319,23.219287988572404
108.91806021670912,0.6735566553159509,0.023466381145957803,0.021579831587932845,0.11382389520147726,9.701853174580503,0.9629699269980961
73.81368432874376,1.7322457775668787,0.08466645282062099,0.013613044353823694,0.32931523630408405,3.17070394878407,36.81523811292791
85.3653531827673,1.3045713049489034,0.05596463499178289,0.022084203284704583,0.31580917014140375,5.85271917486216,23.444416652642143
88.69566333013825,0.33853662625877257,0.07852517274348464,0.04665300291596758,0.303373215039329,2.1918694999063226,14.229222037566979
110.44103116668659,0.16403880080081276,0.08277703300988816,0.05992986761537615,0.10215237523730157,10.441031166687736,0.015207121803670077
72.5497078138218,1.1637819333457051,0.08438865131329382,0.010261632918535752,0.10660995853146146,0.0005183640009108877,33.050027628111124
116.83921124223954,0.8650006875517051,0.057471341030403134,0.045197081546353594,0.244975606436473,19.35032308694182,3.733609779722487
75.14195246217866,0.6253562063090422,0.06486915374318851,0.04312356056642009,0.24453175225044294,0.4285955053090271,25.643152920705035
90.70205073922335,0.17425818937277093,0.050397475592223795,0.04158828612642981,0.4326257755101294,3.125221933124789,12.495675105707882
82.7159051867994,1.757356242007614,0.0680600823428191,0.01775588274704819,0.36550649542839353,7.561707841673552,30.61607426253335
91.4223087053951,1.4817589959388324,0.04879970339834608,0.05039228102232928,0.3915880359152727,13.337951334749777,21.374241708572832
80.72799006225564,0.6422404447559987,0.06563960370683414,0.05026379893093996,0.36876250623874673,3.3242978626885793,22.834587888493452
86.05492311937181,1.8705667557635217,0.015326154058513612,0.015142495524373797,0.2934783905456124,8.611079146347215,22.320550251597165
114.47445169587365,1.0344285202416825,0.05271293713357131,0.029389548071959034,0.3668464129112361,22.256810307118844,10.166871868950942
123.13387745662722,1.898021439480753,0.06985323622918352,0.057635882438118104,0.4893927098457005,38.18230807430586,18.233436093486898
74.54082781269129,1.4413212903667636,0.03038279190002336,0.012727838648864632,0.14608275789174216,0.20280069682253923,27.03368942150342
107.3249673346841,0.7224373554203978,0.015438472937709464,0.005022934600097823,0.11293533331850236,8.21718728830954,1.5128554282850062
83.61396804153928,0.2955922462422824,0.056389675705904745,0.009324573483198186,0.14087717726556315,0.013337601859960288,17.506009241444765
117.55801044937915,0.7569846841670123,0.06400867621901923,0.034363321736565526,0.19750320052758014,17.99738191801255,2.111755078933825
108.04174640239707,1.460558027041665,0.058078317952193384,0.01768561159741271,0.4065393748626104,21.113866157447305,18.20131320613508
118.92974124236979,1.8561353705961037,0.00748535439988398,0.026952888555696764,0.10675620202940836,22.682444249408043,0.5407698058402648
101.76169630263223,0.5834832931249835,0.09886758924506962,0.04126486495940779,0.39526675883432627,11.308873303925116,12.41754687662671
116.91550855080798,1.6772723815765016,0.0493630116399749,0.05470771474825352,0.23279718321006873,22.352219372060222,5.564366033389944
99.14671595248636,0.10576541350738396,0.03514248905828313,0.02057327334092563,0.18741253272009845,1.9530777934568313,2.948898108377824
105.17666025794122,0.4166775624714115,0.013917239328913943,0.005909508353571248,0.28963581368708724,10.295521858168152,5.442347697406721
92.97783921991717,1.5419564116338829,0.07288493589514008,0.020546582162962033,0.284662581066045,7.536431881357933,20.67633395154598
85.01471081851646,1.6504016523761407,0.09838036337641401,0.03027264262190124,0.2535727443473912,3.4158677351591398,25.834764756117316
93.50298338100892,0.7178155102899934,0.07397686933164217,0.023854471730456822,0.14488499067105248,1.3962725288211288,10.91637530325329
102.06415764220866,1.7947492937337877,0.048205470499891816,0.011423724561603404,0.21822395216132173,9.983539698601394,13.448123561886117
114.91654063215017,0.34619670126049945,0.09227574500331576,0.020998353871997905,0.178618242510878,14.916540632143594,0.7745631573274597
106.55414440684456,1.0125037851832261,0.04540525129981878,0.02754248926531738,0.12288539785060205,8.00623032366221,2.9733645012087444
74.56936637257613,0.8590594125217762,0.015116882924048187,0.051313566945507684,0.21854739665586156,0.7783849343247488,25.43063362742015
70.76897586431093,0.8008529197061077,0.07322227641957625,0.01556682285759347,0.5822409565625529,5.542396016875488,37.44658192995158
71.18641265098123,1.1829463700292286,0.07974208361494645,0.007296702810603112,0.5792339592360388,7.618234559940723,41.67812056837839
91.03722333874202,1.016150347962661,0.0637500841653634,0.0480133528539154,0.30693207300968445,6.983305699499137,16.829008887126463
87.52347135765966,0.7007126665092401,0.047489482911761076,0.02005396224306313,0.49036521409996947,9.03957120489083,22.875604885658834
91.7628677146761,1.235445525937187,0.07050555537260249,0.039545450640817624,0.3917269737196398,10.90714473691361,21.679952197717306
117.77421578640663,1.7098354630283454,0.04579052093246567,0.028123992564195805,0.43603850061729854,31.433372071741584,16.78200957375649
74.12192670205211,0.6859247221080508,0.08608106260615729,0.00012687099890742713,0.5388947676980539,4.5343667386045325,34.51654024279906
116.59418649155091,0.4230037666085904,0.006797985386416578,0.04093610656325154,0.23578326257527277,19.10904591246951,1.1497797522462008
96.25272842632121,1.9870095381909723,0.02148522805038008,0.04963134401746875,0.33705698724808275,18.000074129656912,17.328630106816483
105.87123533303662,0.7337175056965035,0.06128110576761107,0.05075244216998152,0.3559206711707892,14.799111472600988,9.719693616785555
108.32883585045062,1.4704244013025956,0.08425394926983555,0.014901778763752404,0.23868993935708507,12.288197627539121,12.231873976711112
120.85752488660428,1.4459756080589365,0.001868108651851835,0.04466145154775115,0.5785220883421042,44.337281583247226,18.033808165744144
117.1035342273245,0.3681379052413647,0.018978287012684163,0.034692486517602816,0.4393197214675527,22.246046428515395,4.706222886793531
109.81272733097416,1.6273451409690407,0.037441052799786365,0.03099413844109759,0.5828157496519758,33.65690368501307,25.027806057665437
120.8908259822019,0.3541507696036619,0.05405577222816398,0.02995093977672275,0.4917272956938248,25.101890555115737,5.153210993303722
71.5892940505976,1.6050853767155193,0.022244586706212918,0.03043245069782628,0.5334242304801242,10.9904945637995,37.84120462749478
97.90125819882098,0.3583603821483853,0.04633600383871037,0.04535408986219712,0.4965488643411823,10.5127334478459,12.616887078881463
125.18460821460017,1.6168467221276062,0.03481430373184439,0.005199756388812995,0.34068917598288795,31.24029409279236,10.565859231838575
99.01416042159188,0.8410625114197445,0.054678840697505574,0.01916288647127667,0.3637996664830214,11.276195969472946,14.794455231299517
111.62570764068491,0.5883723088533893,0.08862279784597439,0.022662922725609345,0.32008944240551074,15.039732633166405,6.77073257762859
101.6363260793568,1.1426820169112857,0.09665305409069053,0.002402242095619011,0.16094815140002092,4.458654024999507,11.796707689384986
110.1948334321559,1.1199049569265893,0.0832120865448198,0.00345044962320475,0.15467982317869844,10.308610016074777,6.1431451158512616
76.46917841485258,0.16861957826394564,0.0834431972979971,0.024378504054977223,0.2808514666567662,0.026276617045733128,24.215060275567538
101.99976599909306,1.317805681221517,0.08995016627414908,0.03311301790465698,0.2993561147127023,11.42898288407719,15.43616084143364
116.61878401842326,1.4665075550626752,0.09215693682860554,0.026832323091659383,0.24931215555056824,18.431613032796253,9.226378026146566
125.97258739030323,1.7110597864811463,0.027326252170108242,0.012090402257472727,0.49364826592226396,40.93333794452962,17.82752427349209
117.20760923283808,1.3555248782390459,0.0743905737714615,0.01257926477410892,0.17396779150301037,17.215687261051247,4.967855866817208
104.29469715120857,1.0182536219835707,0.02240370127624515,0.04183169077058522,0.11443903511468378,8.246346601784625,2.2387748205847267
72.15486834302492,1.1232011778321194,0.06103660335674112,0.02717707615434634,0.18200037891986945,0.18259028094431456,29.796583868473295
74.91896295087636,0.7611996017351175,0.052509975527019005,0.0237453537452879,0.14037205425463378,0.018732352896173126,26.243617774221228
83.48349669809211,1.053951335029945,0.03885712141663426,0.05014351580659276,0.124418038279235,0.4849670007205579,16.516503301902887
127.46749555728863,0.25115989849722,0.03431752380912059,0.03962706322968157,0.20571319011688385,27.481624117446433,0.03453663012847896
99.10997963855644,1.0323118561566125,0.08124624936260422,0.05639905887560707,0.2982483663653992,10.043852814846746,12.882049044776544
99.35315180231026,0.4514913525094577,0.021192485595578146,0.020174958044910183,0.17937503364314783,4.419162151848242,5.101843631142622
82.86549924472786,0.7153865758888798,0.09983999833361439,0.011848561327141974,0.40780283744197343,4.2893704231700065,26.08360849989647
100.3159542714669,0.6921195629378524,0.026235460974569632,0.03166691550975915,0.22962994646798224,7.823979598955433,7.190063153003878
80.4807555225752,1.5551770117948018,0.021587150473947284,0.00547417669231591,0.3794766023204337,8.057695073424904,29.287254973574044
99.0622532170207,1.8793505609027663,0.08230470510779858,0.028773059125957526,0.37457276648950044,15.123218412253498,23.549917189852113
95.28339016895879,0.3402786280995749,0.02178678806461181,0.031041817286125088,0.3110631464632939,5.025864141875497,9.442484155939294
116.94627449500626,1.5746008529885511,0.013432079050056415,0.013186129900069555,0.18505346280348695,20.361440337491427,3.6760123278680745
97.24991339732543,1.2244226918659855,0.08269288809898281,0.009425224391059207,0.49733298267581316,16.230436272293197,26.17592049312533
71.281527370344,1.5306371365036413,0.052226771159888954,0.04305600434297291,0.38148311951306024,4.886774392887386,33.299772450863635
104.82839808620906,0.7802360035751164,0.05335855543916565,0.01365316314557784,0.303181735747561,11.909601850257298,9.83842266324022
89.70848554398037,1.1360518246225784,0.09190998465356215,0.023272956102829267,0.44577930391058096,10.310114452516094,26.269616228003763
78.2448398446079,0.2794831771795555,0.005577807824972397,0.02849318541984684,0.17895024285525293,0.015290408738117663,21.755160155388026
103.24282250293288,1.0698057940773678,0.06072658670360488,0.025953012639803173,0.5253557513079975,21.134827996513266,21.03934057478954
80.11011522846523,1.4975611261818136,0.06832292231843079,0.03443223593230605,0.1577069205937,0.6073220408831514,23.225465444033972
97.8340786711959,1.1411762492568007,0.06229991778736491,0.018005490927469482,0.3155580029848615,10.044215520926802,16.363247414774584
102.95487350917418,0.9968225076158834,0.09455488409136738,0.011925972374722073,0.3904159539092237,13.60154947769505,17.573391294947864
91.45207030904044,0.5567795521816342,0.04211171066711976,0.02669132165616422,0.3694277623306076,6.390762959210144,15.536253651624294
73.16197646463803,1.7548130308973922,0.051113691926280826,0.01322041884802678,0.18812876206109136,0.5938890320355262,31.381123208706864
96.54293080801692,1.803931231377078,0.019161025785852277,0.03951962257089489,0.401476720037256,19.898350568754527,20.376506721141716
89.49465584856233,1.0931740024147107,0.036172418555089056,0.03481702129362914,0.2485083341830952,5.201653762960936,15.559475310015852
81.37873374286124,0.9929147481771524,0.08674018108883114,0.012243583506406735,0.4491506467967191,6.446887497165025,30.262834451285343
124.21773777937116,0.6559937623544709,0.024560136632458682,0.020942833928404837,0.3240969854565885,27.133364859416442,3.3447616685453663
125.55811500333618,1.3492995422685428,0.02851420707841118,0.016853931786781875,0.38479095800822927,33.58774259367579,9.88118436978153
99.7909263406147,1.3623087603627262,0.06707762444939645,0.01597577633425621,0.5489770872326739,21.470222235358488,27.26744955773235
108.98228364674716,0.6151384228188813,0.06175722362140589,0.0008554174423481896,0.5069965339661633,19.323735322019623,13.779152057120108
105.61569217962327,0.2738691904382857,0.0642154179978399,0.0404376409691844,0.5695654471942968,14.703851433866086,9.723243936224241
129.82314905757795,1.7983722891701264,0.032705284408589004,0.048597154818566975,0.4949622609056643,46.26427509365277,15.28926383273149
83.73325220948627,1.5956007415491973,0.0452859062768347,0.059798075658879325,0.4844790989823188,14.549713608244835,28.520681551976203
127.70434205345653,0.7069905029035737,0.07121440322798629,0.05082497761430169,0.4991257619953041,34.057491677482034,8.245678947140513
84.03089804524723,1.030264818007505,0.06939458235373684,0.046702615828635254,0.31460575743948727,4.598875186887211,21.641995353620544
78.20466475271634,0.9493697922972419,0.07462728175009084,0.0087855847255868,0.20757041965492007,0.5079227014396844,26.788170086995354
85.55188320867754,0.5421782959952884,0.0904133689478382,0.04175466955422275,0.12308442504123607,0.06964675450226138,16.368580530134423
104.18325876891853,1.5667804975703832,0.006231442178641585,0.052154798142396604,0.5499300218956354,32.143238972874414,21.987416687932235
106.37215836154303,0.21494095341962116,0.06514054078654388,0.0006937132096630331,0.5660559055050298,13.497519825812704,8.41843967791279
117.25539241846678,1.5112327905180385,0.031509221021665194,0.034218034376924576,0.41849470319985194,30.800611114570106,13.731220967176418
91.60384837167689,0.831924440482429,0.005894795949120887,0.00740982275223092,0.34354331674648875,8.195417025381808,16.45009502604994
93.60529673901536,0.3718608479617015,0.03532177941600694,0.041416638065783794,0.46619314399665424,8.022153270594307,14.164370611623271
101.67939239581273,0.8269782044495081,0.0635203148546529,0.006289226801619274,0.19236932016132208,6.035534583174742,8.437771310011964
113.69817436503942,1.5856662837474822,0.06089770540318388,0.03784577578157612,0.48508350745695916,29.72709136396512,19.52313512615137
85.1883560734521,0.6090430718949014,0.005739954553349184,0.015285836450134711,0.1086487615449516,0.10470613489522805,14.811643926558673
77.28705302040701,1.2728101973254724,0.07859578109110654,0.048849655964114155,0.447154563126025,7.160565684768761,31.262611291691822
104.34341807903638,0.4573217745517637,0.06454404642852883,0.015957695061138116,0.29712797091935295,9.406611462713347,7.050411811820558
103.7291093038717,0.9429027119322849,0.04806779963339492,0.011732558099814099,0.519631952329101,20.306207492260974,19.606068491287665
128.31206807952,0.7512867555464805,0.02880021622179038,0.051996066429325104,0.19396655689405168,29.83989924236396,0.44948759074615136
93.12946451783426,1.795985151243159,0.08219542932559568,0.009044447340679614,0.2250665167292272,4.860115257543458,22.035785124951815
104.12473747200542,0.5855760163572985,0.03457849757187075,0.049523747472386685,0.5905670921583419,20.398331778162603,15.591559231934426
123.74897956642181,1.7417438928023556,0.022487945160500455,0.0003641731166116302,0.39494803290358205,34.16365703041724,14.201059146233419
98.04190812808937,1.1214238599348463,0.06575546433039377,0.023003437576786943,0.5492064156751018,19.160228772304926,24.912518806044755
120.41121700021216,1.698988901879909,0.033347483152075606,0.021684122288326665,0.4414399797148566,34.238609948460805,16.09146172030692
116.55729441781988,1.389234688895257,0.08373640145451554,0.05604125398106491,0.15134419556210055,16.71741132424391,2.740956435571106
74.758528023984,1.257248898987264,0.08594935515306748,0.031089884567853682,0.55397136369835,8.838675097116187,37.614024729086594
95.49562044451642,1.821219031816515,0.038033786044475486,0.018390412571966355,0.17164894627608843,5.581169201629641,12.893980158274628
128.63679922297894,1.3085128689303422,0.0517503569357199,0.011962727040729081,0.4048433366892221,34.59530188882303,10.933613555527026
75.50346830004189,1.4105460174294975,0.0313589128602632,0.052825937624521146,0.5477512422553393,12.272167051037455,34.010251413188385
94.32794730695136,1.9355572635149896,0.06291714660465032,0.010618919118028303,0.26592551846109,8.166136460032257,21.749463123870477
102.7984977670632,1.467103421281385,0.026696734581737658,0.043491042908817876,0.38830412569619777,20.58854062924373,15.885649087724676
75.72017895283753,0.46860715848186707,0.042235666678299776,0.01688535765139265,0.47891881048139817,2.901900472193426,27.860300769641984
82.17049735355107,0.7347529805813695,0.09167902224892795,0.04480752903687035,0.5985123244559704,9.518923361685138,29.294176530710917
81.16720040208885,0.329658440570173,0.09005783657345706,0.05059543262383742,0.5724093592880218,4.320306300343609,23.846290688409606
104.45498143644909,1.192475456918224,0.009206182547276745,0.04001361638572515,0.1382012844183039,10.787413590689928,3.0328784035186316
88.90344272767295,1.6255666904762978,0.039882648314354244,0.017177425867722036,0.3564970797059269,10.46708483465267,24.113217060760675
81.33092397189384,1.5785733315701178,0.008344643543959097,0.033677497928548905,0.5210816826226393,15.87712771389702,31.27221168681128
75.41944958196193,1.3995053887146247,0.04328806599812204,0.0014913383922399222,0.21182545761015178,0.8827101256622158,29.64638281745244
117.16824804089401,1.2966196857290697,0.043586539518764573,0.011065970641930267,0.38319664982890134,25.81805255619561,12.625566140568473
81.05216265590391,1.765862341412021,0.0013519387873280884,0.019273040497637214,0.2585445943050666,5.785806966893786,22.361690504704555
73.31366345146209,0.902196816013893,0.08618345520811888,0.0040589845226859265,0.4264027233856018,3.1518431798716073,34.81771582922896
129.05316242900312,0.15788872627849082,0.08317780888329224,0.03981386542853588,0.26681684408355333,29.05316242900318,0.0384335265859969
75.6361442605012,1.7278262773202535,0.0647658257834631,0.0309010655594721,0.5749338535544559,13.009417869804391,39.997264952842535
79.18492024724118,0.5340450885077342,0.05791528428781137,0.046377303737014125,0.24384590821323993,0.6409716912601162,21.50791719541372
121.44443209258742,1.4794742976290736,0.07445203510471812,0.01271599578284931,0.13940488748283741,21.44443209257622,2.9132532227947396
92.36020554385445,1.759506106578185,0.037065086839858756,0.013709949457971741,0.3189855525743196,10.846104866896168,21.581434702836347
113.36716882491835,1.3595968844966966,0.017499085430588864,0.0023778220047201387,0.22091584958043448,17.62397198110363,6.1449119334208735
129.33593446523446,1.8745611551606123,0.08829026588506862,0.007970622646792847,0.29110899124542944,29.971017082815326,11.468654333524878
70.90671529926752,0.3320200669741718,0.0240189637335255,0.05391486810708303,0.33426828525982055,0.2685376195811648,29.093284700742757
109.13451566347287,1.068633406230829,0.09585870447057025,0.031313801240274004,0.4062781276064865,18.58778600533151,15.353306037693836
70.66088836372727,0.2904973117589893,0.0053882398483430394,0.03685150013558547,0.35157299579749945,0.23354672777862096,29.33911163627387
82.06753767446425,0.14151690174663947,0.06054765292427046,0.04812160744668253,0.5011691667171073,1.2628244113872766,19.230149697302092
89.43831877434272,0.8001366121991943,0.08652279664725876,0.016166289508605918,0.3136383820041889,4.548787815199114,19.542825604336382
84.80134095037246,0.1891878825496088,0.09463215068086173,0.051846105975103224,0.30065748412623616,0.5185827838605827,16.241380955669722
88.96891389002371,1.4450523015422798,0.034677281460070646,0.03993883295123048,0.55031295686588,18.780321232075323,28.8895878557103
99.20667019844794,0.19623206878504307,0.04965744195380709,0.023168087019046935,0.3248450429587141,5.082455453667028,6.346850777051504
128.00474445182581,0.29932845625446464,0.07889176474970865,0.03322831059575472,0.1042887731588161,28.004744451830078,2.9742766334484257e-05
101.72155310436413,1.5350005895937515,0.0532980659599951,0.008589097256366609,0.5049119531121395,22.183123734307838,26.187426495433694
74.45621655122788,1.6075892834515737,0.0668148547011446,0.018405247932432256,0.5932356990873626,12.117603515963998,41.9015687815701
117.9813699447314,0.3710548428739213,0.05981687615845758,0.04934790627551431,0.2864795021555766,19.25677334178797,1.7753854160000113
106.27322798871923,0.5840954272909632,0.04341218185204812,0.01548490188340988,0.1819846876676311,8.502195528698381,3.64738614584357
114.72030165160899,0.6278861460750429,0.09137937108759685,0.021870026570832382,0.15891082243387783,14.7203016516102,1.7227841598164895
107.25789354575585,0.8495629066438818,0.0022404152459066396,0.056453775736702266,0.5810546579321407,27.717218268471044,16.384701310890335
125.29229033998932,1.8662471910632694,0.0802568180958306,0.011567355375938348,0.3709875750373357,30.399204629239897,15.942451781093007
119.58943233347058,1.426127725371886,0.0051555047349610365,0.021785265156696258,0.461449317172265,35.81352067105692,14.193700939468822
116.06611876162786,1.4914893950743207,0.07483613593265559,0.0327981767738533,0.4648565911578847,28.60473767730885,18.21663727862512
80.3743574254754,1.2583083338216379,0.059461647748914784,0.03689327776057253,0.35523037908169497,5.57143141024998,26.434594697300106
98.95942260788884,0.47220291229435996,0.05070016268951223,0.04966758393363879,0.3354352056620822,8.43403809593175,9.498453758994502
108.59037386097737,1.9686211248532648,0.010114234854573734,0.05629516545169662,0.4250669278732496,32.37477978933011,16.414717569164242
122.34457775485426,1.7238073804070337,0.08763097029859608,0.03564018363753822,0.3283436693778744,26.717086905573378,11.99149798466681
106.71115911224223,1.3441761177547293,0.026110336544545327,0.011353589100792675,0.18877802843313252,11.604816796359469,6.693994024552746
103.41996525081893,0.1474503079603028,0.015678173822517634,0.0319065382529645,0.48077763508014804,9.420328882669116,5.7822735945646615
87.0253523413215,0.967612549730998,0.058974798992844246,0.031161998621471832,0.4105055791726372,8.279049755218532,22.953638418502372
121.15567078252653,1.1314620860161235,0.08626910804335211,0.05716368219013823,0.43847601305406403,29.46439967564093,11.803625146776216
92.62494877022606,1.7041311416198883,0.058678937929186714,0.03324555050631926,0.4057270520383526,14.31630058179809,24.536274408505864
98.98178094486232,1.4399827798798779,0.03582872177155075,0.025753742846878667,0.4023130138887008,17.291830509017466,19.441690782464278
83.02005328666284,0.5387031936299409,0.08974305684623957,0.036928686577841825,0.5937142531624144,7.731528452451752,26.525750024595137
107.60959724916717,0.7185092300972522,0.0985993241620573,0.01757495590752763,0.5926265060652869,21.46636820089669,18.99163867096184
125.2776533147067,0.5824018779406661,0.06061178052257056,0.007690246024275999,0.17768374253159827,25.277653314704764,0.5040607124906962
80.40084094965398,1.0197351736172597,0.029924471596601533,0.007004864690363,0.4317204542884038,6.962296866767687,28.18439548092092
96.60515656560561,0.8484078648849857,0.02012554721148178,0.04972304764481663,0.2816087244502885,9.40246138981999,10.64936578020054
85.98525513075829,1.0012890858573076,0.0792583704981447,0.009479174628478698,0.423001969843411,7.466723823181423,26.72705959585549
110.2049337102066,1.6999110386228227,0.02264769579538186,0.05203119593709018,0.11152471114727486,15.673517829040902,1.2994140145459507
74.50186722524089,1.2779929073774388,0.06548138312582935,0.0035201333184743193,0.5664904363766327,9.254317864108126,39.95210831483031
82.62446965219951,1.0925691809352531,0.09932692819118855,0.05662935352726544,0.3414992890704551,4.690243589263775,24.417144971056
108.62272607995462,1.0429762893220587,0.05074339562342417,0.046590990307892016,0.37699077860636454,19.64807451795955,11.651716362800226
111.5984709821887,1.089096719513278,0.06469530113434638,0.059527672607598475,0.16203773135357313,13.533460511776953,2.7543557921857196
129.214595471921,1.7258893518802287,0.008589699019456257,0.007743943266422261,0.4835558616220308,44.80885886192347,16.019509906019273
70.00519896476571,1.8385168221219468,0.05965158694000303,0.03214844795732737,0.1802878432784858,0.3880686043486241,31.94497984218549
124.12325658203724,0.8662695619281003,0.027532476916762944,0.049032680442658926,0.3270630419940298,29.495673558015344,4.181914899903811
89.29906132853475,0.3880072651693225,0.05757615122163895,0.055237252880578035,0.13138128061250262,0.28150443444396256,10.91922964737927
129.31232422911498,0.8776914583459761,0.006095153057604454,0.026196668431184615,0.4183014127160467,37.09753006855867,6.254278413838079
84.84798491874069,1.761243961186864,0.053850566103183534,0.010986054943065619,0.520756919673719,15.194909025722813,35.49874823117913
104.39734583420974,1.6375857912198182,0.07389224919766729,0.04865572113062131,0.5140091792718215,25.09982573923718,23.995596380122464
98.18501802074978,0.2278509016722418,0.016897497504343356,0.027254466127529527,0.11528679907140459,1.4682528355070412,3.071625243082657
90.2578855210586,0.40121616164589946,0.0884103513294746,0.04400659354016865,0.11685679030133386,0.15639104254804226,11.287115409471394
112.5613302723795,1.199492286425697,0.06852471659407017,0.0303452914478067,0.2497998928433178,16.248271482894573,7.636930295051466
84.63660648761675,0.2578486363618354,0.028449255194398892,0.01720191799116133,0.14686280472572283,0.026846864879433833,15.566177419154013
72.8494931656581,0.7797101732062178,0.025391212528638747,0.035005473938793566,0.25266652769436565,0.7001010107571023,27.315914763795426
104.95776236504102,0.4250717797525304,0.06775420678296543,0.02898633182818837,0.36664456239412635,11.48347865094649,8.033445470348612
89.82728639865063,1.1560896909119458,0.02686630534667879,0.015018607923472782,0.5382944513617519,16.089195098958506,27.186385589383622
116.42850014844812,1.776254492881718,0.05161832562074514,0.01306946177492576,0.5605569354429782,35.786274851263244,25.621810973019738
88.3901236304749,0.6054546077729328,0.08952063201820086,0.032032672775854656,0.5948516549013895,10.651450046298477,24.76025609738381
120.35242774563199,0.2188681692887049,0.06312694136415327,0.04289439315007566,0.405462639248366,21.731197235573724,1.8673654142259466
76.81399348432488,0.1306871533231881,0.06264490946581384,0.004163263050655523,0.5690889317963105,0.7846625529378862,24.53937446766763
97.52781165645675,0.7108867812591527,0.013709436290304494,0.0462286787004775,0.41085916097680697,13.201263577068994,13.658935788961958
120.79611878557867,0.3856950446980165,0.051730457267793656,0.01855984216159891,0.4290228336868418,23.927537194563662,4.385314263770566
123.57242652557649,0.6971549938670497,0.0803105931973718,0.050897178479412594,0.20870280807455388,23.603719010660665,1.274009985192324
127.09390479464224,1.6040368561359257,0.07596931969980189,0.009986172118773966,0.3964338176286928,32.439143679410115,14.579803432926425
90.88076076235936,0.44146197358820727,0.036240519653065725,0.013542875461105396,0.14152481867731675,0.5899493875970544,10.545521839563142
110.92037500906525,1.5798380808738215,0.027042721036719293,0.041905139905046934,0.5351897343584187,33.3323822094787,20.843949298138273
113.51853151249679,0.18799809922410643,0.06567924126989848,0.038253577288271695,0.2206005263844128,13.657281347777955,0.48681191607329605
106.97087863034486,1.1681553524319794,0.05971583071895673,0.04225508501372572,0.5727963503222927,26.7015602288473,21.61201807111607
83.40640849504575,1.4019609750716775,0.0755870107663659,0.008140561219849287,0.12731861828370256,0.20594922006379257,24.015961549150646
71.34337623209593,0.1420682558801337,0.04899008570706773,0.01798160205052254,0.34967007692220586,0.01642259158541069,28.912693204696044
84.459763199463,1.9284354564894455,0.09622941376108507,0.04267255982518669,0.5512842787057713,15.848357399570345,36.91630999650244
110.09290581483539,1.7892320287074526,0.06691400622478565,0.031038744335203206,0.36705131650094047,21.786660885066695,17.159196744299468
124.9187068453662,0.6525833547094944,0.03917453409606676,0.022456052487579814,0.13725077399976995,24.918706845363943,0.13106310057261042
120.55378401335071,1.004991041865609,0.02348695882033639,0.04547218026820219,0.5715212136841892,36.75103120272825,14.670720329583254
78.90221380118834,0.45312642641116596,0.04216233003691652,0.02967416257252873,0.16883008360889382,0.05833806671579681,21.31753113967323
102.39546273954537,1.4040516462821169,0.06317922672967496,0.058581910148316735,0.10052208354685228,5.483754693896131,3.6877284789627924
112.40368267508725,1.8068460815733884,0.0671454334064082,0.031510973904283535,0.30121597240178855,20.01801974115416,13.152838000117852
80.31699642477467,1.613133719459893,0.04855542000752834,0.040566473318635624,0.25481136169606694,3.7883624882045193,23.502413056308317
101.25439709321628,0.7837754617016851,0.008330852930784439,0.032728332474192906,0.4129443205975196,15.983813203705953,13.033714204911776
106.51635321857869,1.4212124210601849,0.017535765242396053,0.0009753497083359003,0.1908737875757709,11.745997379670586,7.35255124313223
120.00667041836144,1.462674021384842,0.030504707178171355,0.042465719308039974,0.44236243333641945,34.156214053385,13.317075377363265
101.1232089033855,1.07704221115999,0.0882592839906485,0.0035807122884136677,0.580584890544592,20.232953381360904,26.70855338307489
123.16460337347262,1.9896913564545795,0.050596379314942624,0.0019318228386579967,0.24751557130834395,24.9886117048229,9.476264827178783
81.28646540449589,1.4514388024671856,0.02767992825782615,0.05771850660988623,0.3393239766626953,7.899688042008256,23.198818311203496
106.62154736993077,0.7406530310330711,0.0248270854195329,0.02367896732023154,0.229988203485879,11.67009463303324,5.2046127380586915
113.85091406015312,0.503800457460843,0.021222905525089285,0.04145000311353997,0.262646889611425,17.264689977762423,2.5841383858549087
94.80920984182143,1.5499933331239155,0.05704069693612002,0.034996534432308185,0.20005379000554507,5.882092209249682,13.515489880247438
100.85757084854697,1.9157607573147268,0.07060209634593982,0.033426619769602366,0.12103640690450777,4.5931560393782656,9.339630376248108
81.53121248475742,0.8030905310279205,0.03713947986314917,0.045040358807798955,0.3432894410826543,4.205727370515907,21.88527472615034
122.24815934431633,1.6937143071503997,0.09195704176478811,0.01014884556167047,0.1093449505761239,22.24815934432526,3.134216601000183
87.6718231144844,0.8973672045207459,0.010298567525812055,0.008433526826206558,0.23842582372588894,3.589933808471788,15.977863646509881
81.11644531343279,1.9167887428134607,0.025276758966913962,0.0317860241429967,0.19876352639713363,3.2539083485037383,20.861332578855144
80.91372903967408,0.5549284645981597,0.07113653122009646,0.04231389225226001,0.3124360468420092,1.7783876982832187,21.658322652614068
110.77976675613775,0.30326010084634564,0.07775290068542662,0.04862045038002654,0.2514665578693274,12.102986688373756,2.1269286449454974
102.43076395922355,0.594787224977781,0.06607565064332857,0.05223560389953406,0.40746747491302215,13.16700462348212,11.475428969977152
127.7926285175106,1.2933943831759636,0.09209473040307645,0.035943878048693194,0.5612500584421161,38.86416966342863,18.087226318350723
94.18252621203241,0.8283870243871657,0.037966052714017096,0.05966122041873201,0.1430845753954999,3.133418229605282,7.500575640100688
96.94483811716673,1.3053252629968175,0.05231087015122857,0.05751396320978682,0.2887620635952658,11.063065736099192,13.477884072419306
101.68507876344465,0.33571958264429247,0.005807946470797482,0.01974192864790248,0.5152386446025989,13.018376532351756,10.90257737535906
111.81448305001598,0.9119907071115857,0.002684863290122093,0.054980206057536396,0.1351037304751622,17.1242492262211,0.7637399097243436
81.88909848350183,1.8151689256023178,0.04088245228306853,0.03602267237777457,0.3829087978271781,9.97135776394443,27.938362780312072
102.82000473341081,0.7772509746034997,0.04600381569382082,0.059859681366262,0.43350931455467867,16.770059908863313,13.139225664058937
110.8260721512738,1.3772567511456306,0.037831996581425276,0.03527483804308407,0.5290435973963898,30.14409353179752,19.948242175937697
89.18563948671425,1.9500520673220532,0.006986288862889094,5.786407169528443e-05,0.21776598164585714,6.383492039640226,18.34299223939447
124.92475338717496,0.2810679636243685,0.0002684445393533748,0.029771847290319186,0.3025719004385295,26.34695954984009,0.6018098549337122
107.51182100979945,1.297891621969704,0.011541618283222239,0.02954834439307216,0.5945123929551476,31.91632614257809,22.499656837123304
88.17177047783031,0.5105621461726164,0.03162276192251026,0.05584987563213862,0.3579422244012347,5.04588268824581,15.778511996184562
116.68490368689235,0.845717422367417,0.004191441455729566,0.018280950228386373,0.4869327866915153,29.199547400080366,11.454316622033838
113.15453392119687,1.662273706859871,0.004045409123366927,0.03115466603179278,0.4727996262942614,34.46291377493317,17.401824890877446
104.5296405909111,1.1705952820593377,0.04572296582659919,0.0012977253172824024,0.37839544054310614,16.44778321418719,16.520959274755235
90.39355651954304,0.9205369358144239,0.038533172573504554,0.03845901463374418,0.13893510610104604,1.5859986333201759,10.997400044453354
122.01103029697092,0.40151452911621766,0.02298608296740006,0.046934036119529454,0.1772627218461805,22.907566496499587,0.15215144101327496
126.35927972564082,0.2725724980206615,0.07737106635488995,0.015162128525539413,0.1434885713726189,26.359279725637904,0.0045162409961349535
108.83370068524098,1.748630285707057,0.0719198072136796,0.045804878829092545,0.1911030322730375,12.782510167970672,7.747539191104937
79.66635044781381,1.1721980942577777,0.04275536798745247,0.041088685691334184,0.2786399509300431,3.306660191636815,23.204861513941605
108.55909924632019,0.5621883599169182,0.04057366691265516,0.017781331735596716,0.27428784612326207,12.679013352954739,5.318831803326656
114.78355387448401,0.753040611137275,0.04145939400242151,0.01784333360159217,0.2861336180241374,18.359809099350258,5.258045544363208
117.58445857878175,0.18295791756760188,0.018912386834235417,0.029685826758734213,0.17747499498614383,17.764723561249056,0.04486392615674973
85.46020416742427,1.066579545156079,0.05901080135345106,0.04432748792434297,0.5179247969319227,12.085861944024478,27.257082605312856
79.99387507554127,1.5013258777416971,0.09310209051624391,0.009532651491481726,0.15674645758929628,0.2676692911412704,29.23786163744772
120.5881874597062,1.049639442784711,0.011833944562249454,0.04234905802745894,0.4931109015746613,35.0716257046423,11.825141870693672
84.17013078216478,1.220402084001666,0.006351746682293425,0.03373958249723717,0.4707623760926777,12.827344561092374,25.894470654810995
71.71100127008818,0.5474641321418181,0.014818991731769532,0.057789335771718034,0.38048134300298664,1.60114362390003,28.61172770182982
72.24578753328503,1.0585506046471682,0.08561760134773236,0.047681841331314125,0.42537791936008085,3.9778223195529097,33.120180105642454
73.0239391966928,1.374764203538215,0.02833388199104982,0.03541726250354497,0.30629499079918987,3.2149979770337604,29.035858552009056
88.03818276980886,0.6905322682876576,0.09743842477830655,0.00835012748437483,0.16621744265644633,0.5573079870815719,17.606830942771797
110.96970508533815,0.17667735337486382,0.07514210003383161,0.05597060297644889,0.32434199528318486,12.507107081935372,1.895595376107124
128.4444598493284,1.2852775735317379,0.03955606271781317,0.022839178278618873,0.45200296442519017,37.719531384171376,11.805428421517064
104.6295597556479,1.602691259548077,0.07907672309192004,0.042633581413490884,0.18238404021906318,9.117858367298318,9.151146963025706
95.75951017336837,0.2983068289584252,0.027635197491831257,0.03590503637146965,0.36980453841789984,5.979647978061718,9.97947665805857
80.2434063060519,1.5917191471218863,0.010628049340855573,0.03728490149897026,0.2990756682016329,6.673440598879696,23.258015696888307
70.83837066940778,0.6865391316987716,0.08259689020638278,0.015416449661025025,0.2424748821265616,0.1656116157653187,32.17356390787456
117.48854439077189,1.880745305467658,0.016721375307195818,0.009569915722690465,0.3466168317491961,29.060059255541947,13.047777464656807
127.94122219491737,0.13200657908573282,0.0875565838714145,0.05867157583255547,0.25623201324710465,27.94122219490653,0.014893032955552851
97.56124100387036,1.1912983505478039,0.05933036950157092,0.025511216604021347,0.4738858549701127,16.802457323666616,22.38803651991165
90.12002042382822,0.21741659070652924,0.013664906943414497,0.025539483136897786,0.2923054648716753,1.7036421072507435,11.355554676622445
119.90903729605216,0.9904763146436142,0.025419690765404658,0.03531797333482868,0.3381837710938027,26.745195864164085,6.358551210475502
113.35313449949484,0.216377603435224,0.01089419563911008,0.04469977376441439,0.3250857111385615,15.72079474152263,1.6835436888584232
83.92430775087072,1.4600875363139199,0.07700513386755631,0.026019280329097835,0.4312470550272717,9.392565330070882,30.18130467830878
84.08616856647589,0.3266883287704966,0.00809603270816847,0.025971135138598802,0.20724000743761462,0.3832198527145836,16.000416099084
74.84546032329747,0.7241623062197465,0.013144008381151219,0.0284768582014467,0.5789466908027106,7.369866871587952,31.50252575659726
78.46476061664393,1.047651529683789,0.03225702764232488,0.05296498247040823,0.5189234228244624,9.972141147595547,29.48194696656677
94.30189966405622,0.9368198697546035,0.09905879158489236,0.05804222761041923,0.44285394056974925,11.81112946695487,20.15343613682259
75.25238674954575,0.26520466094289225,0.03189988560554319,0.03237533689505773,0.5927005525645992,2.474091998843787,27.07494187321045
111.13202750497224,0.61992552523269,0.04922365426928893,0.02673574422877964,0.4815222929308379,20.96559369100326,11.228861559385033
120.05500943959478,0.24383814491979205,0.08194949237480854,0.05996124350065911,0.13434671154750094,20.055009439584595,0.008195802654609596
73.247170568543,1.188571105397058,0.03668337786746195,0.04431287806818969,0.4828403271808953,7.448553774048649,32.89343934137865
86.34970780940034,1.0195955730239281,0.014735550828355197,0.022965446057525925,0.50316210046051,12.685938304630403,25.505637160795274
127.02983390847524,1.0440555647337475,0.003171013261030005,0.047047866018663086,0.3876668272966064,37.34916022994463,6.105551750575638
108.9460366957004,1.645023756144928,0.08544884116741369,0.039916266150172776,0.41253531793449993,21.965466537694002,19.177639763345915
78.43930299789132,1.4488550989606253,0.06838188695018182,0.002193605488963621,0.5200892803001664,10.004164951827523,38.16335714078984
110.31577580836529,0.899436407466969,0.0724519256997526,0.024515656375321136,0.3973299644518562,18.858191236154664,12.42131808552279
124.01139179982712,1.4689416187884778,0.03596603342632415,0.03455553535813311,0.4236715680255879,35.22867597544415,12.14022826450239
78.5549846104372,1.7917448938262535,0.01147655669984437,0.037950204522060785,0.38224434273821795,10.15998531747602,27.91281988670914
102.52766001936436,0.7393204364342233,0.025666475245927012,0.0331828834511804,0.3106624882634405,12.126472451736003,9.157431247809546
126.24360830864683,1.8915203699160397,0.06629446571558525,0.021991936419565504,0.25376668460485713,27.603084935690887,7.917509349289904
119.37290981425286,1.9796567461396948,0.09374127689794597,0.002616823465482808,0.24106917770632047,19.966478653994542,13.540189933458562
105.26948343711484,0.602712072786979,0.041286503361787553,0.02312824469254979,0.5832046554887936,20.3135426735284,16.071514964017283
85.07905230898734,1.7468968782354384,0.09225292707291131,0.0127864387223241,0.16379058966407428,0.8815305106561105,26.058808495373256
128.27600181123154,1.0119088053628913,0.0029982864152283155,0.01236333440559042,0.2975628724185771,32.71588690599575,3.6018668194503984
129.7335736473953,1.2666136353512443,0.0650887032804292,0.03901899620816575,0.5684930266888276,42.35920109090728,16.467253202077107
105.30492331406178,1.0619069457691237,0.01953608057403029,0.012808478238652065,0.21552525779432224,11.469970592299576,6.8545475254356605
126.10670220683869,1.9304808600624774,0.05132428094495822,0.029486016589721428,0.41124830774621923,36.51913253564393,14.883612772133409
94.01137483056897,1.3073787872643519,0.05690153356551578,0.03451230864095431,0.4010517440855126,13.117856203431012,21.125457552516202
115.86529966619787,1.6487271383367221,0.08083266558784312,0.03810259655035584,0.42210564926098715,26.987332617913225,17.345638090503037
93.11451208766509,0.28691479310487267,0.08360721987925167,0.05055855749162241,0.5961808872222822,8.645676747106725,16.231873809163734
72.05357872134459,0.9842755659564133,0.026627080918204454,0.0005270206291504269,0.33892576966034693,2.1344122803525574,31.86684192079653
76.54588762255088,1.0830066324530245,0.0068076016591271556,0.03773768188069245,0.33284150388740175,4.372387685839021,25.494505089422926
113.54195730434182,0.7066588664286817,0.08200717485973624,0.05140727401966338,0.1498479162850907,13.629665904933537,1.4398274844935353
79.78882240109122,0.4985656338985265,0.06619178929427515,0.04797112841034777,0.18614777671448174,0.1694739249572614,20.622661923468346
88.070635863087,1.8142775262753683,0.08573471798571634,0.008475104194580953,0.2961805049964582,5.909588650836414,28.198569611077808
101.46023364716311,1.7388553901958232,0.020631227985933514,0.025175760909658073,0.5596142184870605,29.15732066283224,27.09628802087768
119.43381104403964,1.6733819582935308,0.035112574170888665,0.008534786664516856,0.570124408974775,38.9248881880688,23.835907060684647
97.96643316497669,0.16619613346710674,0.08347729490443746,0.027214991408413974,0.4568501809464953,5.9688441105195595,8.837345238177518
81.22425733914747,1.8893198956288955,0.04970544046013939,0.04207482762991385,0.5858586805429989,18.14597953698778,36.944336509562916
103.82442220371189,0.3064228758931302,0.09678165794964493,0.011809923721010392,0.4681406848095302,11.246776090234283,9.767292335012357
82.44775330012976,1.023979261810451,0.04907639441563499,0.058488157316015935,0.45163390514328594,8.975624064142954,25.300777006258613
114.12091974527937,0.7662479865672583,0.011626877464138027,0.01116829953962733,0.10022270195338304,14.30858687094594,0.2710146811814507
115.49605720830812,1.1090746447942599,0.052195959001666174,0.003279661539236426,0.11230171265662961,15.49605720830634,1.5883921646499561
116.6760636162352,0.9415595396153013,0.0152316089846025,0.012141781467993072,0.2364360261747992,20.011746096215408,3.7298671850335703
85.4393269545195,0.3656567542568734,0.0019481738179141584,0.046403600915739314,0.2335205544679208,1.0779507241152513,14.751731130996923
74.39674064079446,1.1123216102636437,0.04154098863778182,0.003423453589172251,0.2932522149153599,1.8429379481138957,30.37687011308616
111.31824113327107,0.7642512950922665,0.09387267536729585,0.028292884478979183,0.16056091713403509,11.401826583616172,3.2189026643565715
72.9342844670284,1.187012713350566,0.030101611329376707,0.013767210060400086,0.5722026967744446,9.515080653523547,37.48549347040382
116.22605977285616,0.30952821440722045,0.06790235423882038,0.00024091552318155664,0.37582787019215724,18.098173728190414,3.637884214483129
112.78459311884336,0.8734330841787037,0.08409680400329245,0.008065803518479672,0.4150923644660117,20.019711075974335,13.092955121170652
80.34477348289194,0.6771134171104013,0.07742553511670822,0.0017575661250921596,0.12844821502729495,0.01690266072549992,23.65545085828085
112.73980111131365,1.021559500255237,0.03361871646728614,0.0003296697687198055,0.47938457971219584,25.339295203532558,15.81557204861717
105.22500787516731,1.9375190855898126,0.009485710526567034,0.04805672780563438,0.2487893994845494,20.32518891910817,8.809086051963792
81.69777908371577,0.5208212555039419,0.012387330607433857,0.04085777151469034,0.5096139660703521,6.3374929733118615,23.38775859243002
86.02370992242837,0.6678922744903395,0.007567128559445723,0.05670481633853311,0.47737167666619473,9.342772233000554,20.651196410105683
83.8090869714201,1.1367333650056661,0.07913666312295498,0.0164230253884226,0.4407373090241373,7.991419490640118,29.157740663017158
109.31328255040795,0.9103046628623265,0.06917746096124441,0.02419576716989182,0.2821660650616413,14.223353206438572,8.4930269823807
79.27230959463495,0.16506336454003043,0.08745399384269513,0.044475059749706426,0.17167697109080038,0.00046862976206344986,21.132835008968296
128.77367038776754,0.6612138288413693,0.05423400748053379,0.024918663901477466,0.30480854294318954,29.642378559563564,2.532870906382687
116.01766684452657,1.2298476975658137,0.03567591719703988,0.03461520117277534,0.2950851029435413,22.692842246853104,7.209576227556171
93.3802431557537,1.729416690245316,0.02998283534045143,0.04648104968928926,0.22553309333081745,8.963873027572609,13.221728621190032
102.11350693514649,1.2842625071367255,0.022757588537794308,0.021600664805952942,0.1727014018343846,8.716509255530475,6.768426452511901
108.29191581730055,0.9816119092899422,0.012485144782530528,0.018746429955063947,0.3037995939556466,17.169030810440425,8.411101794964313
128.3968093343006,0.7267192021790515,0.022372163984271436,0.05683192726025748,0.5706821663283906,39.79159737007009,9.533641636295256
118.76017609893022,1.8715968145011794,0.07448605140092818,0.00258368917077347,0.5182868302652046,33.22177851764365,26.23951516310668
99.26652292609191,0.22003772918162684,0.026044794785306177,0.02803139913246409,0.3996292182936473,7.064073840708488,7.7553885440816455
83.3513028628255,1.498519374426349,0.08452765188828158,0.053067009734249784,0.3538238500351658,6.994554479817533,25.801582476917822
73.50581949375287,0.6389443643463094,0.06486377199598438,0.023574057214665427,0.4558121737328146,2.969902100814735,30.910901525975998
82.89276134936581,0.36908147343328546,0.048370806427838295,0.01726599433830824,0.3615911882699667,1.971691120328524,19.893968462636305
79.85999729092774,1.9645003335603217,0.043244783944793384,0.03665288510825742,0.31029709432010455,6.649983835961446,26.734438716984027
96.87748435030721,1.3848405737666307,0.012440148351923842,0.04388792699853802,0.5540208962320096,24.76178513234677,24.283654727292866
96.0017183818507,1.051994249051734,0.025049044851715004,0.0179356554504503,0.5281239356913573,18.34753983948271,22.90104567218234
75.37510620255696,0.8950590804226227,0.08586241655090551,0.039671599806446974,0.5909485268573259,8.03222056663808,34.62967231762574
110.15504398616866,0.4433600411266426,0.04373241015693507,0.05781592569043055,0.34435084206808664,15.609527206657202,5.058422372991716
113.62559787490022,1.393865675753715,0.09842028108910167,0.03018731321221367,0.17084078267076425,13.756522917797513,6.3386794196726335
71.72731588598668,1.9268558828239786,0.016012770039233813,0.03424050639345489,0.5372098908416879,13.458506145840003,38.714540566685386
92.01011634948257,1.961236472881671,0.07175555968218526,0.014170405043806681,0.5374167562276846,19.488923730350137,35.494400676844165
86.60457019402821,1.5384908592113675,0.036756434576259205,0.049708788382736124,0.19346847709829434,4.019376786482975,15.684725942709523
128.4099529943931,0.8843313986241953,0.07823865836646739,0.037339651191071944,0.5528887167162766,37.04945528674265,12.487517347097194
100.23323854613841,1.8540033446200894,0.04913919086634001,0.023707641218303627,0.24534174688881813,11.08997048850929,14.626181130410062
85.35034087659139,1.3378841099558574,0.09696173978042855,0.00041212519801900804,0.26745201401779695,2.9461675378663723,27.50530787746804
77.65173005665609,0.15458630707198176,0.04389576870026251,0.02475728604868384,0.11124305818851771,1.3894040793309771e-09,22.49142406059803
103.93167124078366,1.9993741721378977,0.08489676320115869,0.04837613678178478,0.1482057902423385,7.477404077966316,9.084319393132688
90.52904417899649,1.5810835224803979,0.04488571337252046,0.029731387593038602,0.19203654733278192,4.336919916300577,15.293832124695685
84.77618428882226,0.9474417085473037,0.01612538715437396,0.04817472164093625,0.430761024484688,9.59071962618814,22.30181881480169
79.50091118356183,1.0002349360438212,0.017629997503152594,0.0011454100927883717,0.15836362530964407,0.36720847712989974,22.1363831741203
108.86572830349866,0.9256441044759106,0.008428240723988971,0.05590416029634479,0.5866347006183997,29.656966164938332,16.99582295766558
110.85740630596008,0.8149853945458568,0.08992178686089113,0.006336094473241606,0.5101442136753809,21.52259545942441,16.72710856961507
122.44905549507834,0.9735420114221993,0.09145008269842242,0.037241951204521166,0.2501462608257391,22.920221793321183,4.259754037269624
80.59891440164463,1.948293765200125,0.09778688279593874,0.04832855854729417,0.37009827919094807,7.241637827702918,31.230098317478433
111.76124745102948,0.9626435995513135,0.03504837262502295,0.02580934201675106,0.5262277149714067,26.895340448211314,16.131627622903416
73.69483208244682,1.101176188292391,0.03026303043229192,0.010119792730006585,0.4366474119951351,5.341091946617442,32.90051020882946
83.99488231809873,0.47714030684429287,0.013939536318450498,0.039739254692986135,0.5894010360870531,8.429505445148854,23.347821834630516
94.72646752991571,1.8508690720751186,0.09524057432503863,0.03636544562424635,0.5780859834155597,21.680569098487418,34.166123550044574
85.7702739422638,0.26099133918559025,0.03242675576850282,9.885702280151292e-05,0.590036612480801,5.175253676099026,20.103681524975777
102.22182153087343,1.1959053437850302,0.08239641024263701,0.03419994840222174,0.12349056917013189,4.497028585761201,6.935358394746642
111.11705552424735,1.0145630455162928,0.09499963325506401,0.036451274014540055,0.2732522051014046,14.824747529240927,8.675339119932675
113.88129791978912,1.9437833805758713,0.019798181104915744,0.04683892256938365,0.1964822088760918,22.407803532023866,4.386297304662258
122.40053152083874,1.4540922868556088,0.004777515135180716,0.025860691854032444,0.3492998480647341,33.446917221015624,8.341764775842758
87.45911292576034,1.6800403779745388,0.04258326255562592,0.014295515422563394,0.25770010241610125,5.703119639760515,21.66932697546493
94.47996178666307,1.6108433505525432,0.02171933869577841,0.04767504455187864,0.1526112995957543,6.426063037273024,8.643740450012011
127.89496349818539,1.7034699204391426,0.008950764559398618,0.033004519096377666,0.29969113742527387,37.11920448629559,5.841312874061587
72.65359296742722,1.7464166312131975,0.06979431356163068,0.008110719001847719,0.5436793476047383,9.911628989047726,43.679748075124806
73.36150619192998,0.24138290274703675,0.004244947230593497,0.04757959957670964,0.42690277063617754,0.6141916866267997,26.761799639436006
87.56081350193378,1.201719786239302,0.016508723821187815,0.013502825164971992,0.4819583119923062,13.587668873826424,26.15637731087518
120.3046870069292,0.3598481410878709,0.028790642599902883,0.02089663912196695,0.53253112095398,26.02811544836096,6.1100952485398015
125.5131785309553,0.12531770752503102,0.09951511044643402,0.02455752684157208,0.31687441050956777,25.51317853095415,0.1229182871619847
122.84759160577201,1.5975550653362216,0.05587017441921989,0.04846291938330652,0.13076406620046938,22.872270185142344,0.9977344208020871
103.05338633111592,0.3188584080159995,0.028313094499651154,0.04593880681866409,0.5560677808936647,14.393959301352863,10.862616836044637
96.98152749062149,0.47464486072084433,0.0006671022873146421,0.05451537684774585,0.41668137036416963,10.849705867913563,11.621799502063086
109.72763814846277,0.7816707348755434,0.07714700549446057,0.04703167316234781,0.4241224725408682,19.152054181035616,11.65046419788979
81.72973000750196,1.8571887979966715,0.044448562308630396,0.035872755224489454,0.35022395900536185,8.53719001192411,27.081070901843717
75.1808062207849,1.521739877720386,0.061677536642512056,0.04240923863089181,0.5884412831581112,12.650240579095058,38.20834866799141
111.66946042828229,1.2659934180346823,0.08477763760839147,0.057390602872817977,0.31866325154653885,18.898712933705692,10.42694505744431
77.26642152117718,0.9762089193942279,0.09476187317820221,0.03039750792918865,0.25990982680109664,1.1374969398970716,27.706894342234683
107.71820922040047,0.622320870654283,0.08129545402942878,0.0017065007990770208,0.35061755513318815,13.298640284952569,9.916224666230777
74.28168320668925,1.4001264362333077,0.09468805910889522,0.009938746049869222,0.28373115558411793,1.5298427876203387,34.93668360674972
79.20414479801808,0.464315233311443,0.06408733164585129,0.008390804500618144,0.3507827149842794,1.504424308680477,24.205634581318673
76.38403377480094,1.4312580766407583,0.09573629814210516,0.02480526233817845,0.218903054483218,0.8260415204657717,30.647302960303108
77.68008970743068,1.1534649716122285,0.06223607705423606,0.030805949638953025,0.509231801216224,8.682341452989673,32.78326172943505
124.3019783886245,1.8686902562549772,0.09959130216301518,0.014623105985252332,0.5365635300208795,36.5018547937753,25.837701891009825
92.93292902776541,1.519761105439257,0.03611781790139327,0.0189715449518499,0.5339479252100919,19.89809033095805,28.806141736919905
94.6631192295104,0.7856303510853493,0.05254896877437133,0.051916204752853135,0.1273826681301935,2.131367608922678,7.369613738122675
111.9310411079548,0.24523689352098846,0.004349079809844651,0.04137086804538637,0.5457997029244972,18.866261187858598,6.078469681878757
106.17766075306376,1.2365360422473939,0.07880004933988631,0.032296857910027364,0.30073042737607925,13.997912468693656,12.658208922348614
122.81022905130737,0.17238264269075715,0.05693636500924107,0.04699227667170156,0.264611513454535,22.83120718931262,0.1497312308729942
88.61654592686341,0.2083642262536771,0.09636195182047207,0.057288078290620575,0.5230227618399835,4.11891558772496,16.048708443204127
106.58330336699206,0.4828906186489781,0.03178688005414391,0.046858617922025815,0.16199273174073983,9.023025464581698,1.8505195785685744
87.13984997731467,1.0075092404851078,0.07068430364428145,0.0068540206083917195,0.20854720108856473,1.8217092346766377,19.830422353105362
87.51977076397148,0.552053717893411,0.05026846262309884,0.0020431066736673878,0.39889163561230623,5.146094109413781,19.812387815512356
121.42964588240304,1.0089138726946592,0.02735400399802586,0.002745726893093681,0.28597756871742297,24.50610721920419,5.320758287120863
98.70388819630222,0.20986992060699017,0.07604500466591926,0.05543348171016851,0.3647803866435181,5.749252914605898,7.4129102182309055
115.21893476267019,1.7133902400514258,0.005429742501246251,0.05362029168611331,0.469401341714478,37.82299602901859,15.610535719972418
97.60176062922639,1.548901150688627,0.030274405768072804,0.043691808122468596,0.17543581548490073,7.9532348602089575,8.636785469708348
96.1850279641143,0.6290310496190777,0.04499962403434517,0.05784071180501451,0.21713116472254232,5.16038931835747,8.245451093600483
86.58390685504304,1.8169112261589364,0.03553063153106025,0.053513053961788334,0.5407922133583456,20.109149504659374,30.67965569241767
99.69942953081265,0.133203038557625,0.09542275048730366,0.05001594257296082,0.3960615780985649,5.311532342150254,6.1577877156131064
118.47726947577792,1.2036582100578537,0.0419522939524474,0.013268993458012798,0.10293478345450421,18.477269475779792,0.671994639338648
101.59144590098177,0.9357490215729861,0.0011650811872730936,0.018714574947545366,0.28311357137952686,12.559844057207577,9.4695696603081
103.19579686964204,0.9169659397889403,0.03397871398383694,0.014232325611050678,0.45967044598152995,18.227572775694856,16.654522748955777
115.66788014797531,1.5158520521577012,0.09238688201176673,0.04674504588380786,0.17413138370155615,16.02486336965947,5.08878369319864
75.20872218899815,1.0064715367528587,0.05889160193466382,0.048100717604068824,0.5567178348845822,8.596862119389904,33.30340840711075
103.65723832891366,0.853299470548953,0.020953094182854785,0.05284719742047908,0.46551151978107863,20.10078700368939,14.161218922678904
117.80051211044471,0.9336198106196909,0.0255202030220223,0.03936852976511375,0.5964663495852167,34.488699183871326,15.892178477643746
108.6986075480877,0.3590156777903325,0.08514310592381451,0.05117556508844386,0.4978207646716488,16.292185489611253,8.789700250599774
95.19804560372968,1.1456988163649726,0.0046727972291969655,0.008651530530826216,0.5056496820073146,18.575356852839672,22.95721761793131
115.68464030871397,0.8779528881862556,0.06929688771922869,0.01315910378139271,0.20181252346065542,16.084013618277584,3.8114890911683843
91.23781643800294,1.8450608533177926,0.05295807269207316,0.010883483476644713,0.4518807347875802,15.711845493781764,30.223488125559932
112.24559904868465,1.3211700760534928,0.00019859707463617908,0.0213904228864899,0.3587633792335908,25.619548649186473,10.780247213130059
103.60972627827681,1.367436271989725,0.062156216359148475,0.012895513655305519,0.11908674167946631,5.222938496963007,7.049315865962998
79.0912536628902,1.888424563655879,0.01638944998793733,0.05111469091410962,0.2720225066433858,6.584500236765375,23.036113330497162
87.32345829406589,0.29405661112517717,0.09599221876262161,0.024137029141203217,0.10127092312463672,0.003359779280304961,14.402903781948742
125.90526464249766,1.897061684382926,0.030011404601234172,0.04579422194401923,0.43411794027713,41.01354776635593,13.684107363737393
89.36064421344895,1.8939963975278786,0.050194717767399546,0.0140036860199215,0.4474523067741034,15.081336216730532,30.565002623370496
128.74174756081578,1.5773643895271814,0.09154139704463515,0.038220914910883384,0.18448955950572926,28.741747560807966,3.223591718137565
78.78190210403127,1.77950805085999,0.08901419532487152,0.012434943530254325,0.19486847666323726,0.8361916045947966,31.271695999356993
105.46452708617569,0.18071194833002346,0.021039832858273707,0.0206552796355847,0.3118962042292641,8.563691428941455,3.1211543371516552
105.07309952249207,1.4820988011533576,0.04720194449000953,0.014701656647044946,0.33855766009588517,16.823823563350402,15.920446848273965
77.95810071688886,1.2602199880485607,0.06157380786695698,0.03744279031926796,0.4044230971521995,6.259634270781868,29.52281211432281
120.74602922324517,1.5605071411947693,0.07203808280644962,0.024108928290241013,0.17452454891842523,20.746029223252194,4.236896673301559
74.35153827092064,0.136878190891079,0.09910925511263884,0.04677368124142022,0.5005369842670576,0.33522043407454716,26.345941106318687
82.28393074328145,0.6071196510478268,0.04183411654064792,0.044114714281232745,0.1006993611123826,0.01530584013051057,17.716069256720274
78.33812732526913,0.24657226623424885,0.02067480487387889,0.041877822382904224,0.3685619743608901,0.7206766361613732,22.026184268369377
85.21852686395191,0.15403623517434517,0.020034884382974745,0.00918942734990676,0.29595663896968905,0.39973603951344977,15.301820589957499
102.63852583445532,0.9890003143511111,0.06766980356573168,0.04065698387466653,0.17117034662490738,6.927503241573294,6.5471722073991145
78.82462704642776,0.31063600114842105,0.08445724936827294,0.047468954805293895,0.11478136596011208,6.165043095096196e-05,21.752804206170442
87.7408374254166,1.5126245494506518,0.03767352601040289,0.04200706509634518,0.3229385974285798,9.167800718404727,20.522045999211613
91.19634119057892,1.185318708572643,0.014147764620559986,0.00028344675642029155,0.4280248503774321,12.882478508439977,23.07594006579569
82.54807136842518,1.1984022342545162,0.06389758429766519,0.03740708832606607,0.3928172117192067,7.154661267919376,26.20893800404977
75.35416427120883,0.7496996552353072,0.09086951872338606,0.03614296789774273,0.5652164931183675,6.216562865599945,33.02488677549183
125.74574787660927,1.7677200164121312,0.03693700021147372,0.03299749181650387,0.5679603129042059,45.18046751593893,20.961196554169693
127.64841393938073,0.8669040813109691,0.015858097549469274,0.018158621594528863,0.12392525521724027,27.683207976235195,0.07581887995888333
123.06956757049159,1.780848663495872,0.002852260630777521,0.04273046724252189,0.358048188770121,38.46350091966658,9.070693815799293
109.3640705668092,0.13877277555865153,0.04771203908493976,0.006600005566071685,0.3747435531830261,11.299298872495287,2.448384368785461
117.8985059167637,1.6766772895185933,0.06284524630314099,0.017139385426046826,0.2988193056934031,22.818721243802315,11.51951805500818
84.75945285422905,0.6168514265586561,0.029294959583509896,0.018576433670223633,0.20292950962208206,1.0391426858485011,16.65212258791561
96.44940051284794,0.12566613160788367,0.09732698946843968,0.041936200225109604,0.2827806020848901,2.1775657729116844,6.3460572696092745
87.08657727301704,1.475338951173371,0.009408157680212907,0.041501540757131694,0.4446344921268981,15.325829790518737,24.38185903147901
118.43577515113958,1.2384827810253474,0.051381149952934316,0.009380143767821607,0.2694170829340852,21.3120305930073,7.30018996551769
118.99253096391922,0.43060930772696726,0.06085589853788198,0.013856024881291113,0.34035701985470956,20.737042493829687,3.484471494636852
112.36669970308492,1.3012460070112268,0.08981896713354727,0.011714631774931785,0.5386634456487466,26.785744888091646,23.205589666823542
97.42263404862558,0.9320866093599713,0.030776149829205814,0.05603105028825721,0.46102788442587306,16.584838293515062,17.199161194098703
72.32479776003967,0.42956267239186074,0.09815240371343908,0.0019938371228358388,0.512650544191267,1.9954272712019265,32.52585082524087
106.09384448568582,1.6014531396929117,0.040708705047683036,0.04926109253334258,0.361170283537254,21.29805176468724,14.392966880428864
102.03040287469014,0.8279353889582504,0.049772107363022434,0.03445587283880353,0.27801472693132756,10.390257317696387,9.467486136083865
121.21846061561925,1.8078071923812453,0.028546199926506966,0.03223545967514766,0.30878229177748207,29.923298570691298,8.847982182937589
93.66071557118983,1.7928082541398196,0.04179743887094873,0.046603751370538106,0.27168240528347487,10.65132828727547,16.07605781119619
127.31986072305261,1.9351304639834142,0.010454653721752737,0.05672874781930881,0.5814673066469627,53.87304794627142,19.524719699387884
87.63290665346813,0.8817689701232627,0.02084310167521295,0.04386156572494828,0.1672042311315598,1.9982806969831295,12.983386446395945
121.33914479174234,0.2399918195394836,0.07631502773315584,0.053263017758500245,0.5873638876167152,25.44443814440455,4.7999950585369
114.85988423454083,0.8132392438801317,0.02782999153014547,0.029849247308269433,0.4345688028967801,24.79142340220519,10.021453285321869
84.64838346039822,1.5322651926235524,0.053065363335223804,0.0027135708422728923,0.23999278237498933,3.2529808788011567,24.561638426089534
113.16211749432435,0.6839333624408042,0.018082517982425366,0.05267567487344993,0.5340336848465558,26.8407477636927,11.698135073291967
124.81024895266935,0.5315124902804906,0.0905665148058794,0.04549352962634951,0.4396586498414423,28.05244396545877,5.6279145586537425
